username,datetime,message
025Parag,5083,SKILLS ISSUE
025Parag,2023-07-26T03:12:07Z,- 025Parag opened issue: [5083](https://github.com/hackforla/website/issues/5083) at 2023-07-25 08:12 PM PDT
025Parag,2023-07-26T04:04:18Z,- 025Parag assigned to issue: [5083](https://github.com/hackforla/website/issues/5083) at 2023-07-25 09:04 PM PDT
1anya1,2784,SKILLS ISSUE
1anya1,2022-02-16T03:52:37Z,- 1anya1 opened issue: [2784](https://github.com/hackforla/website/issues/2784) at 2022-02-15 07:52 PM PST
1anya1,2022-02-16T03:53:29Z,- 1anya1 assigned to issue: [2784](https://github.com/hackforla/website/issues/2784#issuecomment-1041075531) at 2022-02-15 07:53 PM PST
1anya1,2022-02-22T05:58:29Z,- 1anya1 assigned to issue: [2426](https://github.com/hackforla/website/issues/2426#event-6107553795) at 2022-02-21 09:58 PM PST
1anya1,2022-02-22T18:20:09Z,- 1anya1 commented on issue: [2426](https://github.com/hackforla/website/issues/2426#issuecomment-1048082507) at 2022-02-22 10:20 AM PST
1anya1,2022-02-22T19:08:58Z,- 1anya1 opened pull request: [2841](https://github.com/hackforla/website/pull/2841) at 2022-02-22 11:08 AM PST
1anya1,2022-02-23T18:19:13Z,- 1anya1 commented on issue: [2784](https://github.com/hackforla/website/issues/2784#issuecomment-1049074923) at 2022-02-23 10:19 AM PST
1anya1,2022-02-23T18:19:13Z,- 1anya1 closed issue as completed: [2784](https://github.com/hackforla/website/issues/2784#event-6127071683) at 2022-02-23 10:19 AM PST
1anya1,2022-02-23T18:27:53Z,- 1anya1 commented on pull request: [2841](https://github.com/hackforla/website/pull/2841#issuecomment-1049083029) at 2022-02-23 10:27 AM PST
1anya1,2022-02-23T18:35:52Z,- 1anya1 opened issue: [2876](https://github.com/hackforla/website/issues/2876) at 2022-02-23 10:35 AM PST
1anya1,2022-02-23T18:41:15Z,- 1anya1 opened issue: [2877](https://github.com/hackforla/website/issues/2877) at 2022-02-23 10:41 AM PST
1anya1,2022-02-23T18:45:17Z,- 1anya1 opened issue: [2878](https://github.com/hackforla/website/issues/2878) at 2022-02-23 10:45 AM PST
1anya1,2022-02-23T21:59:48Z,- 1anya1 pull request merged: [2841](https://github.com/hackforla/website/pull/2841#event-6128245660) at 2022-02-23 01:59 PM PST
1anya1,2022-02-23T22:26:24Z,- 1anya1 pull request merged: [2841](https://github.com/hackforla/website/pull/2841#event-6128369632) at 2022-02-23 02:26 PM PST
1anya1,2022-02-24T22:53:47Z,- 1anya1 assigned to issue: [2639](https://github.com/hackforla/website/issues/2639#issuecomment-1002020330) at 2022-02-24 02:53 PM PST
1anya1,2022-02-24T22:55:19Z,- 1anya1 commented on issue: [2639](https://github.com/hackforla/website/issues/2639#issuecomment-1050341886) at 2022-02-24 02:55 PM PST
1anya1,2022-02-24T23:38:39Z,- 1anya1 commented on issue: [2639](https://github.com/hackforla/website/issues/2639#issuecomment-1050366365) at 2022-02-24 03:38 PM PST
1anya1,2022-02-25T01:01:30Z,- 1anya1 commented on issue: [2639](https://github.com/hackforla/website/issues/2639#issuecomment-1050413909) at 2022-02-24 05:01 PM PST
1anya1,2022-02-25T07:17:48Z,- 1anya1 assigned to issue: [2715](https://github.com/hackforla/website/issues/2715#issuecomment-1050317245) at 2022-02-24 11:17 PM PST
1anya1,2022-02-25T07:18:51Z,- 1anya1 unassigned from issue: [2715](https://github.com/hackforla/website/issues/2715#issuecomment-1050317245) at 2022-02-24 11:18 PM PST
1anya1,2022-02-25T07:22:08Z,- 1anya1 assigned to issue: [2083](https://github.com/hackforla/website/issues/2083) at 2022-02-24 11:22 PM PST
1anya1,2022-02-25T07:28:24Z,- 1anya1 commented on issue: [2083](https://github.com/hackforla/website/issues/2083#issuecomment-1050603361) at 2022-02-24 11:28 PM PST
1anya1,2022-02-25T20:32:19Z,- 1anya1 commented on issue: [2083](https://github.com/hackforla/website/issues/2083#issuecomment-1051235922) at 2022-02-25 12:32 PM PST
1anya1,2022-02-25T21:45:06Z,- 1anya1 opened pull request: [2889](https://github.com/hackforla/website/pull/2889) at 2022-02-25 01:45 PM PST
1anya1,2022-02-25T21:56:22Z,- 1anya1 submitted pull request review: [2884](https://github.com/hackforla/website/pull/2884#pullrequestreview-894269644) at 2022-02-25 01:56 PM PST
1anya1,2022-02-25T23:55:47Z,- 1anya1 commented on issue: [2784](https://github.com/hackforla/website/issues/2784#issuecomment-1051380146) at 2022-02-25 03:55 PM PST
1anya1,2022-02-25T23:56:18Z,- 1anya1 commented on issue: [2083](https://github.com/hackforla/website/issues/2083#issuecomment-1051380386) at 2022-02-25 03:56 PM PST
1anya1,2022-02-26T01:28:24Z,- 1anya1 commented on issue: [2784](https://github.com/hackforla/website/issues/2784#issuecomment-1051421443) at 2022-02-25 05:28 PM PST
1anya1,2022-02-26T01:35:54Z,- 1anya1 commented on issue: [2784](https://github.com/hackforla/website/issues/2784#issuecomment-1051425915) at 2022-02-25 05:35 PM PST
1anya1,2022-02-26T01:35:55Z,- 1anya1 closed issue as completed: [2784](https://github.com/hackforla/website/issues/2784#event-6142719763) at 2022-02-25 05:35 PM PST
1anya1,2022-02-28T22:00:39Z,- 1anya1 pull request merged: [2889](https://github.com/hackforla/website/pull/2889#event-6157786966) at 2022-02-28 02:00 PM PST
1anya1,2022-03-10T22:09:47Z,- 1anya1 opened pull request: [2959](https://github.com/hackforla/website/pull/2959) at 2022-03-10 02:09 PM PST
1anya1,2022-03-11T21:28:30Z,- 1anya1 commented on pull request: [2959](https://github.com/hackforla/website/pull/2959#issuecomment-1065544117) at 2022-03-11 01:28 PM PST
1anya1,2022-03-11T21:28:30Z,- 1anya1 pull request closed w/o merging: [2959](https://github.com/hackforla/website/pull/2959#event-6227799041) at 2022-03-11 01:28 PM PST
1anya1,2022-03-11T21:36:30Z,- 1anya1 reopened pull request: [2959](https://github.com/hackforla/website/pull/2959#event-6227799041) at 2022-03-11 01:36 PM PST
1anya1,2022-03-11T21:37:58Z,- 1anya1 pull request closed w/o merging: [2959](https://github.com/hackforla/website/pull/2959#event-6227836609) at 2022-03-11 01:37 PM PST
1anya1,2022-03-11T21:48:43Z,- 1anya1 opened pull request: [2968](https://github.com/hackforla/website/pull/2968) at 2022-03-11 01:48 PM PST
1anya1,2022-03-11T21:51:23Z,- 1anya1 commented on pull request: [2968](https://github.com/hackforla/website/pull/2968#issuecomment-1065563988) at 2022-03-11 01:51 PM PST
1anya1,2022-03-11T22:03:27Z,- 1anya1 commented on pull request: [2959](https://github.com/hackforla/website/pull/2959#issuecomment-1065574348) at 2022-03-11 02:03 PM PST
1anya1,2022-03-11T22:58:04Z,- 1anya1 opened pull request: [2969](https://github.com/hackforla/website/pull/2969) at 2022-03-11 02:58 PM PST
1anya1,2022-03-11T23:12:31Z,- 1anya1 pull request closed w/o merging: [2968](https://github.com/hackforla/website/pull/2968#event-6228290847) at 2022-03-11 03:12 PM PST
1anya1,2022-03-11T23:17:57Z,- 1anya1 commented on pull request: [2969](https://github.com/hackforla/website/pull/2969#issuecomment-1065630947) at 2022-03-11 03:17 PM PST
1anya1,2022-03-15T05:06:43Z,- 1anya1 commented on pull request: [2969](https://github.com/hackforla/website/pull/2969#issuecomment-1067568474) at 2022-03-14 10:06 PM PDT
1anya1,2022-03-16T15:17:40Z,- 1anya1 pull request merged: [2969](https://github.com/hackforla/website/pull/2969#event-6251823726) at 2022-03-16 08:17 AM PDT
1anya1,2022-03-16T18:41:05Z,- 1anya1 assigned to issue: [2173](https://github.com/hackforla/website/issues/2173#issuecomment-1059945856) at 2022-03-16 11:41 AM PDT
1anya1,2022-03-16T18:42:49Z,- 1anya1 commented on issue: [2173](https://github.com/hackforla/website/issues/2173#issuecomment-1069455089) at 2022-03-16 11:42 AM PDT
1anya1,2022-03-24T21:07:58Z,- 1anya1 commented on issue: [2173](https://github.com/hackforla/website/issues/2173#issuecomment-1078307752) at 2022-03-24 02:07 PM PDT
1anya1,2022-03-24T21:09:59Z,- 1anya1 assigned to issue: [2961](https://github.com/hackforla/website/issues/2961#issuecomment-1064702747) at 2022-03-24 02:09 PM PDT
1anya1,2022-03-24T21:11:35Z,- 1anya1 commented on issue: [2961](https://github.com/hackforla/website/issues/2961#issuecomment-1078325146) at 2022-03-24 02:11 PM PDT
1anya1,2022-03-25T00:17:12Z,- 1anya1 unassigned from issue: [2961](https://github.com/hackforla/website/issues/2961#issuecomment-1078521786) at 2022-03-24 05:17 PM PDT
1anya1,2022-03-25T00:51:57Z,- 1anya1 closed issue by PR 2373: [2317](https://github.com/hackforla/website/issues/2317#event-6303840807) at 2022-03-24 05:51 PM PDT
1anya1,2022-03-28T22:10:08Z,- 1anya1 commented on pull request: [3020](https://github.com/hackforla/website/pull/3020#issuecomment-1081203183) at 2022-03-28 03:10 PM PDT
1anya1,2022-04-19T16:05:37Z,- 1anya1 commented on issue: [2173](https://github.com/hackforla/website/issues/2173#issuecomment-1102830499) at 2022-04-19 09:05 AM PDT
1bhavyasingh1,2023-04-14T09:29:39Z,- 1bhavyasingh1 commented on issue: [4514](https://github.com/hackforla/website/issues/4514#issuecomment-1508224290) at 2023-04-14 02:29 AM PDT
1bhavyasingh1,2023-04-14T09:32:21Z,- 1bhavyasingh1 opened pull request: [4515](https://github.com/hackforla/website/pull/4515) at 2023-04-14 02:32 AM PDT
1bhavyasingh1,2023-04-16T07:14:40Z,- 1bhavyasingh1 pull request closed w/o merging: [4515](https://github.com/hackforla/website/pull/4515#event-9015919244) at 2023-04-16 12:14 AM PDT
1x55,5359,SKILLS ISSUE
1x55,2023-08-30T04:06:42Z,- 1x55 opened issue: [5359](https://github.com/hackforla/website/issues/5359) at 2023-08-29 09:06 PM PDT
1x55,2023-08-30T04:08:55Z,- 1x55 assigned to issue: [5359](https://github.com/hackforla/website/issues/5359#issuecomment-1698456551) at 2023-08-29 09:08 PM PDT
5AIPAVAN,2024-10-11T17:10:05Z,- 5AIPAVAN commented on issue: [7585](https://github.com/hackforla/website/issues/7585#issuecomment-2407817637) at 2024-10-11 10:10 AM PDT
5amlim,4977,SKILLS ISSUE
5amlim,2023-07-18T01:55:57Z,- 5amlim opened issue: [4977](https://github.com/hackforla/website/issues/4977) at 2023-07-17 06:55 PM PDT
5amlim,2023-07-18T02:32:31Z,- 5amlim assigned to issue: [4977](https://github.com/hackforla/website/issues/4977) at 2023-07-17 07:32 PM PDT
7kram,2022-09-03T20:59:11Z,- 7kram commented on issue: [3223](https://github.com/hackforla/website/issues/3223#issuecomment-1236197698) at 2022-09-03 01:59 PM PDT
7kram,2022-09-03T21:52:57Z,- 7kram commented on issue: [3274](https://github.com/hackforla/website/issues/3274#issuecomment-1236203610) at 2022-09-03 02:52 PM PDT
7kram,2022-09-04T00:33:38Z,- 7kram commented on issue: [3354](https://github.com/hackforla/website/issues/3354#issuecomment-1236222938) at 2022-09-03 05:33 PM PDT
7kram,2022-09-04T00:43:17Z,- 7kram commented on issue: [3447](https://github.com/hackforla/website/issues/3447#issuecomment-1236224484) at 2022-09-03 05:43 PM PDT
7kram,2022-09-04T01:09:35Z,- 7kram commented on issue: [3489](https://github.com/hackforla/website/issues/3489#issuecomment-1236227094) at 2022-09-03 06:09 PM PDT
7kram,2022-09-08T07:18:00Z,- 7kram commented on issue: [3228](https://github.com/hackforla/website/issues/3228#issuecomment-1240323716) at 2022-09-08 12:18 AM PDT
7kram,2022-09-08T07:23:16Z,- 7kram commented on issue: [3522](https://github.com/hackforla/website/issues/3522#issuecomment-1240328862) at 2022-09-08 12:23 AM PDT
7kram,2022-09-08T07:24:36Z,- 7kram commented on issue: [3523](https://github.com/hackforla/website/issues/3523#issuecomment-1240330136) at 2022-09-08 12:24 AM PDT
7kram,2022-09-08T16:28:41Z,- 7kram commented on issue: [3524](https://github.com/hackforla/website/issues/3524#issuecomment-1240946700) at 2022-09-08 09:28 AM PDT
7kram,2022-09-08T16:29:39Z,- 7kram commented on issue: [3525](https://github.com/hackforla/website/issues/3525#issuecomment-1240947716) at 2022-09-08 09:29 AM PDT
7kram,2022-09-08T16:30:24Z,- 7kram commented on issue: [3526](https://github.com/hackforla/website/issues/3526#issuecomment-1240948542) at 2022-09-08 09:30 AM PDT
7kram,2022-09-08T16:31:01Z,- 7kram commented on issue: [3527](https://github.com/hackforla/website/issues/3527#issuecomment-1240949187) at 2022-09-08 09:31 AM PDT
7kram,2022-09-08T16:31:53Z,- 7kram commented on issue: [3528](https://github.com/hackforla/website/issues/3528#issuecomment-1240950121) at 2022-09-08 09:31 AM PDT
7kram,2022-09-08T16:32:45Z,- 7kram commented on issue: [3529](https://github.com/hackforla/website/issues/3529#issuecomment-1240951137) at 2022-09-08 09:32 AM PDT
7kram,2022-09-08T16:34:24Z,- 7kram commented on issue: [3448](https://github.com/hackforla/website/issues/3448#issuecomment-1240952965) at 2022-09-08 09:34 AM PDT
7kram,2022-09-08T16:35:01Z,- 7kram commented on issue: [3277](https://github.com/hackforla/website/issues/3277#issuecomment-1240953630) at 2022-09-08 09:35 AM PDT
7kram,2022-09-08T16:38:20Z,- 7kram commented on issue: [3440](https://github.com/hackforla/website/issues/3440#issuecomment-1240957241) at 2022-09-08 09:38 AM PDT
7kram,2022-09-08T16:39:24Z,- 7kram commented on pull request: [3450](https://github.com/hackforla/website/pull/3450#issuecomment-1240958394) at 2022-09-08 09:39 AM PDT
7kram,2022-09-08T19:57:41Z,- 7kram commented on issue: [3355](https://github.com/hackforla/website/issues/3355#issuecomment-1241169591) at 2022-09-08 12:57 PM PDT
7kram,2022-09-08T20:15:28Z,- 7kram commented on issue: [3523](https://github.com/hackforla/website/issues/3523#issuecomment-1241187286) at 2022-09-08 01:15 PM PDT
7kram,2022-09-08T21:23:46Z,- 7kram commented on issue: [3245](https://github.com/hackforla/website/issues/3245#issuecomment-1241248514) at 2022-09-08 02:23 PM PDT
7kram,2022-09-08T21:23:46Z,- 7kram closed issue as completed: [3245](https://github.com/hackforla/website/issues/3245#event-7351608564) at 2022-09-08 02:23 PM PDT
7kram,2022-09-08T21:53:22Z,- 7kram assigned to issue: [3530](https://github.com/hackforla/website/issues/3530#issuecomment-1241267822) at 2022-09-08 02:53 PM PDT
7kram,2022-09-11T04:07:47Z,- 7kram commented on issue: [3530](https://github.com/hackforla/website/issues/3530#issuecomment-1242881563) at 2022-09-10 09:07 PM PDT
7kram,2022-09-11T04:27:17Z,- 7kram commented on issue: [3530](https://github.com/hackforla/website/issues/3530#issuecomment-1242883440) at 2022-09-10 09:27 PM PDT
7kram,2022-09-11T04:44:35Z,- 7kram commented on issue: [3530](https://github.com/hackforla/website/issues/3530#issuecomment-1242885286) at 2022-09-10 09:44 PM PDT
7kram,2022-09-11T04:48:18Z,- 7kram commented on issue: [3530](https://github.com/hackforla/website/issues/3530#issuecomment-1242885661) at 2022-09-10 09:48 PM PDT
7kram,2022-09-11T15:56:49Z,- 7kram commented on issue: [3530](https://github.com/hackforla/website/issues/3530#issuecomment-1242993167) at 2022-09-11 08:56 AM PDT
7kram,2022-09-11T16:18:44Z,- 7kram commented on issue: [3530](https://github.com/hackforla/website/issues/3530#issuecomment-1242997074) at 2022-09-11 09:18 AM PDT
7kram,2022-09-11T19:01:19Z,- 7kram closed issue by PR 3457: [3023](https://github.com/hackforla/website/issues/3023#event-7362810549) at 2022-09-11 12:01 PM PDT
7kram,2022-09-12T03:56:32Z,- 7kram commented on issue: [3389](https://github.com/hackforla/website/issues/3389#issuecomment-1243187517) at 2022-09-11 08:56 PM PDT
7kram,2022-09-12T22:17:20Z,- 7kram opened issue: [3540](https://github.com/hackforla/website/issues/3540) at 2022-09-12 03:17 PM PDT
7kram,2022-09-12T22:17:21Z,- 7kram assigned to issue: [3540](https://github.com/hackforla/website/issues/3540) at 2022-09-12 03:17 PM PDT
7kram,2022-09-12T22:18:41Z,- 7kram commented on issue: [3540](https://github.com/hackforla/website/issues/3540#issuecomment-1244594704) at 2022-09-12 03:18 PM PDT
7kram,2022-09-18T17:35:07Z,- 7kram commented on issue: [3520](https://github.com/hackforla/website/issues/3520#issuecomment-1250353682) at 2022-09-18 10:35 AM PDT
7kram,2022-09-19T16:19:05Z,- 7kram unassigned from issue: [3540](https://github.com/hackforla/website/issues/3540#issuecomment-1244594704) at 2022-09-19 09:19 AM PDT
7kram,2022-09-25T16:36:31Z,- 7kram commented on issue: [3492](https://github.com/hackforla/website/issues/3492#issuecomment-1257230573) at 2022-09-25 09:36 AM PDT
7kram,2022-09-28T15:06:14Z,- 7kram commented on issue: [3099](https://github.com/hackforla/website/issues/3099#issuecomment-1261052962) at 2022-09-28 08:06 AM PDT
7kram,2022-09-28T15:20:25Z,- 7kram commented on issue: [3316](https://github.com/hackforla/website/issues/3316#issuecomment-1261073070) at 2022-09-28 08:20 AM PDT
7kram,2022-09-28T17:03:00Z,- 7kram commented on issue: [2569](https://github.com/hackforla/website/issues/2569#issuecomment-1261204054) at 2022-09-28 10:03 AM PDT
7kram,2022-10-02T17:15:34Z,- 7kram opened issue: [3596](https://github.com/hackforla/website/issues/3596) at 2022-10-02 10:15 AM PDT
7kram,2022-10-02T17:18:37Z,- 7kram commented on issue: [3596](https://github.com/hackforla/website/issues/3596#issuecomment-1264691932) at 2022-10-02 10:18 AM PDT
7kram,2022-10-03T16:03:29Z,- 7kram commented on issue: [2212](https://github.com/hackforla/website/issues/2212#issuecomment-1265685821) at 2022-10-03 09:03 AM PDT
7kram,2022-10-05T16:48:47Z,- 7kram closed issue as completed: [2615](https://github.com/hackforla/website/issues/2615#event-7526865825) at 2022-10-05 09:48 AM PDT
7kram,2022-10-09T06:10:52Z,- 7kram commented on issue: [2571](https://github.com/hackforla/website/issues/2571#issuecomment-1272465329) at 2022-10-08 11:10 PM PDT
7kram,2022-10-12T16:50:05Z,- 7kram assigned to issue: [2354](https://github.com/hackforla/website/issues/2354#issuecomment-1276460970) at 2022-10-12 09:50 AM PDT
7kram,2022-10-16T15:34:21Z,- 7kram commented on issue: [2354](https://github.com/hackforla/website/issues/2354#issuecomment-1279993306) at 2022-10-16 08:34 AM PDT
7kram,2022-10-16T16:35:12Z,- 7kram commented on issue: [3238](https://github.com/hackforla/website/issues/3238#issuecomment-1280004607) at 2022-10-16 09:35 AM PDT
7kram,2022-10-16T16:35:12Z,- 7kram reopened issue: [3238](https://github.com/hackforla/website/issues/3238#issuecomment-1280004607) at 2022-10-16 09:35 AM PDT
7kram,2022-10-16T16:38:06Z,- 7kram commented on issue: [2617](https://github.com/hackforla/website/issues/2617#issuecomment-1280005149) at 2022-10-16 09:38 AM PDT
7kram,2022-10-16T16:43:49Z,- 7kram commented on issue: [2612](https://github.com/hackforla/website/issues/2612#issuecomment-1280006194) at 2022-10-16 09:43 AM PDT
7kram,2022-10-16T17:21:20Z,- 7kram commented on issue: [2886](https://github.com/hackforla/website/issues/2886#issuecomment-1280013756) at 2022-10-16 10:21 AM PDT
7kram,2022-10-16T17:21:20Z,- 7kram reopened issue: [2886](https://github.com/hackforla/website/issues/2886#issuecomment-1280013756) at 2022-10-16 10:21 AM PDT
7kram,2022-10-16T18:16:46Z,- 7kram commented on issue: [1543](https://github.com/hackforla/website/issues/1543#issuecomment-1280024229) at 2022-10-16 11:16 AM PDT
7kram,2022-10-19T16:28:02Z,- 7kram commented on issue: [3553](https://github.com/hackforla/website/issues/3553#issuecomment-1284277336) at 2022-10-19 09:28 AM PDT
7kram,2022-10-19T16:29:31Z,- 7kram closed issue as completed: [3545](https://github.com/hackforla/website/issues/3545#event-7623479472) at 2022-10-19 09:29 AM PDT
7kram,2022-10-19T16:30:19Z,- 7kram commented on issue: [3545](https://github.com/hackforla/website/issues/3545#issuecomment-1284280035) at 2022-10-19 09:30 AM PDT
7kram,2022-10-24T16:13:49Z,- 7kram commented on issue: [3596](https://github.com/hackforla/website/issues/3596#issuecomment-1289271895) at 2022-10-24 09:13 AM PDT
7kram,2022-10-24T16:28:08Z,- 7kram commented on issue: [2292](https://github.com/hackforla/website/issues/2292#issuecomment-1289288765) at 2022-10-24 09:28 AM PDT
7kram,2022-10-24T16:41:30Z,- 7kram commented on issue: [3277](https://github.com/hackforla/website/issues/3277#issuecomment-1289305471) at 2022-10-24 09:41 AM PDT
7kram,2022-10-31T16:25:33Z,- 7kram commented on issue: [3532](https://github.com/hackforla/website/issues/3532#issuecomment-1297348592) at 2022-10-31 09:25 AM PDT
7kram,2022-11-02T05:29:12Z,- 7kram commented on issue: [2612](https://github.com/hackforla/website/issues/2612#issuecomment-1299594760) at 2022-11-01 10:29 PM PDT
7kram,2022-11-02T16:55:26Z,- 7kram commented on issue: [3547](https://github.com/hackforla/website/issues/3547#issuecomment-1300902354) at 2022-11-02 09:55 AM PDT
7kram,2022-11-06T17:56:50Z,- 7kram commented on issue: [1734](https://github.com/hackforla/website/issues/1734#issuecomment-1304856941) at 2022-11-06 09:56 AM PST
7kram,2022-11-06T18:47:55Z,- 7kram commented on issue: [2113](https://github.com/hackforla/website/issues/2113#issuecomment-1304867526) at 2022-11-06 10:47 AM PST
7kram,2022-11-06T19:38:47Z,- 7kram commented on issue: [2204](https://github.com/hackforla/website/issues/2204#issuecomment-1304876804) at 2022-11-06 11:38 AM PST
7kram,2022-11-09T18:08:18Z,- 7kram assigned to issue: [1734](https://github.com/hackforla/website/issues/1734#issuecomment-1304856941) at 2022-11-09 10:08 AM PST
7kram,2022-11-13T18:02:47Z,- 7kram commented on issue: [1734](https://github.com/hackforla/website/issues/1734#issuecomment-1312787520) at 2022-11-13 10:02 AM PST
7kram,2022-11-20T18:00:47Z,- 7kram commented on issue: [3109](https://github.com/hackforla/website/issues/3109#issuecomment-1321202216) at 2022-11-20 10:00 AM PST
7kram,2022-11-30T04:39:27Z,- 7kram commented on issue: [918](https://github.com/hackforla/website/issues/918#issuecomment-1331635220) at 2022-11-29 08:39 PM PST
7kram,2022-11-30T04:41:58Z,- 7kram commented on issue: [3142](https://github.com/hackforla/website/issues/3142#issuecomment-1331636349) at 2022-11-29 08:41 PM PST
7kram,2022-11-30T04:48:46Z,- 7kram commented on issue: [3724](https://github.com/hackforla/website/issues/3724#issuecomment-1331639562) at 2022-11-29 08:48 PM PST
7kram,2022-11-30T04:52:18Z,- 7kram commented on issue: [2435](https://github.com/hackforla/website/issues/2435#issuecomment-1331641197) at 2022-11-29 08:52 PM PST
7kram,2022-11-30T16:20:58Z,- 7kram commented on issue: [2908](https://github.com/hackforla/website/issues/2908#issuecomment-1332419118) at 2022-11-30 08:20 AM PST
7kram,2023-01-22T17:41:17Z,- 7kram commented on issue: [2704](https://github.com/hackforla/website/issues/2704#issuecomment-1399556634) at 2023-01-22 09:41 AM PST
7kram,2023-01-22T17:44:19Z,- 7kram closed issue as completed: [1742](https://github.com/hackforla/website/issues/1742#event-8329251695) at 2023-01-22 09:44 AM PST
7kram,2023-01-22T17:59:07Z,- 7kram commented on issue: [2698](https://github.com/hackforla/website/issues/2698#issuecomment-1399562198) at 2023-01-22 09:59 AM PST
8alpreet,7205,SKILLS ISSUE
8alpreet,2024-08-06T03:10:01Z,- 8alpreet opened issue: [7205](https://github.com/hackforla/website/issues/7205) at 2024-08-05 08:10 PM PDT
8alpreet,2024-08-06T03:10:02Z,- 8alpreet assigned to issue: [7205](https://github.com/hackforla/website/issues/7205) at 2024-08-05 08:10 PM PDT
8alpreet,2024-08-06T03:40:22Z,- 8alpreet commented on issue: [7205](https://github.com/hackforla/website/issues/7205#issuecomment-2270321680) at 2024-08-05 08:40 PM PDT
8alpreet,2024-08-06T03:43:24Z,- 8alpreet commented on issue: [7205](https://github.com/hackforla/website/issues/7205#issuecomment-2270323661) at 2024-08-05 08:43 PM PDT
8alpreet,2024-08-06T18:33:02Z,- 8alpreet commented on issue: [7205](https://github.com/hackforla/website/issues/7205#issuecomment-2271904427) at 2024-08-06 11:33 AM PDT
8alpreet,2024-08-06T18:42:04Z,- 8alpreet assigned to issue: [7138](https://github.com/hackforla/website/issues/7138) at 2024-08-06 11:42 AM PDT
8alpreet,2024-08-06T18:42:23Z,- 8alpreet unassigned from issue: [7138](https://github.com/hackforla/website/issues/7138#issuecomment-2271920307) at 2024-08-06 11:42 AM PDT
8alpreet,2024-08-06T18:42:24Z,- 8alpreet assigned to issue: [7138](https://github.com/hackforla/website/issues/7138#issuecomment-2271920307) at 2024-08-06 11:42 AM PDT
8alpreet,2024-08-06T18:55:15Z,- 8alpreet commented on issue: [7138](https://github.com/hackforla/website/issues/7138#issuecomment-2271940714) at 2024-08-06 11:55 AM PDT
8alpreet,2024-08-06T19:58:28Z,- 8alpreet commented on issue: [7205](https://github.com/hackforla/website/issues/7205#issuecomment-2272044867) at 2024-08-06 12:58 PM PDT
8alpreet,2024-08-06T20:30:07Z,- 8alpreet opened pull request: [7229](https://github.com/hackforla/website/pull/7229) at 2024-08-06 01:30 PM PDT
8alpreet,2024-08-06T21:54:58Z,- 8alpreet commented on issue: [7205](https://github.com/hackforla/website/issues/7205#issuecomment-2272217490) at 2024-08-06 02:54 PM PDT
8alpreet,2024-08-07T17:15:32Z,- 8alpreet commented on issue: [7205](https://github.com/hackforla/website/issues/7205#issuecomment-2273948593) at 2024-08-07 10:15 AM PDT
8alpreet,2024-08-07T23:14:04Z,- 8alpreet commented on pull request: [7229](https://github.com/hackforla/website/pull/7229#issuecomment-2274500127) at 2024-08-07 04:14 PM PDT
8alpreet,2024-08-07T23:23:46Z,- 8alpreet commented on pull request: [7229](https://github.com/hackforla/website/pull/7229#issuecomment-2274508983) at 2024-08-07 04:23 PM PDT
8alpreet,2024-08-08T18:28:44Z,- 8alpreet commented on pull request: [7229](https://github.com/hackforla/website/pull/7229#issuecomment-2276420584) at 2024-08-08 11:28 AM PDT
8alpreet,2024-08-08T19:21:17Z,- 8alpreet pull request merged: [7229](https://github.com/hackforla/website/pull/7229#event-13811280995) at 2024-08-08 12:21 PM PDT
8alpreet,2024-08-11T18:48:30Z,- 8alpreet assigned to issue: [7187](https://github.com/hackforla/website/issues/7187) at 2024-08-11 11:48 AM PDT
8alpreet,2024-08-11T19:18:01Z,- 8alpreet commented on issue: [7187](https://github.com/hackforla/website/issues/7187#issuecomment-2282861379) at 2024-08-11 12:18 PM PDT
8alpreet,2024-08-11T20:02:26Z,- 8alpreet opened pull request: [7270](https://github.com/hackforla/website/pull/7270) at 2024-08-11 01:02 PM PDT
8alpreet,2024-08-11T20:09:53Z,- 8alpreet commented on issue: [7205](https://github.com/hackforla/website/issues/7205#issuecomment-2282875155) at 2024-08-11 01:09 PM PDT
8alpreet,2024-08-18T04:15:33Z,- 8alpreet pull request merged: [7270](https://github.com/hackforla/website/pull/7270#event-13921129004) at 2024-08-17 09:15 PM PDT
8alpreet,2024-08-19T22:07:54Z,- 8alpreet commented on pull request: [7293](https://github.com/hackforla/website/pull/7293#issuecomment-2297543698) at 2024-08-19 03:07 PM PDT
8alpreet,2024-08-19T23:44:23Z,- 8alpreet submitted pull request review: [7293](https://github.com/hackforla/website/pull/7293#pullrequestreview-2246715547) at 2024-08-19 04:44 PM PDT
8alpreet,2024-08-19T23:53:32Z,- 8alpreet commented on pull request: [7309](https://github.com/hackforla/website/pull/7309#issuecomment-2297711904) at 2024-08-19 04:53 PM PDT
8alpreet,2024-08-20T00:17:37Z,- 8alpreet submitted pull request review: [7309](https://github.com/hackforla/website/pull/7309#pullrequestreview-2246751192) at 2024-08-19 05:17 PM PDT
8alpreet,2024-08-20T00:22:11Z,- 8alpreet commented on pull request: [7306](https://github.com/hackforla/website/pull/7306#issuecomment-2297739519) at 2024-08-19 05:22 PM PDT
8alpreet,2024-08-20T01:06:45Z,- 8alpreet commented on pull request: [7298](https://github.com/hackforla/website/pull/7298#issuecomment-2297773947) at 2024-08-19 06:06 PM PDT
8alpreet,2024-08-20T01:22:16Z,- 8alpreet submitted pull request review: [7298](https://github.com/hackforla/website/pull/7298#pullrequestreview-2246799147) at 2024-08-19 06:22 PM PDT
8alpreet,2024-08-20T01:24:59Z,- 8alpreet commented on pull request: [7315](https://github.com/hackforla/website/pull/7315#issuecomment-2297789160) at 2024-08-19 06:24 PM PDT
8alpreet,2024-08-20T01:25:17Z,- 8alpreet commented on pull request: [7320](https://github.com/hackforla/website/pull/7320#issuecomment-2297789481) at 2024-08-19 06:25 PM PDT
8alpreet,2024-08-20T20:24:28Z,- 8alpreet submitted pull request review: [7315](https://github.com/hackforla/website/pull/7315#pullrequestreview-2249029618) at 2024-08-20 01:24 PM PDT
8alpreet,2024-08-20T20:33:40Z,- 8alpreet submitted pull request review: [7320](https://github.com/hackforla/website/pull/7320#pullrequestreview-2249045096) at 2024-08-20 01:33 PM PDT
8alpreet,2024-08-20T20:40:05Z,- 8alpreet commented on issue: [7205](https://github.com/hackforla/website/issues/7205#issuecomment-2299725712) at 2024-08-20 01:40 PM PDT
8alpreet,2024-08-20T20:49:55Z,- 8alpreet commented on issue: [7205](https://github.com/hackforla/website/issues/7205#issuecomment-2299740499) at 2024-08-20 01:49 PM PDT
8alpreet,2024-08-20T20:57:03Z,- 8alpreet commented on issue: [7205](https://github.com/hackforla/website/issues/7205#issuecomment-2299751413) at 2024-08-20 01:57 PM PDT
8alpreet,2024-08-20T21:04:28Z,- 8alpreet commented on issue: [7205](https://github.com/hackforla/website/issues/7205#issuecomment-2299762915) at 2024-08-20 02:04 PM PDT
8alpreet,2024-08-20T21:07:01Z,- 8alpreet commented on issue: [7205](https://github.com/hackforla/website/issues/7205#issuecomment-2299767229) at 2024-08-20 02:07 PM PDT
8alpreet,2024-08-20T21:07:38Z,- 8alpreet commented on issue: [7205](https://github.com/hackforla/website/issues/7205#issuecomment-2299768215) at 2024-08-20 02:07 PM PDT
8alpreet,2024-08-20T21:10:44Z,- 8alpreet commented on issue: [7205](https://github.com/hackforla/website/issues/7205#issuecomment-2299773176) at 2024-08-20 02:10 PM PDT
8alpreet,2024-08-20T21:12:42Z,- 8alpreet assigned to issue: [7273](https://github.com/hackforla/website/issues/7273#issuecomment-2294269081) at 2024-08-20 02:12 PM PDT
8alpreet,2024-08-20T21:13:56Z,- 8alpreet commented on issue: [7273](https://github.com/hackforla/website/issues/7273#issuecomment-2299777751) at 2024-08-20 02:13 PM PDT
8alpreet,2024-08-20T21:15:31Z,- 8alpreet commented on pull request: [7320](https://github.com/hackforla/website/pull/7320#issuecomment-2299779813) at 2024-08-20 02:15 PM PDT
8alpreet,2024-08-20T21:30:02Z,- 8alpreet commented on pull request: [7320](https://github.com/hackforla/website/pull/7320#issuecomment-2299799038) at 2024-08-20 02:30 PM PDT
8alpreet,2024-08-20T22:13:43Z,- 8alpreet submitted pull request review: [7306](https://github.com/hackforla/website/pull/7306#pullrequestreview-2249190821) at 2024-08-20 03:13 PM PDT
8alpreet,2024-08-21T01:38:34Z,- 8alpreet submitted pull request review: [7320](https://github.com/hackforla/website/pull/7320#pullrequestreview-2249393138) at 2024-08-20 06:38 PM PDT
8alpreet,2024-08-21T02:17:49Z,- 8alpreet opened pull request: [7325](https://github.com/hackforla/website/pull/7325) at 2024-08-20 07:17 PM PDT
8alpreet,2024-08-22T12:36:43Z,- 8alpreet submitted pull request review: [7306](https://github.com/hackforla/website/pull/7306#pullrequestreview-2254396079) at 2024-08-22 05:36 AM PDT
8alpreet,2024-08-22T23:22:57Z,- 8alpreet commented on pull request: [7325](https://github.com/hackforla/website/pull/7325#issuecomment-2305907615) at 2024-08-22 04:22 PM PDT
8alpreet,2024-08-23T17:09:54Z,- 8alpreet commented on pull request: [7315](https://github.com/hackforla/website/pull/7315#issuecomment-2307487359) at 2024-08-23 10:09 AM PDT
8alpreet,2024-08-24T16:58:37Z,- 8alpreet commented on pull request: [7309](https://github.com/hackforla/website/pull/7309#issuecomment-2308456207) at 2024-08-24 09:58 AM PDT
8alpreet,2024-08-25T21:35:26Z,- 8alpreet commented on pull request: [7325](https://github.com/hackforla/website/pull/7325#issuecomment-2309002873) at 2024-08-25 02:35 PM PDT
8alpreet,2024-08-25T21:46:15Z,- 8alpreet submitted pull request review: [7346](https://github.com/hackforla/website/pull/7346#pullrequestreview-2259378640) at 2024-08-25 02:46 PM PDT
8alpreet,2024-08-26T21:58:46Z,- 8alpreet commented on pull request: [7346](https://github.com/hackforla/website/pull/7346#issuecomment-2311174044) at 2024-08-26 02:58 PM PDT
8alpreet,2024-09-02T18:40:51Z,- 8alpreet commented on pull request: [7325](https://github.com/hackforla/website/pull/7325#issuecomment-2325195190) at 2024-09-02 11:40 AM PDT
8alpreet,2024-09-02T18:43:08Z,- 8alpreet commented on pull request: [7325](https://github.com/hackforla/website/pull/7325#issuecomment-2325196958) at 2024-09-02 11:43 AM PDT
8alpreet,2024-09-03T15:30:47Z,- 8alpreet commented on pull request: [7325](https://github.com/hackforla/website/pull/7325#issuecomment-2326824774) at 2024-09-03 08:30 AM PDT
8alpreet,2024-09-03T15:33:28Z,- 8alpreet commented on pull request: [7376](https://github.com/hackforla/website/pull/7376#issuecomment-2326831288) at 2024-09-03 08:33 AM PDT
8alpreet,2024-09-03T15:33:58Z,- 8alpreet commented on pull request: [7371](https://github.com/hackforla/website/pull/7371#issuecomment-2326832408) at 2024-09-03 08:33 AM PDT
8alpreet,2024-09-03T15:34:28Z,- 8alpreet commented on pull request: [7370](https://github.com/hackforla/website/pull/7370#issuecomment-2326833519) at 2024-09-03 08:34 AM PDT
8alpreet,2024-09-03T15:35:01Z,- 8alpreet commented on pull request: [7369](https://github.com/hackforla/website/pull/7369#issuecomment-2326834754) at 2024-09-03 08:35 AM PDT
8alpreet,2024-09-04T03:48:10Z,- 8alpreet pull request merged: [7325](https://github.com/hackforla/website/pull/7325#event-14123744268) at 2024-09-03 08:48 PM PDT
8alpreet,2024-09-04T15:38:11Z,- 8alpreet commented on issue: [7205](https://github.com/hackforla/website/issues/7205#issuecomment-2329400641) at 2024-09-04 08:38 AM PDT
8alpreet,2024-09-04T16:08:58Z,- 8alpreet submitted pull request review: [7369](https://github.com/hackforla/website/pull/7369#pullrequestreview-2280670789) at 2024-09-04 09:08 AM PDT
8alpreet,2024-09-04T16:15:48Z,- 8alpreet submitted pull request review: [7370](https://github.com/hackforla/website/pull/7370#pullrequestreview-2280688126) at 2024-09-04 09:15 AM PDT
8alpreet,2024-09-04T16:23:20Z,- 8alpreet submitted pull request review: [7371](https://github.com/hackforla/website/pull/7371#pullrequestreview-2280708233) at 2024-09-04 09:23 AM PDT
8alpreet,2024-09-04T16:26:37Z,- 8alpreet submitted pull request review: [7315](https://github.com/hackforla/website/pull/7315#pullrequestreview-2280715039) at 2024-09-04 09:26 AM PDT
8alpreet,2024-09-04T16:30:56Z,- 8alpreet submitted pull request review: [7376](https://github.com/hackforla/website/pull/7376#pullrequestreview-2280723537) at 2024-09-04 09:30 AM PDT
8alpreet,2024-09-04T16:35:09Z,- 8alpreet commented on issue: [7205](https://github.com/hackforla/website/issues/7205#issuecomment-2329524753) at 2024-09-04 09:35 AM PDT
8alpreet,2024-09-04T17:43:40Z,- 8alpreet submitted pull request review: [7371](https://github.com/hackforla/website/pull/7371#pullrequestreview-2280882804) at 2024-09-04 10:43 AM PDT
8alpreet,2024-09-04T20:30:08Z,- 8alpreet assigned to issue: [7156](https://github.com/hackforla/website/issues/7156#issuecomment-2259933576) at 2024-09-04 01:30 PM PDT
8alpreet,2024-09-04T20:31:25Z,- 8alpreet commented on issue: [7156](https://github.com/hackforla/website/issues/7156#issuecomment-2329915888) at 2024-09-04 01:31 PM PDT
8alpreet,2024-09-05T18:11:33Z,- 8alpreet opened issue: [7401](https://github.com/hackforla/website/issues/7401) at 2024-09-05 11:11 AM PDT
8alpreet,2024-09-05T18:19:28Z,- 8alpreet opened issue: [7402](https://github.com/hackforla/website/issues/7402) at 2024-09-05 11:19 AM PDT
8alpreet,2024-09-05T18:22:04Z,- 8alpreet opened issue: [7403](https://github.com/hackforla/website/issues/7403) at 2024-09-05 11:22 AM PDT
8alpreet,2024-09-11T23:04:17Z,- 8alpreet submitted pull request review: [7369](https://github.com/hackforla/website/pull/7369#pullrequestreview-2298884747) at 2024-09-11 04:04 PM PDT
8alpreet,2024-09-12T00:53:05Z,- 8alpreet submitted pull request review: [7315](https://github.com/hackforla/website/pull/7315#pullrequestreview-2299018670) at 2024-09-11 05:53 PM PDT
8alpreet,2024-09-16T23:46:34Z,- 8alpreet commented on issue: [7205](https://github.com/hackforla/website/issues/7205#issuecomment-2354223222) at 2024-09-16 04:46 PM PDT
8alpreet,2024-09-16T23:51:17Z,- 8alpreet commented on pull request: [7462](https://github.com/hackforla/website/pull/7462#issuecomment-2354227164) at 2024-09-16 04:51 PM PDT
8alpreet,2024-09-16T23:51:25Z,- 8alpreet commented on pull request: [7447](https://github.com/hackforla/website/pull/7447#issuecomment-2354227273) at 2024-09-16 04:51 PM PDT
8alpreet,2024-09-17T02:07:28Z,- 8alpreet submitted pull request review: [7462](https://github.com/hackforla/website/pull/7462#pullrequestreview-2308117550) at 2024-09-16 07:07 PM PDT
8alpreet,2024-09-17T02:08:33Z,- 8alpreet submitted pull request review: [7447](https://github.com/hackforla/website/pull/7447#pullrequestreview-2308119899) at 2024-09-16 07:08 PM PDT
8alpreet,2024-09-18T01:43:26Z,- 8alpreet commented on pull request: [7466](https://github.com/hackforla/website/pull/7466#issuecomment-2357319840) at 2024-09-17 06:43 PM PDT
8alpreet,2024-09-18T18:29:18Z,- 8alpreet submitted pull request review: [7466](https://github.com/hackforla/website/pull/7466#pullrequestreview-2313462110) at 2024-09-18 11:29 AM PDT
8alpreet,2024-09-18T18:38:00Z,- 8alpreet commented on issue: [7205](https://github.com/hackforla/website/issues/7205#issuecomment-2359160832) at 2024-09-18 11:38 AM PDT
8alpreet,2024-09-18T18:38:37Z,- 8alpreet commented on issue: [7205](https://github.com/hackforla/website/issues/7205#issuecomment-2359161841) at 2024-09-18 11:38 AM PDT
8alpreet,2024-09-18T18:43:58Z,- 8alpreet commented on issue: [7205](https://github.com/hackforla/website/issues/7205#issuecomment-2359171020) at 2024-09-18 11:43 AM PDT
8alpreet,2024-09-18T18:47:31Z,- 8alpreet commented on issue: [7205](https://github.com/hackforla/website/issues/7205#issuecomment-2359177387) at 2024-09-18 11:47 AM PDT
8alpreet,2024-09-18T19:04:03Z,- 8alpreet commented on issue: [7205](https://github.com/hackforla/website/issues/7205#issuecomment-2359206031) at 2024-09-18 12:04 PM PDT
8alpreet,2024-09-25T02:25:49Z,- 8alpreet assigned to issue: [7494](https://github.com/hackforla/website/issues/7494) at 2024-09-24 07:25 PM PDT
8alpreet,2024-09-25T02:27:36Z,- 8alpreet commented on issue: [7494](https://github.com/hackforla/website/issues/7494#issuecomment-2372761057) at 2024-09-24 07:27 PM PDT
8alpreet,2024-09-25T17:56:26Z,- 8alpreet commented on issue: [7494](https://github.com/hackforla/website/issues/7494#issuecomment-2374790629) at 2024-09-25 10:56 AM PDT
8alpreet,2024-09-25T18:02:52Z,- 8alpreet opened pull request: [7523](https://github.com/hackforla/website/pull/7523) at 2024-09-25 11:02 AM PDT
8alpreet,2024-09-26T21:20:16Z,- 8alpreet pull request merged: [7523](https://github.com/hackforla/website/pull/7523#event-14422710767) at 2024-09-26 02:20 PM PDT
8alpreet,2024-09-26T22:04:40Z,- 8alpreet commented on issue: [7205](https://github.com/hackforla/website/issues/7205#issuecomment-2378017837) at 2024-09-26 03:04 PM PDT
8alpreet,2024-09-26T22:05:44Z,- 8alpreet commented on pull request: [7523](https://github.com/hackforla/website/pull/7523#issuecomment-2378019087) at 2024-09-26 03:05 PM PDT
8alpreet,2024-09-27T01:08:20Z,- 8alpreet commented on pull request: [7501](https://github.com/hackforla/website/pull/7501#issuecomment-2378211562) at 2024-09-26 06:08 PM PDT
8alpreet,2024-09-27T16:15:40Z,- 8alpreet commented on pull request: [7501](https://github.com/hackforla/website/pull/7501#issuecomment-2379634828) at 2024-09-27 09:15 AM PDT
8alpreet,2024-09-30T23:00:16Z,- 8alpreet commented on issue: [7205](https://github.com/hackforla/website/issues/7205#issuecomment-2384320542) at 2024-09-30 04:00 PM PDT
8alpreet,2024-10-08T00:02:05Z,- 8alpreet commented on pull request: [7568](https://github.com/hackforla/website/pull/7568#issuecomment-2398225214) at 2024-10-07 05:02 PM PDT
8alpreet,2024-10-08T19:46:36Z,- 8alpreet submitted pull request review: [7568](https://github.com/hackforla/website/pull/7568#pullrequestreview-2355390394) at 2024-10-08 12:46 PM PDT
8alpreet,2024-10-08T19:47:47Z,- 8alpreet commented on pull request: [7569](https://github.com/hackforla/website/pull/7569#issuecomment-2400692418) at 2024-10-08 12:47 PM PDT
8alpreet,2024-10-09T01:18:31Z,- 8alpreet commented on pull request: [7569](https://github.com/hackforla/website/pull/7569#issuecomment-2401083905) at 2024-10-08 06:18 PM PDT
8alpreet,2024-10-09T01:38:40Z,- 8alpreet commented on issue: [7205](https://github.com/hackforla/website/issues/7205#issuecomment-2401102949) at 2024-10-08 06:38 PM PDT
8alpreet,2024-10-15T03:12:26Z,- 8alpreet commented on pull request: [7589](https://github.com/hackforla/website/pull/7589#issuecomment-2412763802) at 2024-10-14 08:12 PM PDT
8alpreet,2024-10-15T03:17:16Z,- 8alpreet commented on pull request: [7591](https://github.com/hackforla/website/pull/7591#issuecomment-2412779073) at 2024-10-14 08:17 PM PDT
8alpreet,2024-10-15T03:21:22Z,- 8alpreet commented on issue: [7205](https://github.com/hackforla/website/issues/7205#issuecomment-2412793659) at 2024-10-14 08:21 PM PDT
8alpreet,2024-10-17T03:17:54Z,- 8alpreet submitted pull request review: [7589](https://github.com/hackforla/website/pull/7589#pullrequestreview-2374063847) at 2024-10-16 08:17 PM PDT
8alpreet,2024-10-17T03:26:18Z,- 8alpreet commented on pull request: [7589](https://github.com/hackforla/website/pull/7589#issuecomment-2418419250) at 2024-10-16 08:26 PM PDT
8alpreet,2024-10-17T03:27:20Z,- 8alpreet commented on issue: [7205](https://github.com/hackforla/website/issues/7205#issuecomment-2418420077) at 2024-10-16 08:27 PM PDT
8alpreet,2024-10-25T20:39:21Z,- 8alpreet opened issue: [7636](https://github.com/hackforla/website/issues/7636) at 2024-10-25 01:39 PM PDT
8alpreet,2024-10-25T21:00:01Z,- 8alpreet commented on issue: [6919](https://github.com/hackforla/website/issues/6919#issuecomment-2438819611) at 2024-10-25 02:00 PM PDT
8alpreet,2024-10-27T00:26:48Z,- 8alpreet commented on issue: [7636](https://github.com/hackforla/website/issues/7636#issuecomment-2439779984) at 2024-10-26 05:26 PM PDT
8alpreet,2024-10-27T17:59:47Z,- 8alpreet assigned to issue: [6919](https://github.com/hackforla/website/issues/6919#issuecomment-2438819611) at 2024-10-27 10:59 AM PDT
8alpreet,2024-10-27T18:14:32Z,- 8alpreet commented on issue: [6919](https://github.com/hackforla/website/issues/6919#issuecomment-2440123826) at 2024-10-27 11:14 AM PDT
8alpreet,2024-10-30T04:10:20Z,- 8alpreet commented on issue: [6919](https://github.com/hackforla/website/issues/6919#issuecomment-2445799113) at 2024-10-29 09:10 PM PDT
8alpreet,2024-10-30T17:29:12Z,- 8alpreet opened issue: [7668](https://github.com/hackforla/website/issues/7668) at 2024-10-30 10:29 AM PDT
8alpreet,2024-10-30T17:33:02Z,- 8alpreet commented on issue: [7636](https://github.com/hackforla/website/issues/7636#issuecomment-2447893838) at 2024-10-30 10:33 AM PDT
8alpreet,2024-10-30T18:14:29Z,- 8alpreet commented on issue: [6919](https://github.com/hackforla/website/issues/6919#issuecomment-2447983060) at 2024-10-30 11:14 AM PDT
8alpreet,2024-10-30T18:32:36Z,- 8alpreet opened issue: [7669](https://github.com/hackforla/website/issues/7669) at 2024-10-30 11:32 AM PDT
8alpreet,2024-11-01T13:32:34Z,- 8alpreet commented on issue: [7205](https://github.com/hackforla/website/issues/7205#issuecomment-2451879794) at 2024-11-01 06:32 AM PDT
8alpreet,2024-11-13T04:00:55Z,- 8alpreet assigned to issue: [7636](https://github.com/hackforla/website/issues/7636#issuecomment-2472325268) at 2024-11-12 08:00 PM PST
8alpreet,2024-11-13T04:03:38Z,- 8alpreet assigned to issue: [7668](https://github.com/hackforla/website/issues/7668#issuecomment-2472327895) at 2024-11-12 08:03 PM PST
8alpreet,2025-03-04T01:38:53Z,- 8alpreet unassigned from issue: [7668](https://github.com/hackforla/website/issues/7668#issuecomment-2472328170) at 2025-03-03 05:38 PM PST
8alpreet,2025-03-16T22:43:26Z,- 8alpreet unassigned from issue: [7636](https://github.com/hackforla/website/issues/7636#issuecomment-2695964353) at 2025-03-16 03:43 PM PDT
8alpreet,2025-03-16T22:46:44Z,- 8alpreet unassigned from issue: [6919](https://github.com/hackforla/website/issues/6919#issuecomment-2472328892) at 2025-03-16 03:46 PM PDT
8alpreet,2025-05-20T00:47:40Z,- 8alpreet assigned to issue: [6919](https://github.com/hackforla/website/issues/6919#event-17723933701) at 2025-05-19 05:47 PM PDT
93Belen,4631,SKILLS ISSUE
93Belen,2023-05-09T03:35:12Z,- 93Belen opened issue: [4631](https://github.com/hackforla/website/issues/4631) at 2023-05-08 08:35 PM PDT
93Belen,2023-05-09T03:45:26Z,- 93Belen assigned to issue: [4631](https://github.com/hackforla/website/issues/4631) at 2023-05-08 08:45 PM PDT
93Belen,2023-05-09T14:11:52Z,- 93Belen assigned to issue: [4473](https://github.com/hackforla/website/issues/4473#issuecomment-1504472218) at 2023-05-09 07:11 AM PDT
93Belen,2023-05-09T14:31:41Z,- 93Belen opened pull request: [4643](https://github.com/hackforla/website/pull/4643) at 2023-05-09 07:31 AM PDT
93Belen,2023-05-09T14:39:36Z,- 93Belen commented on issue: [4473](https://github.com/hackforla/website/issues/4473#issuecomment-1540258746) at 2023-05-09 07:39 AM PDT
93Belen,2023-05-09T14:44:21Z,- 93Belen commented on issue: [4631](https://github.com/hackforla/website/issues/4631#issuecomment-1540266766) at 2023-05-09 07:44 AM PDT
93Belen,2023-05-10T10:29:07Z,- 93Belen commented on pull request: [4643](https://github.com/hackforla/website/pull/4643#issuecomment-1541889009) at 2023-05-10 03:29 AM PDT
93Belen,2023-05-10T10:39:50Z,- 93Belen opened pull request: [4646](https://github.com/hackforla/website/pull/4646) at 2023-05-10 03:39 AM PDT
93Belen,2023-05-10T10:45:19Z,- 93Belen commented on pull request: [4646](https://github.com/hackforla/website/pull/4646#issuecomment-1541911235) at 2023-05-10 03:45 AM PDT
93Belen,2023-05-10T19:37:31Z,- 93Belen commented on pull request: [4646](https://github.com/hackforla/website/pull/4646#issuecomment-1542705702) at 2023-05-10 12:37 PM PDT
93Belen,2023-05-10T19:53:12Z,- 93Belen commented on pull request: [4646](https://github.com/hackforla/website/pull/4646#issuecomment-1542724514) at 2023-05-10 12:53 PM PDT
93Belen,2023-05-11T05:29:30Z,- 93Belen pull request closed w/o merging: [4643](https://github.com/hackforla/website/pull/4643#event-9218030767) at 2023-05-10 10:29 PM PDT
93Belen,2023-05-11T18:18:06Z,- 93Belen commented on issue: [4473](https://github.com/hackforla/website/issues/4473#issuecomment-1544469877) at 2023-05-11 11:18 AM PDT
93Belen,2023-05-12T09:58:04Z,- 93Belen commented on pull request: [4646](https://github.com/hackforla/website/pull/4646#issuecomment-1545490853) at 2023-05-12 02:58 AM PDT
93Belen,2023-05-13T19:44:38Z,- 93Belen pull request closed w/o merging: [4646](https://github.com/hackforla/website/pull/4646#event-9239125435) at 2023-05-13 12:44 PM PDT
93Belen,2023-05-13T19:57:30Z,- 93Belen commented on pull request: [4646](https://github.com/hackforla/website/pull/4646#issuecomment-1546740008) at 2023-05-13 12:57 PM PDT
93Belen,2023-05-14T17:16:59Z,- 93Belen opened pull request: [4666](https://github.com/hackforla/website/pull/4666) at 2023-05-14 10:16 AM PDT
93Belen,2023-05-14T17:18:10Z,- 93Belen commented on pull request: [4666](https://github.com/hackforla/website/pull/4666#issuecomment-1546951524) at 2023-05-14 10:18 AM PDT
93Belen,2023-05-14T17:25:17Z,- 93Belen commented on pull request: [4665](https://github.com/hackforla/website/pull/4665#issuecomment-1546953338) at 2023-05-14 10:25 AM PDT
93Belen,2023-05-14T20:23:14Z,- 93Belen submitted pull request review: [4665](https://github.com/hackforla/website/pull/4665#pullrequestreview-1425597241) at 2023-05-14 01:23 PM PDT
93Belen,2023-05-15T20:16:44Z,- 93Belen assigned to issue: [4642](https://github.com/hackforla/website/issues/4642) at 2023-05-15 01:16 PM PDT
93Belen,2023-05-15T20:18:01Z,- 93Belen commented on issue: [4642](https://github.com/hackforla/website/issues/4642#issuecomment-1548517786) at 2023-05-15 01:18 PM PDT
93Belen,2023-05-15T20:32:13Z,- 93Belen opened pull request: [4675](https://github.com/hackforla/website/pull/4675) at 2023-05-15 01:32 PM PDT
93Belen,2023-05-15T20:33:21Z,- 93Belen commented on pull request: [4675](https://github.com/hackforla/website/pull/4675#issuecomment-1548535428) at 2023-05-15 01:33 PM PDT
93Belen,2023-05-15T20:34:07Z,- 93Belen pull request closed w/o merging: [4675](https://github.com/hackforla/website/pull/4675#event-9250866880) at 2023-05-15 01:34 PM PDT
93Belen,2023-05-15T20:56:41Z,- 93Belen opened pull request: [4677](https://github.com/hackforla/website/pull/4677) at 2023-05-15 01:56 PM PDT
93Belen,2023-05-15T20:57:36Z,- 93Belen commented on pull request: [4677](https://github.com/hackforla/website/pull/4677#issuecomment-1548564909) at 2023-05-15 01:57 PM PDT
93Belen,2023-05-16T12:29:59Z,- 93Belen commented on pull request: [4666](https://github.com/hackforla/website/pull/4666#issuecomment-1549571222) at 2023-05-16 05:29 AM PDT
93Belen,2023-05-16T13:27:46Z,- 93Belen commented on pull request: [4674](https://github.com/hackforla/website/pull/4674#issuecomment-1549677168) at 2023-05-16 06:27 AM PDT
93Belen,2023-05-16T13:34:28Z,- 93Belen submitted pull request review: [4674](https://github.com/hackforla/website/pull/4674#pullrequestreview-1428600446) at 2023-05-16 06:34 AM PDT
93Belen,2023-05-17T01:43:43Z,- 93Belen pull request merged: [4677](https://github.com/hackforla/website/pull/4677#event-9263804513) at 2023-05-16 06:43 PM PDT
93Belen,2023-05-17T01:47:59Z,- 93Belen pull request merged: [4666](https://github.com/hackforla/website/pull/4666#event-9263822406) at 2023-05-16 06:47 PM PDT
93Belen,2023-05-17T02:22:23Z,- 93Belen commented on pull request: [4674](https://github.com/hackforla/website/pull/4674#issuecomment-1550593266) at 2023-05-16 07:22 PM PDT
93Belen,2023-05-17T22:43:40Z,- 93Belen assigned to issue: [4687](https://github.com/hackforla/website/issues/4687) at 2023-05-17 03:43 PM PDT
93Belen,2023-05-17T22:45:27Z,- 93Belen commented on issue: [4687](https://github.com/hackforla/website/issues/4687#issuecomment-1552179712) at 2023-05-17 03:45 PM PDT
93Belen,2023-05-18T10:58:42Z,- 93Belen opened pull request: [4691](https://github.com/hackforla/website/pull/4691) at 2023-05-18 03:58 AM PDT
93Belen,2023-05-18T11:09:31Z,- 93Belen commented on pull request: [4689](https://github.com/hackforla/website/pull/4689#issuecomment-1552899785) at 2023-05-18 04:09 AM PDT
93Belen,2023-05-18T11:21:35Z,- 93Belen submitted pull request review: [4689](https://github.com/hackforla/website/pull/4689#pullrequestreview-1432518804) at 2023-05-18 04:21 AM PDT
93Belen,2023-05-18T19:13:26Z,- 93Belen commented on pull request: [4691](https://github.com/hackforla/website/pull/4691#issuecomment-1553520661) at 2023-05-18 12:13 PM PDT
93Belen,2023-05-19T06:30:42Z,- 93Belen pull request merged: [4691](https://github.com/hackforla/website/pull/4691#event-9286175614) at 2023-05-18 11:30 PM PDT
93Belen,2023-05-19T19:26:02Z,- 93Belen commented on issue: [4631](https://github.com/hackforla/website/issues/4631#issuecomment-1555132044) at 2023-05-19 12:26 PM PDT
93Belen,2023-05-21T17:07:16Z,- 93Belen commented on pull request: [4702](https://github.com/hackforla/website/pull/4702#issuecomment-1556227024) at 2023-05-21 10:07 AM PDT
93Belen,2023-05-22T11:19:19Z,- 93Belen assigned to issue: [4662](https://github.com/hackforla/website/issues/4662) at 2023-05-22 04:19 AM PDT
93Belen,2023-05-22T11:20:49Z,- 93Belen commented on issue: [4662](https://github.com/hackforla/website/issues/4662#issuecomment-1557040450) at 2023-05-22 04:20 AM PDT
93Belen,2023-05-23T13:00:24Z,- 93Belen submitted pull request review: [4702](https://github.com/hackforla/website/pull/4702#pullrequestreview-1439648024) at 2023-05-23 06:00 AM PDT
93Belen,2023-05-23T14:54:37Z,- 93Belen commented on issue: [4662](https://github.com/hackforla/website/issues/4662#issuecomment-1559601481) at 2023-05-23 07:54 AM PDT
93Belen,2023-05-23T15:01:29Z,- 93Belen commented on issue: [4662](https://github.com/hackforla/website/issues/4662#issuecomment-1559621561) at 2023-05-23 08:01 AM PDT
93Belen,2023-05-23T19:28:53Z,- 93Belen commented on pull request: [4702](https://github.com/hackforla/website/pull/4702#issuecomment-1560011712) at 2023-05-23 12:28 PM PDT
93Belen,2023-05-24T02:37:54Z,- 93Belen commented on issue: [4662](https://github.com/hackforla/website/issues/4662#issuecomment-1560377117) at 2023-05-23 07:37 PM PDT
93Belen,2023-05-24T02:41:56Z,- 93Belen commented on pull request: [4710](https://github.com/hackforla/website/pull/4710#issuecomment-1560379555) at 2023-05-23 07:41 PM PDT
93Belen,2023-05-25T14:16:45Z,- 93Belen submitted pull request review: [4702](https://github.com/hackforla/website/pull/4702#pullrequestreview-1444004597) at 2023-05-25 07:16 AM PDT
93Belen,2023-05-25T14:51:06Z,- 93Belen submitted pull request review: [4710](https://github.com/hackforla/website/pull/4710#pullrequestreview-1444081720) at 2023-05-25 07:51 AM PDT
93Belen,2023-05-26T10:49:33Z,- 93Belen commented on issue: [4662](https://github.com/hackforla/website/issues/4662#issuecomment-1564204141) at 2023-05-26 03:49 AM PDT
93Belen,2023-05-26T19:19:13Z,- 93Belen commented on issue: [4662](https://github.com/hackforla/website/issues/4662#issuecomment-1564824546) at 2023-05-26 12:19 PM PDT
93Belen,2023-05-26T21:29:25Z,- 93Belen commented on pull request: [4746](https://github.com/hackforla/website/pull/4746#issuecomment-1564979890) at 2023-05-26 02:29 PM PDT
93Belen,2023-05-26T21:45:09Z,- 93Belen submitted pull request review: [4746](https://github.com/hackforla/website/pull/4746#pullrequestreview-1447000349) at 2023-05-26 02:45 PM PDT
93Belen,2023-05-26T22:35:59Z,- 93Belen submitted pull request review: [4746](https://github.com/hackforla/website/pull/4746#pullrequestreview-1447027631) at 2023-05-26 03:35 PM PDT
93Belen,2023-05-27T10:27:06Z,- 93Belen commented on issue: [4662](https://github.com/hackforla/website/issues/4662#issuecomment-1565336598) at 2023-05-27 03:27 AM PDT
93Belen,2023-05-28T18:05:23Z,- 93Belen commented on pull request: [4731](https://github.com/hackforla/website/pull/4731#issuecomment-1566214809) at 2023-05-28 11:05 AM PDT
93Belen,2023-05-28T18:05:52Z,- 93Belen commented on pull request: [4732](https://github.com/hackforla/website/pull/4732#issuecomment-1566214953) at 2023-05-28 11:05 AM PDT
93Belen,2023-05-28T19:01:10Z,- 93Belen submitted pull request review: [4731](https://github.com/hackforla/website/pull/4731#pullrequestreview-1448373188) at 2023-05-28 12:01 PM PDT
93Belen,2023-05-28T19:03:17Z,- 93Belen commented on pull request: [4731](https://github.com/hackforla/website/pull/4731#issuecomment-1566231274) at 2023-05-28 12:03 PM PDT
93Belen,2023-05-29T15:46:32Z,- 93Belen commented on pull request: [4732](https://github.com/hackforla/website/pull/4732#issuecomment-1567291890) at 2023-05-29 08:46 AM PDT
93Belen,2023-05-30T13:18:02Z,- 93Belen submitted pull request review: [4732](https://github.com/hackforla/website/pull/4732#pullrequestreview-1450918277) at 2023-05-30 06:18 AM PDT
93Belen,2023-05-30T14:37:29Z,- 93Belen commented on pull request: [4731](https://github.com/hackforla/website/pull/4731#issuecomment-1568551575) at 2023-05-30 07:37 AM PDT
93Belen,2023-05-30T14:40:49Z,- 93Belen commented on pull request: [4754](https://github.com/hackforla/website/pull/4754#issuecomment-1568557089) at 2023-05-30 07:40 AM PDT
93Belen,2023-05-30T14:46:29Z,- 93Belen submitted pull request review: [4754](https://github.com/hackforla/website/pull/4754#pullrequestreview-1451144991) at 2023-05-30 07:46 AM PDT
93Belen,2023-05-30T21:48:09Z,- 93Belen closed issue as completed: [4631](https://github.com/hackforla/website/issues/4631#event-9383291032) at 2023-05-30 02:48 PM PDT
93Belen,2023-05-31T02:34:09Z,- 93Belen commented on pull request: [4755](https://github.com/hackforla/website/pull/4755#issuecomment-1569409357) at 2023-05-30 07:34 PM PDT
93Belen,2023-05-31T21:41:40Z,- 93Belen submitted pull request review: [4755](https://github.com/hackforla/website/pull/4755#pullrequestreview-1454219190) at 2023-05-31 02:41 PM PDT
93Belen,2023-05-31T22:11:09Z,- 93Belen commented on pull request: [4759](https://github.com/hackforla/website/pull/4759#issuecomment-1571031533) at 2023-05-31 03:11 PM PDT
93Belen,2023-06-01T13:57:08Z,- 93Belen submitted pull request review: [4759](https://github.com/hackforla/website/pull/4759#pullrequestreview-1455548062) at 2023-06-01 06:57 AM PDT
93Belen,2023-06-04T16:38:35Z,- 93Belen assigned to issue: [4525](https://github.com/hackforla/website/issues/4525#issuecomment-1575580469) at 2023-06-04 09:38 AM PDT
93Belen,2023-06-04T16:46:59Z,- 93Belen unassigned from issue: [4525](https://github.com/hackforla/website/issues/4525#issuecomment-1575633125) at 2023-06-04 09:46 AM PDT
93Belen,2023-06-06T13:49:36Z,- 93Belen submitted pull request review: [4755](https://github.com/hackforla/website/pull/4755#pullrequestreview-1465261893) at 2023-06-06 06:49 AM PDT
93Belen,2023-06-06T14:07:52Z,- 93Belen commented on pull request: [4783](https://github.com/hackforla/website/pull/4783#issuecomment-1578838212) at 2023-06-06 07:07 AM PDT
93Belen,2023-06-06T21:52:14Z,- 93Belen submitted pull request review: [4755](https://github.com/hackforla/website/pull/4755#pullrequestreview-1466176435) at 2023-06-06 02:52 PM PDT
93Belen,2023-06-06T23:35:29Z,- 93Belen submitted pull request review: [4783](https://github.com/hackforla/website/pull/4783#pullrequestreview-1466297720) at 2023-06-06 04:35 PM PDT
93Belen,2023-06-06T23:39:11Z,- 93Belen commented on pull request: [4755](https://github.com/hackforla/website/pull/4755#issuecomment-1579601707) at 2023-06-06 04:39 PM PDT
93Belen,2023-06-06T23:40:06Z,- 93Belen submitted pull request review: [4755](https://github.com/hackforla/website/pull/4755#pullrequestreview-1466301154) at 2023-06-06 04:40 PM PDT
93Belen,2023-06-06T23:41:52Z,- 93Belen commented on pull request: [4755](https://github.com/hackforla/website/pull/4755#issuecomment-1579603412) at 2023-06-06 04:41 PM PDT
93Belen,2023-06-07T20:43:20Z,- 93Belen submitted pull request review: [4783](https://github.com/hackforla/website/pull/4783#pullrequestreview-1468533228) at 2023-06-07 01:43 PM PDT
93Belen,2023-06-12T12:36:00Z,- 93Belen submitted pull request review: [4783](https://github.com/hackforla/website/pull/4783#pullrequestreview-1474827231) at 2023-06-12 05:36 AM PDT
93Belen,2023-07-09T16:59:54Z,- 93Belen commented on pull request: [4731](https://github.com/hackforla/website/pull/4731#issuecomment-1627773113) at 2023-07-09 09:59 AM PDT
93Belen,2023-07-11T21:39:14Z,- 93Belen submitted pull request review: [4731](https://github.com/hackforla/website/pull/4731#pullrequestreview-1525194986) at 2023-07-11 02:39 PM PDT
A-BMT02,2839,SKILLS ISSUE
A-BMT02,2022-02-22T04:27:12Z,- A-BMT02 opened issue: [2839](https://github.com/hackforla/website/issues/2839) at 2022-02-21 08:27 PM PST
A-BMT02,2022-02-22T04:27:33Z,- A-BMT02 assigned to issue: [2839](https://github.com/hackforla/website/issues/2839#issuecomment-1047414308) at 2022-02-21 08:27 PM PST
A-BMT02,2022-02-23T04:02:20Z,- A-BMT02 assigned to issue: [2720](https://github.com/hackforla/website/issues/2720#issuecomment-1022873662) at 2022-02-22 08:02 PM PST
A-BMT02,2022-02-23T18:27:53Z,- A-BMT02 assigned to issue: [2721](https://github.com/hackforla/website/issues/2721#issuecomment-1022930427) at 2022-02-23 10:27 AM PST
A-BMT02,2022-02-23T19:26:19Z,- A-BMT02 opened pull request: [2879](https://github.com/hackforla/website/pull/2879) at 2022-02-23 11:26 AM PST
A-BMT02,2022-02-23T19:31:27Z,- A-BMT02 commented on pull request: [2879](https://github.com/hackforla/website/pull/2879#issuecomment-1049138282) at 2022-02-23 11:31 AM PST
A-BMT02,2022-02-23T19:35:25Z,- A-BMT02 commented on pull request: [2879](https://github.com/hackforla/website/pull/2879#issuecomment-1049141299) at 2022-02-23 11:35 AM PST
A-BMT02,2022-02-24T21:00:46Z,- A-BMT02 pull request merged: [2879](https://github.com/hackforla/website/pull/2879#event-6135056751) at 2022-02-24 01:00 PM PST
A-BMT02,2022-02-24T23:06:48Z,- A-BMT02 commented on pull request: [2879](https://github.com/hackforla/website/pull/2879#issuecomment-1050348880) at 2022-02-24 03:06 PM PST
A-BMT02,2022-02-24T23:08:46Z,- A-BMT02 commented on issue: [2721](https://github.com/hackforla/website/issues/2721#issuecomment-1050349966) at 2022-02-24 03:08 PM PST
A-BMT02,2022-02-27T20:12:27Z,- A-BMT02 commented on issue: [2173](https://github.com/hackforla/website/issues/2173#issuecomment-1053665662) at 2022-02-27 12:12 PM PST
A-BMT02,2022-02-27T20:12:34Z,- A-BMT02 assigned to issue: [2173](https://github.com/hackforla/website/issues/2173#issuecomment-1053665662) at 2022-02-27 12:12 PM PST
A-BMT02,2022-03-05T23:12:41Z,- A-BMT02 unassigned from issue: [2173](https://github.com/hackforla/website/issues/2173#issuecomment-1053665662) at 2022-03-05 03:12 PM PST
A-BMT02,2022-03-05T23:28:26Z,- A-BMT02 unassigned from issue: [2720](https://github.com/hackforla/website/issues/2720#issuecomment-1059850250) at 2022-03-05 03:28 PM PST
A-BMT02,2022-03-06T11:36:04Z,- A-BMT02 commented on issue: [2173](https://github.com/hackforla/website/issues/2173#issuecomment-1059945856) at 2022-03-06 03:36 AM PST
A-BMT02,2022-03-06T11:37:12Z,- A-BMT02 commented on issue: [2839](https://github.com/hackforla/website/issues/2839#issuecomment-1059946029) at 2022-03-06 03:37 AM PST
A-BMT02,2022-03-06T11:38:19Z,- A-BMT02 commented on issue: [2720](https://github.com/hackforla/website/issues/2720#issuecomment-1059946186) at 2022-03-06 03:38 AM PST
A-BMT02,2022-03-06T11:57:43Z,- A-BMT02 assigned to issue: [2280](https://github.com/hackforla/website/issues/2280#issuecomment-926948994) at 2022-03-06 03:57 AM PST
A-BMT02,2022-03-10T18:48:38Z,- A-BMT02 commented on issue: [2280](https://github.com/hackforla/website/issues/2280#issuecomment-1064382228) at 2022-03-10 10:48 AM PST
A-BMT02,2022-03-10T19:09:39Z,- A-BMT02 opened pull request: [2957](https://github.com/hackforla/website/pull/2957) at 2022-03-10 11:09 AM PST
A-BMT02,2022-03-11T19:51:49Z,- A-BMT02 commented on pull request: [2957](https://github.com/hackforla/website/pull/2957#issuecomment-1065440197) at 2022-03-11 11:51 AM PST
A-BMT02,2022-03-12T08:56:20Z,- A-BMT02 pull request merged: [2957](https://github.com/hackforla/website/pull/2957#event-6229430407) at 2022-03-12 01:56 AM PDT
A-BMT02,2022-03-13T19:55:50Z,- A-BMT02 commented on issue: [2839](https://github.com/hackforla/website/issues/2839#issuecomment-1066170782) at 2022-03-13 12:55 PM PDT
A-BMT02,2022-03-14T21:21:18Z,- A-BMT02 assigned to issue: [2656](https://github.com/hackforla/website/issues/2656#issuecomment-1018970482) at 2022-03-14 02:21 PM PDT
A-BMT02,2022-03-14T21:27:32Z,- A-BMT02 commented on issue: [2656](https://github.com/hackforla/website/issues/2656#issuecomment-1067312729) at 2022-03-14 02:27 PM PDT
A-BMT02,2022-03-15T20:53:26Z,- A-BMT02 commented on issue: [2656](https://github.com/hackforla/website/issues/2656#issuecomment-1068463145) at 2022-03-15 01:53 PM PDT
A-BMT02,2022-03-18T13:11:34Z,- A-BMT02 opened pull request: [2988](https://github.com/hackforla/website/pull/2988) at 2022-03-18 06:11 AM PDT
A-BMT02,2022-03-18T13:13:31Z,- A-BMT02 commented on issue: [2656](https://github.com/hackforla/website/issues/2656#issuecomment-1072397880) at 2022-03-18 06:13 AM PDT
A-BMT02,2022-03-20T19:34:53Z,- A-BMT02 commented on pull request: [2988](https://github.com/hackforla/website/pull/2988#issuecomment-1073317739) at 2022-03-20 12:34 PM PDT
A-BMT02,2022-03-20T19:37:05Z,- A-BMT02 commented on pull request: [2988](https://github.com/hackforla/website/pull/2988#issuecomment-1073318033) at 2022-03-20 12:37 PM PDT
A-BMT02,2022-03-22T21:53:16Z,- A-BMT02 commented on pull request: [2988](https://github.com/hackforla/website/pull/2988#issuecomment-1075679608) at 2022-03-22 02:53 PM PDT
A-BMT02,2022-03-23T16:07:40Z,- A-BMT02 commented on pull request: [2988](https://github.com/hackforla/website/pull/2988#issuecomment-1076517987) at 2022-03-23 09:07 AM PDT
A-BMT02,2022-03-25T21:56:21Z,- A-BMT02 commented on pull request: [2988](https://github.com/hackforla/website/pull/2988#issuecomment-1079471618) at 2022-03-25 02:56 PM PDT
A-BMT02,2022-03-26T20:26:47Z,- A-BMT02 commented on pull request: [2988](https://github.com/hackforla/website/pull/2988#issuecomment-1079768962) at 2022-03-26 01:26 PM PDT
A-BMT02,2022-03-26T21:07:16Z,- A-BMT02 commented on issue: [2656](https://github.com/hackforla/website/issues/2656#issuecomment-1079774903) at 2022-03-26 02:07 PM PDT
A-BMT02,2022-03-26T21:15:53Z,- A-BMT02 closed issue as completed: [2839](https://github.com/hackforla/website/issues/2839#event-6312561519) at 2022-03-26 02:15 PM PDT
A-BMT02,2022-03-26T21:16:26Z,- A-BMT02 commented on issue: [2839](https://github.com/hackforla/website/issues/2839#issuecomment-1079776285) at 2022-03-26 02:16 PM PDT
A-BMT02,2022-03-29T19:35:51Z,- A-BMT02 commented on pull request: [2988](https://github.com/hackforla/website/pull/2988#issuecomment-1082298178) at 2022-03-29 12:35 PM PDT
A-BMT02,2022-03-29T23:22:20Z,- A-BMT02 pull request merged: [2988](https://github.com/hackforla/website/pull/2988#event-6330580590) at 2022-03-29 04:22 PM PDT
A-BMT02,2022-03-30T20:20:11Z,- A-BMT02 commented on pull request: [2988](https://github.com/hackforla/website/pull/2988#issuecomment-1083585963) at 2022-03-30 01:20 PM PDT
A-BMT02,2022-03-30T21:56:48Z,- A-BMT02 assigned to issue: [2392](https://github.com/hackforla/website/issues/2392#issuecomment-1037437676) at 2022-03-30 02:56 PM PDT
A-BMT02,2022-03-30T21:59:26Z,- A-BMT02 commented on issue: [2392](https://github.com/hackforla/website/issues/2392#issuecomment-1083669567) at 2022-03-30 02:59 PM PDT
A-BMT02,2022-04-04T22:58:05Z,- A-BMT02 commented on issue: [2392](https://github.com/hackforla/website/issues/2392#issuecomment-1088093361) at 2022-04-04 03:58 PM PDT
A-BMT02,2022-06-13T20:33:12Z,- A-BMT02 commented on issue: [2839](https://github.com/hackforla/website/issues/2839#issuecomment-1154405606) at 2022-06-13 01:33 PM PDT
A-BMT02,2022-06-21T13:43:34Z,- A-BMT02 assigned to issue: [3027](https://github.com/hackforla/website/issues/3027#issuecomment-1086586813) at 2022-06-21 06:43 AM PDT
A-BMT02,2022-06-21T13:47:00Z,- A-BMT02 commented on issue: [3027](https://github.com/hackforla/website/issues/3027#issuecomment-1161772823) at 2022-06-21 06:47 AM PDT
A-BMT02,2022-06-22T10:09:39Z,- A-BMT02 commented on issue: [3027](https://github.com/hackforla/website/issues/3027#issuecomment-1162908589) at 2022-06-22 03:09 AM PDT
A-BMT02,2022-07-14T02:05:05Z,- A-BMT02 unassigned from issue: [3027](https://github.com/hackforla/website/issues/3027#issuecomment-1178645901) at 2022-07-13 07:05 PM PDT
a-sana,6413,SKILLS ISSUE
a-sana,2022-06-01T03:39:49Z,- a-sana opened issue: [3189](https://github.com/hackforla/website/issues/3189) at 2022-05-31 08:39 PM PDT
a-sana,2022-06-23T21:13:44Z,- a-sana commented on issue: [3189](https://github.com/hackforla/website/issues/3189#issuecomment-1164878704) at 2022-06-23 02:13 PM PDT
a-sana,2022-06-27T20:26:14Z,- a-sana commented on issue: [3189](https://github.com/hackforla/website/issues/3189#issuecomment-1167849880) at 2022-06-27 01:26 PM PDT
a-sana,2024-03-04T04:11:15Z,- a-sana opened issue: [6413](https://github.com/hackforla/website/issues/6413) at 2024-03-03 08:11 PM PST
a-sana,2024-03-05T03:43:53Z,- a-sana assigned to issue: [6413](https://github.com/hackforla/website/issues/6413#issuecomment-1975794398) at 2024-03-04 07:43 PM PST
a-sana,2024-03-22T21:04:58Z,- a-sana commented on issue: [6413](https://github.com/hackforla/website/issues/6413#issuecomment-2015914932) at 2024-03-22 02:04 PM PDT
a-t-klein,5074,SKILLS ISSUE
a-t-klein,2023-07-26T03:01:37Z,- a-t-klein opened issue: [5074](https://github.com/hackforla/website/issues/5074) at 2023-07-25 08:01 PM PDT
a-t-klein,2023-07-26T03:02:08Z,- a-t-klein assigned to issue: [5074](https://github.com/hackforla/website/issues/5074#issuecomment-1650903149) at 2023-07-25 08:02 PM PDT
a-t-klein,2023-07-31T19:17:34Z,- a-t-klein assigned to issue: [4804](https://github.com/hackforla/website/issues/4804) at 2023-07-31 12:17 PM PDT
a-t-klein,2023-07-31T19:49:15Z,- a-t-klein commented on issue: [4804](https://github.com/hackforla/website/issues/4804#issuecomment-1659033506) at 2023-07-31 12:49 PM PDT
a-t-klein,2023-07-31T20:20:12Z,- a-t-klein opened pull request: [5122](https://github.com/hackforla/website/pull/5122) at 2023-07-31 01:20 PM PDT
a-t-klein,2023-08-05T21:47:20Z,- a-t-klein pull request merged: [5122](https://github.com/hackforla/website/pull/5122#event-10016137336) at 2023-08-05 02:47 PM PDT
A-Wu5,5479,SKILLS ISSUE
A-Wu5,2023-09-12T02:47:27Z,- A-Wu5 opened issue: [5479](https://github.com/hackforla/website/issues/5479) at 2023-09-11 07:47 PM PDT
A-Wu5,2023-09-12T02:47:37Z,- A-Wu5 assigned to issue: [5479](https://github.com/hackforla/website/issues/5479) at 2023-09-11 07:47 PM PDT
A-Wu5,2023-09-15T05:16:22Z,- A-Wu5 assigned to issue: [5341](https://github.com/hackforla/website/issues/5341#issuecomment-1715910003) at 2023-09-14 10:16 PM PDT
A-Wu5,2023-09-15T05:19:24Z,- A-Wu5 commented on issue: [5341](https://github.com/hackforla/website/issues/5341#issuecomment-1720692128) at 2023-09-14 10:19 PM PDT
A-Wu5,2023-09-15T05:23:53Z,- A-Wu5 commented on issue: [5479](https://github.com/hackforla/website/issues/5479#issuecomment-1720695130) at 2023-09-14 10:23 PM PDT
A-Wu5,2023-09-15T06:26:15Z,- A-Wu5 opened pull request: [5538](https://github.com/hackforla/website/pull/5538) at 2023-09-14 11:26 PM PDT
A-Wu5,2023-09-19T06:44:49Z,- A-Wu5 commented on pull request: [5538](https://github.com/hackforla/website/pull/5538#issuecomment-1724919466) at 2023-09-18 11:44 PM PDT
A-Wu5,2023-09-20T00:14:05Z,- A-Wu5 assigned to issue: [5332](https://github.com/hackforla/website/issues/5332) at 2023-09-19 05:14 PM PDT
A-Wu5,2023-09-20T00:15:27Z,- A-Wu5 commented on issue: [5332](https://github.com/hackforla/website/issues/5332#issuecomment-1726705741) at 2023-09-19 05:15 PM PDT
A-Wu5,2023-09-20T14:03:53Z,- A-Wu5 pull request merged: [5538](https://github.com/hackforla/website/pull/5538#event-10423741019) at 2023-09-20 07:03 AM PDT
A-Wu5,2023-09-21T08:29:43Z,- A-Wu5 opened pull request: [5568](https://github.com/hackforla/website/pull/5568) at 2023-09-21 01:29 AM PDT
A-Wu5,2023-09-23T03:20:18Z,- A-Wu5 commented on issue: [5479](https://github.com/hackforla/website/issues/5479#issuecomment-1732195343) at 2023-09-22 08:20 PM PDT
A-Wu5,2023-09-23T03:47:21Z,- A-Wu5 commented on pull request: [5572](https://github.com/hackforla/website/pull/5572#issuecomment-1732200055) at 2023-09-22 08:47 PM PDT
A-Wu5,2023-09-23T03:54:20Z,- A-Wu5 submitted pull request review: [5572](https://github.com/hackforla/website/pull/5572#pullrequestreview-1640776542) at 2023-09-22 08:54 PM PDT
A-Wu5,2023-09-24T16:06:05Z,- A-Wu5 pull request merged: [5568](https://github.com/hackforla/website/pull/5568#event-10455478897) at 2023-09-24 09:06 AM PDT
A-Wu5,2023-09-27T01:58:25Z,- A-Wu5 assigned to issue: [5594](https://github.com/hackforla/website/issues/5594) at 2023-09-26 06:58 PM PDT
A-Wu5,2023-09-27T01:59:13Z,- A-Wu5 commented on issue: [5594](https://github.com/hackforla/website/issues/5594#issuecomment-1736552452) at 2023-09-26 06:59 PM PDT
A-Wu5,2023-10-07T07:31:34Z,- A-Wu5 commented on issue: [5594](https://github.com/hackforla/website/issues/5594#issuecomment-1751636660) at 2023-10-07 12:31 AM PDT
A-Wu5,2023-10-10T21:06:52Z,- A-Wu5 commented on issue: [5479](https://github.com/hackforla/website/issues/5479#issuecomment-1756260046) at 2023-10-10 02:06 PM PDT
A-Wu5,2023-10-18T00:26:59Z,- A-Wu5 assigned to issue: [5166](https://github.com/hackforla/website/issues/5166#issuecomment-1670640043) at 2023-10-17 05:26 PM PDT
A-Wu5,2023-10-18T00:30:25Z,- A-Wu5 commented on issue: [5166](https://github.com/hackforla/website/issues/5166#issuecomment-1767400828) at 2023-10-17 05:30 PM PDT
A-Wu5,2023-10-22T22:05:09Z,- A-Wu5 commented on issue: [5166](https://github.com/hackforla/website/issues/5166#issuecomment-1774211847) at 2023-10-22 03:05 PM PDT
A-Wu5,2023-10-22T22:11:47Z,- A-Wu5 commented on issue: [5166](https://github.com/hackforla/website/issues/5166#issuecomment-1774213241) at 2023-10-22 03:11 PM PDT
A-Wu5,2023-10-22T22:33:12Z,- A-Wu5 commented on issue: [5166](https://github.com/hackforla/website/issues/5166#issuecomment-1774217611) at 2023-10-22 03:33 PM PDT
A-Wu5,2023-10-22T22:44:49Z,- A-Wu5 commented on issue: [5166](https://github.com/hackforla/website/issues/5166#issuecomment-1774219927) at 2023-10-22 03:44 PM PDT
A-Wu5,2023-10-22T22:49:33Z,- A-Wu5 commented on issue: [5479](https://github.com/hackforla/website/issues/5479#issuecomment-1774221003) at 2023-10-22 03:49 PM PDT
A-Wu5,2023-10-22T22:52:28Z,- A-Wu5 commented on issue: [5166](https://github.com/hackforla/website/issues/5166#issuecomment-1774222088) at 2023-10-22 03:52 PM PDT
A-Wu5,2023-10-22T22:55:33Z,- A-Wu5 commented on issue: [5166](https://github.com/hackforla/website/issues/5166#issuecomment-1774222766) at 2023-10-22 03:55 PM PDT
A-Wu5,2023-11-02T11:06:42Z,- A-Wu5 commented on issue: [5166](https://github.com/hackforla/website/issues/5166#issuecomment-1790520299) at 2023-11-02 04:06 AM PDT
A-Wu5,2023-11-06T21:28:19Z,- A-Wu5 commented on issue: [5166](https://github.com/hackforla/website/issues/5166#issuecomment-1796520012) at 2023-11-06 01:28 PM PST
A-Wu5,2023-11-08T22:05:40Z,- A-Wu5 commented on issue: [5479](https://github.com/hackforla/website/issues/5479#issuecomment-1802753190) at 2023-11-08 02:05 PM PST
A-Wu5,2023-11-08T23:15:05Z,- A-Wu5 commented on issue: [5166](https://github.com/hackforla/website/issues/5166#issuecomment-1802875050) at 2023-11-08 03:15 PM PST
A-Wu5,2023-11-09T01:38:39Z,- A-Wu5 commented on issue: [5166](https://github.com/hackforla/website/issues/5166#issuecomment-1803027276) at 2023-11-08 05:38 PM PST
A-Wu5,2023-11-09T23:58:06Z,- A-Wu5 commented on issue: [5166](https://github.com/hackforla/website/issues/5166#issuecomment-1804861467) at 2023-11-09 03:58 PM PST
A-Wu5,2023-11-10T00:11:26Z,- A-Wu5 commented on issue: [5166](https://github.com/hackforla/website/issues/5166#issuecomment-1804872770) at 2023-11-09 04:11 PM PST
A-Wu5,2023-11-11T23:06:15Z,- A-Wu5 commented on pull request: [5889](https://github.com/hackforla/website/pull/5889#issuecomment-1806939391) at 2023-11-11 03:06 PM PST
A-Wu5,2023-11-12T21:38:56Z,- A-Wu5 submitted pull request review: [5889](https://github.com/hackforla/website/pull/5889#pullrequestreview-1726333116) at 2023-11-12 01:38 PM PST
A-Wu5,2023-11-13T23:20:42Z,- A-Wu5 commented on issue: [5166](https://github.com/hackforla/website/issues/5166#issuecomment-1809289102) at 2023-11-13 03:20 PM PST
A-Wu5,2023-11-15T03:29:43Z,- A-Wu5 commented on pull request: [5906](https://github.com/hackforla/website/pull/5906#issuecomment-1811753357) at 2023-11-14 07:29 PM PST
A-Wu5,2023-11-15T20:50:50Z,- A-Wu5 submitted pull request review: [5889](https://github.com/hackforla/website/pull/5889#pullrequestreview-1732965126) at 2023-11-15 12:50 PM PST
A-Wu5,2023-11-17T03:38:38Z,- A-Wu5 submitted pull request review: [5906](https://github.com/hackforla/website/pull/5906#pullrequestreview-1735987861) at 2023-11-16 07:38 PM PST
A-Wu5,2023-11-17T03:42:36Z,- A-Wu5 assigned to issue: [4606](https://github.com/hackforla/website/issues/4606#issuecomment-1807708980) at 2023-11-16 07:42 PM PST
A-Wu5,2023-11-17T03:43:47Z,- A-Wu5 commented on issue: [4606](https://github.com/hackforla/website/issues/4606#issuecomment-1815702487) at 2023-11-16 07:43 PM PST
A-Wu5,2023-11-22T06:54:47Z,- A-Wu5 commented on issue: [5479](https://github.com/hackforla/website/issues/5479#issuecomment-1822209571) at 2023-11-21 10:54 PM PST
A-Wu5,2023-12-01T20:53:07Z,- A-Wu5 commented on issue: [4606](https://github.com/hackforla/website/issues/4606#issuecomment-1836761460) at 2023-12-01 12:53 PM PST
A-Wu5,2023-12-09T23:01:18Z,- A-Wu5 commented on issue: [4606](https://github.com/hackforla/website/issues/4606#issuecomment-1848773950) at 2023-12-09 03:01 PM PST
A-Wu5,2023-12-09T23:03:11Z,- A-Wu5 commented on issue: [5479](https://github.com/hackforla/website/issues/5479#issuecomment-1848774445) at 2023-12-09 03:03 PM PST
A-Wu5,2024-01-03T00:49:37Z,- A-Wu5 opened pull request: [6026](https://github.com/hackforla/website/pull/6026) at 2024-01-02 04:49 PM PST
A-Wu5,2024-01-10T23:38:34Z,- A-Wu5 commented on pull request: [6026](https://github.com/hackforla/website/pull/6026#issuecomment-1885928504) at 2024-01-10 03:38 PM PST
A-Wu5,2024-01-18T21:21:43Z,- A-Wu5 commented on issue: [4606](https://github.com/hackforla/website/issues/4606#issuecomment-1899222818) at 2024-01-18 01:21 PM PST
A-Wu5,2024-01-21T05:55:27Z,- A-Wu5 commented on pull request: [6026](https://github.com/hackforla/website/pull/6026#issuecomment-1902524546) at 2024-01-20 09:55 PM PST
A-Wu5,2024-01-23T20:43:37Z,- A-Wu5 commented on pull request: [6026](https://github.com/hackforla/website/pull/6026#issuecomment-1906886810) at 2024-01-23 12:43 PM PST
A-Wu5,2024-01-23T20:45:29Z,- A-Wu5 commented on pull request: [6026](https://github.com/hackforla/website/pull/6026#issuecomment-1906889337) at 2024-01-23 12:45 PM PST
A-Wu5,2024-01-28T11:29:16Z,- A-Wu5 pull request merged: [6026](https://github.com/hackforla/website/pull/6026#event-11619693105) at 2024-01-28 03:29 AM PST
A-Wu5,2024-02-11T00:32:53Z,- A-Wu5 closed issue as completed: [4606](https://github.com/hackforla/website/issues/4606#event-11765971505) at 2024-02-10 04:32 PM PST
A-Wu5,2024-03-18T19:48:39Z,- A-Wu5 assigned to issue: [5098](https://github.com/hackforla/website/issues/5098#issuecomment-1786017027) at 2024-03-18 12:48 PM PDT
A-Wu5,2024-03-18T21:33:41Z,- A-Wu5 opened issue: [6474](https://github.com/hackforla/website/issues/6474) at 2024-03-18 02:33 PM PDT
A-Wu5,2024-03-18T21:35:20Z,- A-Wu5 commented on issue: [5098](https://github.com/hackforla/website/issues/5098#issuecomment-2005059827) at 2024-03-18 02:35 PM PDT
A-Wu5,2024-03-28T00:47:28Z,- A-Wu5 unassigned from issue: [5098](https://github.com/hackforla/website/issues/5098#issuecomment-2005059827) at 2024-03-27 05:47 PM PDT
A-Wu5,2024-03-28T01:07:00Z,- A-Wu5 assigned to issue: [6162](https://github.com/hackforla/website/issues/6162#issuecomment-2003171924) at 2024-03-27 06:07 PM PDT
A-Wu5,2024-03-28T01:17:31Z,- A-Wu5 commented on issue: [6162](https://github.com/hackforla/website/issues/6162#issuecomment-2024231183) at 2024-03-27 06:17 PM PDT
A-Wu5,2024-03-28T01:24:11Z,- A-Wu5 opened issue: [6539](https://github.com/hackforla/website/issues/6539) at 2024-03-27 06:24 PM PDT
A-Wu5,2024-04-02T00:57:40Z,- A-Wu5 commented on issue: [6162](https://github.com/hackforla/website/issues/6162#issuecomment-2030888917) at 2024-04-01 05:57 PM PDT
A-Wu5,2024-04-02T01:06:41Z,- A-Wu5 commented on issue: [6539](https://github.com/hackforla/website/issues/6539#issuecomment-2030895981) at 2024-04-01 06:06 PM PDT
A-Wu5,2024-04-15T22:49:30Z,- A-Wu5 commented on issue: [6162](https://github.com/hackforla/website/issues/6162#issuecomment-2057940837) at 2024-04-15 03:49 PM PDT
A-Wu5,2024-04-18T01:08:41Z,- A-Wu5 commented on pull request: [6678](https://github.com/hackforla/website/pull/6678#issuecomment-2062807775) at 2024-04-17 06:08 PM PDT
A-Wu5,2024-04-18T01:32:39Z,- A-Wu5 commented on pull request: [6678](https://github.com/hackforla/website/pull/6678#issuecomment-2062833816) at 2024-04-17 06:32 PM PDT
A-Wu5,2024-04-18T01:33:29Z,- A-Wu5 submitted pull request review: [6678](https://github.com/hackforla/website/pull/6678#pullrequestreview-2007646639) at 2024-04-17 06:33 PM PDT
A-Wu5,2024-04-18T01:36:54Z,- A-Wu5 commented on pull request: [6651](https://github.com/hackforla/website/pull/6651#issuecomment-2062836830) at 2024-04-17 06:36 PM PDT
A-Wu5,2024-04-20T05:59:29Z,- A-Wu5 submitted pull request review: [6651](https://github.com/hackforla/website/pull/6651#pullrequestreview-2013034632) at 2024-04-19 10:59 PM PDT
A-Wu5,2024-04-25T02:58:25Z,- A-Wu5 submitted pull request review: [6678](https://github.com/hackforla/website/pull/6678#pullrequestreview-2021396809) at 2024-04-24 07:58 PM PDT
A-Wu5,2024-04-26T08:56:09Z,- A-Wu5 commented on pull request: [6764](https://github.com/hackforla/website/pull/6764#issuecomment-2078945177) at 2024-04-26 01:56 AM PDT
A-Wu5,2024-04-27T01:01:29Z,- A-Wu5 submitted pull request review: [6764](https://github.com/hackforla/website/pull/6764#pullrequestreview-2026042019) at 2024-04-26 06:01 PM PDT
A-Wu5,2024-04-27T01:06:22Z,- A-Wu5 commented on pull request: [6764](https://github.com/hackforla/website/pull/6764#issuecomment-2080285114) at 2024-04-26 06:06 PM PDT
A-Wu5,2024-05-02T05:55:45Z,- A-Wu5 commented on pull request: [6801](https://github.com/hackforla/website/pull/6801#issuecomment-2089638331) at 2024-05-01 10:55 PM PDT
A-Wu5,2024-05-02T05:58:23Z,- A-Wu5 assigned to issue: [6140](https://github.com/hackforla/website/issues/6140#issuecomment-1936012516) at 2024-05-01 10:58 PM PDT
A-Wu5,2024-05-03T04:48:12Z,- A-Wu5 submitted pull request review: [6801](https://github.com/hackforla/website/pull/6801#pullrequestreview-2037322061) at 2024-05-02 09:48 PM PDT
A-Wu5,2024-05-19T02:02:37Z,- A-Wu5 assigned to issue: [6188](https://github.com/hackforla/website/issues/6188#issuecomment-2071220826) at 2024-05-18 07:02 PM PDT
A-Wu5,2024-05-19T02:06:44Z,- A-Wu5 commented on issue: [6188](https://github.com/hackforla/website/issues/6188#issuecomment-2119062870) at 2024-05-18 07:06 PM PDT
A-Wu5,2024-05-19T02:42:22Z,- A-Wu5 opened issue: [6861](https://github.com/hackforla/website/issues/6861) at 2024-05-18 07:42 PM PDT
A-Wu5,2024-05-19T02:45:28Z,- A-Wu5 commented on issue: [6188](https://github.com/hackforla/website/issues/6188#issuecomment-2119077541) at 2024-05-18 07:45 PM PDT
A-Wu5,2024-05-19T04:16:49Z,- A-Wu5 opened issue: [6862](https://github.com/hackforla/website/issues/6862) at 2024-05-18 09:16 PM PDT
A-Wu5,2024-05-19T04:17:37Z,- A-Wu5 commented on issue: [6188](https://github.com/hackforla/website/issues/6188#issuecomment-2119093613) at 2024-05-18 09:17 PM PDT
A-Wu5,2024-05-19T20:41:30Z,- A-Wu5 commented on pull request: [6860](https://github.com/hackforla/website/pull/6860#issuecomment-2119353958) at 2024-05-19 01:41 PM PDT
A-Wu5,2024-05-19T21:17:48Z,- A-Wu5 commented on pull request: [6860](https://github.com/hackforla/website/pull/6860#issuecomment-2119362953) at 2024-05-19 02:17 PM PDT
A-Wu5,2024-05-19T21:19:33Z,- A-Wu5 submitted pull request review: [6860](https://github.com/hackforla/website/pull/6860#pullrequestreview-2065145324) at 2024-05-19 02:19 PM PDT
A-Wu5,2024-05-21T01:59:16Z,- A-Wu5 unassigned from issue: [6140](https://github.com/hackforla/website/issues/6140#issuecomment-2121563569) at 2024-05-20 06:59 PM PDT
A-Wu5,2024-05-21T19:57:19Z,- A-Wu5 commented on pull request: [6870](https://github.com/hackforla/website/pull/6870#issuecomment-2123343527) at 2024-05-21 12:57 PM PDT
A-Wu5,2024-05-24T21:28:45Z,- A-Wu5 submitted pull request review: [6860](https://github.com/hackforla/website/pull/6860#pullrequestreview-2078079530) at 2024-05-24 02:28 PM PDT
A-Wu5,2024-05-26T05:35:57Z,- A-Wu5 commented on pull request: [6870](https://github.com/hackforla/website/pull/6870#issuecomment-2132073098) at 2024-05-25 10:35 PM PDT
A-Wu5,2024-05-26T19:50:18Z,- A-Wu5 submitted pull request review: [6896](https://github.com/hackforla/website/pull/6896#pullrequestreview-2079777451) at 2024-05-26 12:50 PM PDT
A-Wu5,2024-05-26T19:52:21Z,- A-Wu5 commented on pull request: [6870](https://github.com/hackforla/website/pull/6870#issuecomment-2132378280) at 2024-05-26 12:52 PM PDT
A-Wu5,2024-05-26T20:55:27Z,- A-Wu5 submitted pull request review: [6870](https://github.com/hackforla/website/pull/6870#pullrequestreview-2079784799) at 2024-05-26 01:55 PM PDT
A-Wu5,2024-05-27T19:38:44Z,- A-Wu5 submitted pull request review: [6870](https://github.com/hackforla/website/pull/6870#pullrequestreview-2081399939) at 2024-05-27 12:38 PM PDT
A-Wu5,2024-06-18T23:59:02Z,- A-Wu5 commented on pull request: [7017](https://github.com/hackforla/website/pull/7017#issuecomment-2177272055) at 2024-06-18 04:59 PM PDT
A-Wu5,2024-06-19T00:08:29Z,- A-Wu5 submitted pull request review: [7017](https://github.com/hackforla/website/pull/7017#pullrequestreview-2126754051) at 2024-06-18 05:08 PM PDT
A-Wu5,2024-06-24T01:01:21Z,- A-Wu5 commented on pull request: [7052](https://github.com/hackforla/website/pull/7052#issuecomment-2185403832) at 2024-06-23 06:01 PM PDT
A-Wu5,2024-06-27T02:09:46Z,- A-Wu5 submitted pull request review: [7052](https://github.com/hackforla/website/pull/7052#pullrequestreview-2143260439) at 2024-06-26 07:09 PM PDT
A-Wu5,2024-07-20T19:24:57Z,- A-Wu5 commented on pull request: [7128](https://github.com/hackforla/website/pull/7128#issuecomment-2241268150) at 2024-07-20 12:24 PM PDT
A-Wu5,2024-07-20T19:25:09Z,- A-Wu5 submitted pull request review: [7128](https://github.com/hackforla/website/pull/7128#pullrequestreview-2190046182) at 2024-07-20 12:25 PM PDT
A-Wu5,2024-11-07T20:03:23Z,- A-Wu5 submitted pull request review: [7706](https://github.com/hackforla/website/pull/7706#pullrequestreview-2422028324) at 2024-11-07 12:03 PM PST
aadilahmed,4980,SKILLS ISSUE
aadilahmed,2023-07-18T01:57:19Z,- aadilahmed opened issue: [4980](https://github.com/hackforla/website/issues/4980) at 2023-07-17 06:57 PM PDT
aadilahmed,2023-07-18T02:30:22Z,- aadilahmed assigned to issue: [4980](https://github.com/hackforla/website/issues/4980) at 2023-07-17 07:30 PM PDT
aadilahmed,2023-07-24T03:53:00Z,- aadilahmed assigned to issue: [4939](https://github.com/hackforla/website/issues/4939#issuecomment-1639105125) at 2023-07-23 08:53 PM PDT
aadilahmed,2023-07-24T03:55:59Z,- aadilahmed commented on issue: [4939](https://github.com/hackforla/website/issues/4939#issuecomment-1647159918) at 2023-07-23 08:55 PM PDT
aadilahmed,2023-07-24T04:22:12Z,- aadilahmed commented on issue: [4980](https://github.com/hackforla/website/issues/4980#issuecomment-1647183349) at 2023-07-23 09:22 PM PDT
aadilahmed,2023-07-24T06:06:53Z,- aadilahmed opened pull request: [5056](https://github.com/hackforla/website/pull/5056) at 2023-07-23 11:06 PM PDT
aadilahmed,2023-07-28T12:05:52Z,- aadilahmed pull request merged: [5056](https://github.com/hackforla/website/pull/5056#event-9947377107) at 2023-07-28 05:05 AM PDT
aadilahmed,2023-08-05T07:05:20Z,- aadilahmed commented on issue: [4980](https://github.com/hackforla/website/issues/4980#issuecomment-1666419776) at 2023-08-05 12:05 AM PDT
aadilahmed,2023-08-05T07:07:22Z,- aadilahmed closed issue as completed: [4980](https://github.com/hackforla/website/issues/4980#event-10014638577) at 2023-08-05 12:07 AM PDT
aadilahmed,2023-08-07T05:23:56Z,- aadilahmed assigned to issue: [5057](https://github.com/hackforla/website/issues/5057#issuecomment-1658118238) at 2023-08-06 10:23 PM PDT
aadilahmed,2023-08-07T05:35:11Z,- aadilahmed commented on issue: [5057](https://github.com/hackforla/website/issues/5057#issuecomment-1667214113) at 2023-08-06 10:35 PM PDT
aadilahmed,2023-08-07T06:35:44Z,- aadilahmed opened pull request: [5155](https://github.com/hackforla/website/pull/5155) at 2023-08-06 11:35 PM PDT
aadilahmed,2023-08-08T06:29:20Z,- aadilahmed pull request merged: [5155](https://github.com/hackforla/website/pull/5155#event-10031404045) at 2023-08-07 11:29 PM PDT
aadilahmed,2023-08-12T09:29:53Z,- aadilahmed assigned to issue: [5100](https://github.com/hackforla/website/issues/5100#issuecomment-1652982433) at 2023-08-12 02:29 AM PDT
aadilahmed,2023-08-12T09:31:16Z,- aadilahmed commented on issue: [5100](https://github.com/hackforla/website/issues/5100#issuecomment-1675813654) at 2023-08-12 02:31 AM PDT
aadilahmed,2023-09-17T12:08:22Z,- aadilahmed commented on pull request: [5543](https://github.com/hackforla/website/pull/5543#issuecomment-1722462588) at 2023-09-17 05:08 AM PDT
aadilahmed,2023-09-18T07:08:35Z,- aadilahmed submitted pull request review: [5543](https://github.com/hackforla/website/pull/5543#pullrequestreview-1630392874) at 2023-09-18 12:08 AM PDT
aadilahmed,2023-09-22T02:05:19Z,- aadilahmed commented on pull request: [5569](https://github.com/hackforla/website/pull/5569#issuecomment-1730704159) at 2023-09-21 07:05 PM PDT
aadilahmed,2023-09-22T21:52:29Z,- aadilahmed submitted pull request review: [5569](https://github.com/hackforla/website/pull/5569#pullrequestreview-1640679271) at 2023-09-22 02:52 PM PDT
aadilahmed,2023-11-03T01:40:03Z,- aadilahmed assigned to issue: [5737](https://github.com/hackforla/website/issues/5737) at 2023-11-02 06:40 PM PDT
aadilahmed,2023-11-03T01:43:00Z,- aadilahmed commented on issue: [5737](https://github.com/hackforla/website/issues/5737#issuecomment-1791787050) at 2023-11-02 06:43 PM PDT
aadilahmed,2023-11-10T02:25:14Z,- aadilahmed commented on pull request: [5889](https://github.com/hackforla/website/pull/5889#issuecomment-1804977710) at 2023-11-09 06:25 PM PST
aadilahmed,2023-11-10T02:50:23Z,- aadilahmed submitted pull request review: [5889](https://github.com/hackforla/website/pull/5889#pullrequestreview-1723857518) at 2023-11-09 06:50 PM PST
aadilahmed,2023-11-10T03:11:11Z,- aadilahmed assigned to issue: [5829](https://github.com/hackforla/website/issues/5829#issuecomment-1791908162) at 2023-11-09 07:11 PM PST
aadilahmed,2023-11-10T03:11:55Z,- aadilahmed commented on issue: [5829](https://github.com/hackforla/website/issues/5829#issuecomment-1805008119) at 2023-11-09 07:11 PM PST
aadilahmed,2023-11-13T08:46:22Z,- aadilahmed opened pull request: [5896](https://github.com/hackforla/website/pull/5896) at 2023-11-13 12:46 AM PST
aadilahmed,2023-11-19T19:19:02Z,- aadilahmed pull request merged: [5896](https://github.com/hackforla/website/pull/5896#event-11004431085) at 2023-11-19 11:19 AM PST
aadilahmed,2023-11-29T07:58:40Z,- aadilahmed opened pull request: [5944](https://github.com/hackforla/website/pull/5944) at 2023-11-28 11:58 PM PST
aadilahmed,2024-01-07T19:53:25Z,- aadilahmed pull request merged: [5944](https://github.com/hackforla/website/pull/5944#event-11411872702) at 2024-01-07 11:53 AM PST
aadilahmed,2024-01-07T22:09:59Z,- aadilahmed commented on pull request: [6021](https://github.com/hackforla/website/pull/6021#issuecomment-1880191479) at 2024-01-07 02:09 PM PST
aadilahmed,2024-01-09T02:18:20Z,- aadilahmed submitted pull request review: [6021](https://github.com/hackforla/website/pull/6021#pullrequestreview-1810306178) at 2024-01-08 06:18 PM PST
aadilahmed,2024-01-20T08:26:38Z,- aadilahmed assigned to issue: [5827](https://github.com/hackforla/website/issues/5827#issuecomment-1825234935) at 2024-01-20 12:26 AM PST
aadilahmed,2024-01-20T08:27:47Z,- aadilahmed commented on issue: [5827](https://github.com/hackforla/website/issues/5827#issuecomment-1901944248) at 2024-01-20 12:27 AM PST
aadilahmed,2024-01-22T07:36:38Z,- aadilahmed opened pull request: [6141](https://github.com/hackforla/website/pull/6141) at 2024-01-21 11:36 PM PST
aadilahmed,2024-01-25T09:31:55Z,- aadilahmed commented on pull request: [6141](https://github.com/hackforla/website/pull/6141#issuecomment-1909748211) at 2024-01-25 01:31 AM PST
aadilahmed,2024-02-05T05:03:07Z,- aadilahmed commented on pull request: [6141](https://github.com/hackforla/website/pull/6141#issuecomment-1926237180) at 2024-02-04 09:03 PM PST
aadilahmed,2024-02-07T22:05:59Z,- aadilahmed pull request merged: [6141](https://github.com/hackforla/website/pull/6141#event-11738398784) at 2024-02-07 02:05 PM PST
aadilahmed,2024-02-25T02:54:46Z,- aadilahmed commented on pull request: [6368](https://github.com/hackforla/website/pull/6368#issuecomment-1962795082) at 2024-02-24 06:54 PM PST
aadilahmed,2024-02-25T03:10:44Z,- aadilahmed submitted pull request review: [6368](https://github.com/hackforla/website/pull/6368#pullrequestreview-1899597368) at 2024-02-24 07:10 PM PST
aadilahmed,2024-04-01T06:31:08Z,- aadilahmed commented on pull request: [6549](https://github.com/hackforla/website/pull/6549#issuecomment-2029244483) at 2024-03-31 11:31 PM PDT
aadilahmed,2024-04-03T05:11:12Z,- aadilahmed submitted pull request review: [6549](https://github.com/hackforla/website/pull/6549#pullrequestreview-1975513681) at 2024-04-02 10:11 PM PDT
aadilahmed,2024-04-16T06:55:20Z,- aadilahmed assigned to issue: [6623](https://github.com/hackforla/website/issues/6623#issuecomment-2049063723) at 2024-04-15 11:55 PM PDT
aadilahmed,2024-04-16T07:01:26Z,- aadilahmed commented on issue: [6623](https://github.com/hackforla/website/issues/6623#issuecomment-2058375413) at 2024-04-16 12:01 AM PDT
aadilahmed,2024-04-18T01:35:01Z,- aadilahmed commented on issue: [6623](https://github.com/hackforla/website/issues/6623#issuecomment-2062835469) at 2024-04-17 06:35 PM PDT
aadilahmed,2024-04-19T02:36:30Z,- aadilahmed opened pull request: [6686](https://github.com/hackforla/website/pull/6686) at 2024-04-18 07:36 PM PDT
aadilahmed,2024-04-30T19:11:31Z,- aadilahmed pull request merged: [6686](https://github.com/hackforla/website/pull/6686#event-12662740601) at 2024-04-30 12:11 PM PDT
aadilahmed,2024-05-05T05:20:21Z,- aadilahmed commented on pull request: [6815](https://github.com/hackforla/website/pull/6815#issuecomment-2094637178) at 2024-05-04 10:20 PM PDT
aadilahmed,2024-05-06T10:21:20Z,- aadilahmed submitted pull request review: [6815](https://github.com/hackforla/website/pull/6815#pullrequestreview-2040442037) at 2024-05-06 03:21 AM PDT
aadilahmed,2024-05-06T23:30:33Z,- aadilahmed submitted pull request review: [6815](https://github.com/hackforla/website/pull/6815#pullrequestreview-2041826887) at 2024-05-06 04:30 PM PDT
aadilahmed,2024-05-27T04:02:38Z,- aadilahmed commented on pull request: [6899](https://github.com/hackforla/website/pull/6899#issuecomment-2132599983) at 2024-05-26 09:02 PM PDT
aadilahmed,2024-05-27T04:16:27Z,- aadilahmed submitted pull request review: [6899](https://github.com/hackforla/website/pull/6899#pullrequestreview-2079955703) at 2024-05-26 09:16 PM PDT
aadilahmed,2024-06-10T22:03:40Z,- aadilahmed commented on pull request: [6973](https://github.com/hackforla/website/pull/6973#issuecomment-2159384414) at 2024-06-10 03:03 PM PDT
aadilahmed,2024-06-12T06:32:54Z,- aadilahmed submitted pull request review: [6973](https://github.com/hackforla/website/pull/6973#pullrequestreview-2112063165) at 2024-06-11 11:32 PM PDT
aadilahmed,2024-06-16T08:11:04Z,- aadilahmed assigned to issue: [6787](https://github.com/hackforla/website/issues/6787#issuecomment-2168837535) at 2024-06-16 01:11 AM PDT
aadilahmed,2024-06-16T08:25:25Z,- aadilahmed commented on issue: [6787](https://github.com/hackforla/website/issues/6787#issuecomment-2171225873) at 2024-06-16 01:25 AM PDT
aadilahmed,2024-06-23T03:49:43Z,- aadilahmed opened pull request: [7052](https://github.com/hackforla/website/pull/7052) at 2024-06-22 08:49 PM PDT
aadilahmed,2024-07-10T20:41:56Z,- aadilahmed pull request merged: [7052](https://github.com/hackforla/website/pull/7052#event-13462074115) at 2024-07-10 01:41 PM PDT
aadilahmed,2024-07-28T01:55:10Z,- aadilahmed commented on pull request: [7150](https://github.com/hackforla/website/pull/7150#issuecomment-2254310035) at 2024-07-27 06:55 PM PDT
aadilahmed,2024-07-28T02:08:19Z,- aadilahmed submitted pull request review: [7150](https://github.com/hackforla/website/pull/7150#pullrequestreview-2203254434) at 2024-07-27 07:08 PM PDT
aadilahmed,2024-08-14T08:20:42Z,- aadilahmed assigned to issue: [7193](https://github.com/hackforla/website/issues/7193#issuecomment-2270010215) at 2024-08-14 01:20 AM PDT
aadilahmed,2024-08-14T08:23:24Z,- aadilahmed commented on issue: [7193](https://github.com/hackforla/website/issues/7193#issuecomment-2288140306) at 2024-08-14 01:23 AM PDT
aadilahmed,2024-08-18T02:18:54Z,- aadilahmed opened pull request: [7311](https://github.com/hackforla/website/pull/7311) at 2024-08-17 07:18 PM PDT
aadilahmed,2024-08-21T02:28:17Z,- aadilahmed pull request merged: [7311](https://github.com/hackforla/website/pull/7311#event-13953252280) at 2024-08-20 07:28 PM PDT
aadilahmed,2024-09-14T05:39:44Z,- aadilahmed commented on pull request: [7446](https://github.com/hackforla/website/pull/7446#issuecomment-2350853250) at 2024-09-13 10:39 PM PDT
aadilahmed,2024-09-14T05:44:44Z,- aadilahmed submitted pull request review: [7446](https://github.com/hackforla/website/pull/7446#pullrequestreview-2304384673) at 2024-09-13 10:44 PM PDT
aadilahmed,2024-10-31T11:29:43Z,- aadilahmed assigned to issue: [6059](https://github.com/hackforla/website/issues/6059#issuecomment-2390620039) at 2024-10-31 04:29 AM PDT
aadilahmed,2024-10-31T11:30:00Z,- aadilahmed unassigned from issue: [6059](https://github.com/hackforla/website/issues/6059#issuecomment-2390620039) at 2024-10-31 04:30 AM PDT
aadilahmed,2024-10-31T11:39:41Z,- aadilahmed assigned to issue: [6059](https://github.com/hackforla/website/issues/6059#issuecomment-2390620039) at 2024-10-31 04:39 AM PDT
aadilahmed,2024-10-31T11:39:56Z,- aadilahmed unassigned from issue: [6059](https://github.com/hackforla/website/issues/6059#issuecomment-2390620039) at 2024-10-31 04:39 AM PDT
aadilahmed,2024-10-31T11:53:02Z,- aadilahmed assigned to issue: [7530](https://github.com/hackforla/website/issues/7530#issuecomment-2400238861) at 2024-10-31 04:53 AM PDT
aadilahmed,2024-10-31T12:05:19Z,- aadilahmed commented on issue: [7530](https://github.com/hackforla/website/issues/7530#issuecomment-2449689301) at 2024-10-31 05:05 AM PDT
aadilahmed,2024-11-10T22:43:15Z,- aadilahmed commented on issue: [7530](https://github.com/hackforla/website/issues/7530#issuecomment-2466970742) at 2024-11-10 02:43 PM PST
aadilahmed,2024-11-10T22:48:02Z,- aadilahmed commented on issue: [7530](https://github.com/hackforla/website/issues/7530#issuecomment-2466972351) at 2024-11-10 02:48 PM PST
aadilahmed,2024-11-17T10:49:42Z,- aadilahmed commented on issue: [7530](https://github.com/hackforla/website/issues/7530#issuecomment-2481169878) at 2024-11-17 02:49 AM PST
aadilahmed,2024-11-18T01:01:16Z,- aadilahmed commented on issue: [7530](https://github.com/hackforla/website/issues/7530#issuecomment-2481727158) at 2024-11-17 05:01 PM PST
aadilahmed,2024-11-18T03:38:18Z,- aadilahmed commented on issue: [7530](https://github.com/hackforla/website/issues/7530#issuecomment-2481879583) at 2024-11-17 07:38 PM PST
aadilahmed,2024-11-19T02:36:47Z,- aadilahmed opened pull request: [7729](https://github.com/hackforla/website/pull/7729) at 2024-11-18 06:36 PM PST
aadilahmed,2024-11-27T23:10:28Z,- aadilahmed pull request merged: [7729](https://github.com/hackforla/website/pull/7729#event-15458481914) at 2024-11-27 03:10 PM PST
aadilahmed,2025-02-10T08:09:02Z,- aadilahmed commented on pull request: [7903](https://github.com/hackforla/website/pull/7903#issuecomment-2647217299) at 2025-02-10 12:09 AM PST
aadilahmed,2025-02-13T01:11:22Z,- aadilahmed submitted pull request review: [7903](https://github.com/hackforla/website/pull/7903#pullrequestreview-2613587791) at 2025-02-12 05:11 PM PST
aadilahmed,2025-04-01T01:50:13Z,- aadilahmed assigned to issue: [7532](https://github.com/hackforla/website/issues/7532#issuecomment-2709675335) at 2025-03-31 06:50 PM PDT
aadilahmed,2025-04-01T01:51:48Z,- aadilahmed commented on issue: [7532](https://github.com/hackforla/website/issues/7532#issuecomment-2767834711) at 2025-03-31 06:51 PM PDT
aadilahmed,2025-04-05T08:40:29Z,- aadilahmed commented on issue: [7532](https://github.com/hackforla/website/issues/7532#issuecomment-2780594387) at 2025-04-05 01:40 AM PDT
aadilahmed,2025-04-05T09:01:02Z,- aadilahmed opened pull request: [8045](https://github.com/hackforla/website/pull/8045) at 2025-04-05 02:01 AM PDT
aadilahmed,2025-04-12T21:31:35Z,- aadilahmed pull request merged: [8045](https://github.com/hackforla/website/pull/8045#event-17235550861) at 2025-04-12 02:31 PM PDT
aadilahmed,2025-06-08T01:33:39Z,- aadilahmed assigned to issue: [7449](https://github.com/hackforla/website/issues/7449#issuecomment-2849474313) at 2025-06-07 06:33 PM PDT
aadilahmed,2025-06-08T01:33:56Z,- aadilahmed unassigned from issue: [7449](https://github.com/hackforla/website/issues/7449#issuecomment-2849474313) at 2025-06-07 06:33 PM PDT
aadilahmed,2025-06-17T07:33:19Z,- aadilahmed commented on pull request: [8180](https://github.com/hackforla/website/pull/8180#issuecomment-2979263287) at 2025-06-17 12:33 AM PDT
aadilahmed,2025-06-18T05:26:12Z,- aadilahmed submitted pull request review: [8180](https://github.com/hackforla/website/pull/8180#pullrequestreview-2937774601) at 2025-06-17 10:26 PM PDT
aahvocado,2020-10-18T18:08:25Z,- aahvocado assigned to issue: [689](https://github.com/hackforla/website/issues/689) at 2020-10-18 11:08 AM PDT
aahvocado,2020-10-24T05:21:52Z,- aahvocado commented on issue: [689](https://github.com/hackforla/website/issues/689#issuecomment-715716574) at 2020-10-23 10:21 PM PDT
aahvocado,2020-11-13T23:45:37Z,- aahvocado commented on issue: [689](https://github.com/hackforla/website/issues/689#issuecomment-727087554) at 2020-11-13 03:45 PM PST
aahvocado,2021-02-24T18:51:43Z,- aahvocado unassigned from issue: [689](https://github.com/hackforla/website/issues/689#issuecomment-785289923) at 2021-02-24 10:51 AM PST
aahx,4612,SKILLS ISSUE
aahx,2023-05-09T03:11:52Z,- aahx opened issue: [4612](https://github.com/hackforla/website/issues/4612) at 2023-05-08 08:11 PM PDT
aahx,2023-05-09T03:47:42Z,- aahx assigned to issue: [4612](https://github.com/hackforla/website/issues/4612) at 2023-05-08 08:47 PM PDT
aahx,2023-05-22T02:02:31Z,- aahx commented on issue: [4612](https://github.com/hackforla/website/issues/4612#issuecomment-1556403958) at 2023-05-21 07:02 PM PDT
aahx,2023-10-13T23:12:57Z,- aahx closed issue as completed: [4612](https://github.com/hackforla/website/issues/4612#event-10649834800) at 2023-10-13 04:12 PM PDT
aalieu,2021-06-21T20:19:35Z,- aalieu opened pull request: [1800](https://github.com/hackforla/website/pull/1800) at 2021-06-21 01:19 PM PDT
aalieu,2021-06-21T20:19:45Z,- aalieu pull request closed w/o merging: [1800](https://github.com/hackforla/website/pull/1800#event-4918936828) at 2021-06-21 01:19 PM PDT
aalieu,2021-06-21T20:21:12Z,- aalieu assigned to issue: [1569](https://github.com/hackforla/website/issues/1569) at 2021-06-21 01:21 PM PDT
aalieu,2021-06-21T20:59:42Z,- aalieu opened pull request: [1801](https://github.com/hackforla/website/pull/1801) at 2021-06-21 01:59 PM PDT
aalieu,2021-06-23T16:49:07Z,- aalieu pull request merged: [1801](https://github.com/hackforla/website/pull/1801#event-4930076585) at 2021-06-23 09:49 AM PDT
aalieu,2021-06-24T22:19:55Z,- aalieu assigned to issue: [1829](https://github.com/hackforla/website/issues/1829) at 2021-06-24 03:19 PM PDT
aalieu,2021-06-28T23:04:38Z,- aalieu opened pull request: [1853](https://github.com/hackforla/website/pull/1853) at 2021-06-28 04:04 PM PDT
aalieu,2021-06-29T00:05:59Z,- aalieu submitted pull request review: [1855](https://github.com/hackforla/website/pull/1855#pullrequestreview-694486293) at 2021-06-28 05:05 PM PDT
aalieu,2021-06-29T13:11:16Z,- aalieu pull request merged: [1853](https://github.com/hackforla/website/pull/1853#event-4953519075) at 2021-06-29 06:11 AM PDT
aalieu,2021-06-29T19:39:19Z,- aalieu assigned to issue: [1794](https://github.com/hackforla/website/issues/1794) at 2021-06-29 12:39 PM PDT
aalieu,2021-07-04T04:58:46Z,- aalieu commented on issue: [1794](https://github.com/hackforla/website/issues/1794#issuecomment-873522112) at 2021-07-03 09:58 PM PDT
aalieu,2021-07-04T05:08:00Z,- aalieu commented on issue: [1794](https://github.com/hackforla/website/issues/1794#issuecomment-873523010) at 2021-07-03 10:08 PM PDT
aalieu,2021-07-04T19:19:12Z,- aalieu commented on issue: [1794](https://github.com/hackforla/website/issues/1794#issuecomment-873646848) at 2021-07-04 12:19 PM PDT
aalieu,2021-07-09T03:44:55Z,- aalieu commented on issue: [1891](https://github.com/hackforla/website/issues/1891#issuecomment-876890418) at 2021-07-08 08:44 PM PDT
aalieu,2021-07-09T08:15:26Z,- aalieu opened pull request: [1907](https://github.com/hackforla/website/pull/1907) at 2021-07-09 01:15 AM PDT
aalieu,2021-07-09T21:39:06Z,- aalieu opened issue: [1910](https://github.com/hackforla/website/issues/1910) at 2021-07-09 02:39 PM PDT
aalieu,2021-07-12T04:32:22Z,- aalieu submitted pull request review: [1922](https://github.com/hackforla/website/pull/1922#pullrequestreview-703706415) at 2021-07-11 09:32 PM PDT
aalieu,2021-07-13T05:11:38Z,- aalieu commented on pull request: [1907](https://github.com/hackforla/website/pull/1907#issuecomment-878784905) at 2021-07-12 10:11 PM PDT
aalieu,2021-07-13T20:46:50Z,- aalieu pull request merged: [1907](https://github.com/hackforla/website/pull/1907#event-5016200311) at 2021-07-13 01:46 PM PDT
aalieu,2021-07-13T22:09:49Z,- aalieu assigned to issue: [1619](https://github.com/hackforla/website/issues/1619#issuecomment-877784115) at 2021-07-13 03:09 PM PDT
aalieu,2021-07-18T08:02:44Z,- aalieu commented on issue: [1619](https://github.com/hackforla/website/issues/1619#issuecomment-882016805) at 2021-07-18 01:02 AM PDT
aalieu,2021-07-31T21:00:14Z,- aalieu commented on issue: [1619](https://github.com/hackforla/website/issues/1619#issuecomment-890403411) at 2021-07-31 02:00 PM PDT
aalieu,2021-08-04T01:38:22Z,- aalieu opened pull request: [2059](https://github.com/hackforla/website/pull/2059) at 2021-08-03 06:38 PM PDT
aalieu,2021-08-05T00:40:20Z,- aalieu submitted pull request review: [2028](https://github.com/hackforla/website/pull/2028#pullrequestreview-722843612) at 2021-08-04 05:40 PM PDT
aalieu,2021-08-08T08:40:50Z,- aalieu commented on issue: [1619](https://github.com/hackforla/website/issues/1619#issuecomment-894763864) at 2021-08-08 01:40 AM PDT
aalieu,2021-08-18T05:23:36Z,- aalieu commented on pull request: [2118](https://github.com/hackforla/website/pull/2118#issuecomment-900821181) at 2021-08-17 10:23 PM PDT
aalieu,2021-08-25T04:44:39Z,- aalieu commented on pull request: [2059](https://github.com/hackforla/website/pull/2059#issuecomment-905178837) at 2021-08-24 09:44 PM PDT
aalieu,2021-08-25T06:21:41Z,- aalieu commented on pull request: [2059](https://github.com/hackforla/website/pull/2059#issuecomment-905218557) at 2021-08-24 11:21 PM PDT
aalieu,2021-08-31T04:18:02Z,- aalieu commented on pull request: [2059](https://github.com/hackforla/website/pull/2059#issuecomment-908885460) at 2021-08-30 09:18 PM PDT
aalieu,2021-09-01T00:14:54Z,- aalieu submitted pull request review: [2209](https://github.com/hackforla/website/pull/2209#pullrequestreview-743292900) at 2021-08-31 05:14 PM PDT
aalieu,2021-09-04T03:14:49Z,- aalieu pull request merged: [2059](https://github.com/hackforla/website/pull/2059#event-5256016537) at 2021-09-03 08:14 PM PDT
aalieu,2021-09-08T23:14:05Z,- aalieu assigned to issue: [2078](https://github.com/hackforla/website/issues/2078) at 2021-09-08 04:14 PM PDT
aalieu,2021-09-10T22:08:46Z,- aalieu commented on issue: [2078](https://github.com/hackforla/website/issues/2078#issuecomment-917242442) at 2021-09-10 03:08 PM PDT
aalieu,2021-09-14T22:18:36Z,- aalieu opened pull request: [2263](https://github.com/hackforla/website/pull/2263) at 2021-09-14 03:18 PM PDT
aalieu,2021-09-16T22:07:17Z,- aalieu submitted pull request review: [2259](https://github.com/hackforla/website/pull/2259#pullrequestreview-756840280) at 2021-09-16 03:07 PM PDT
aalieu,2021-09-20T05:45:02Z,- aalieu commented on pull request: [2263](https://github.com/hackforla/website/pull/2263#issuecomment-922650626) at 2021-09-19 10:45 PM PDT
aalieu,2021-09-23T03:21:18Z,- aalieu commented on pull request: [2263](https://github.com/hackforla/website/pull/2263#issuecomment-925479378) at 2021-09-22 08:21 PM PDT
aalieu,2021-09-24T20:50:25Z,- aalieu pull request merged: [2263](https://github.com/hackforla/website/pull/2263#event-5358313199) at 2021-09-24 01:50 PM PDT
aalieu,2021-09-24T21:00:05Z,- aalieu submitted pull request review: [2259](https://github.com/hackforla/website/pull/2259#pullrequestreview-763471719) at 2021-09-24 02:00 PM PDT
aalieu,2021-10-05T20:28:22Z,- aalieu opened pull request: [2338](https://github.com/hackforla/website/pull/2338) at 2021-10-05 01:28 PM PDT
aalieu,2021-10-12T06:10:37Z,- aalieu pull request merged: [2338](https://github.com/hackforla/website/pull/2338#event-5447165432) at 2021-10-11 11:10 PM PDT
aaronweixiangli,4165,SKILLS ISSUE
aaronweixiangli,2023-03-14T03:06:02Z,- aaronweixiangli opened issue: [4165](https://github.com/hackforla/website/issues/4165) at 2023-03-13 08:06 PM PDT
aaronweixiangli,2023-03-14T03:35:04Z,- aaronweixiangli assigned to issue: [4165](https://github.com/hackforla/website/issues/4165) at 2023-03-13 08:35 PM PDT
aaronweixiangli,2023-03-16T02:32:42Z,- aaronweixiangli assigned to issue: [3933](https://github.com/hackforla/website/issues/3933) at 2023-03-15 07:32 PM PDT
aaronweixiangli,2023-03-16T02:34:58Z,- aaronweixiangli commented on issue: [3933](https://github.com/hackforla/website/issues/3933#issuecomment-1471192853) at 2023-03-15 07:34 PM PDT
aaronweixiangli,2023-03-16T03:35:11Z,- aaronweixiangli opened pull request: [4194](https://github.com/hackforla/website/pull/4194) at 2023-03-15 08:35 PM PDT
aaronweixiangli,2023-03-17T01:29:34Z,- aaronweixiangli commented on pull request: [4194](https://github.com/hackforla/website/pull/4194#issuecomment-1472978948) at 2023-03-16 06:29 PM PDT
aaronweixiangli,2023-03-19T04:01:31Z,- aaronweixiangli pull request merged: [4194](https://github.com/hackforla/website/pull/4194#event-8786872677) at 2023-03-18 09:01 PM PDT
aaronweixiangli,2023-03-21T22:09:40Z,- aaronweixiangli commented on issue: [4165](https://github.com/hackforla/website/issues/4165#issuecomment-1478655130) at 2023-03-21 03:09 PM PDT
aaronweixiangli,2023-03-26T20:53:57Z,- aaronweixiangli assigned to issue: [4286](https://github.com/hackforla/website/issues/4286) at 2023-03-26 01:53 PM PDT
aaronweixiangli,2023-03-26T20:55:41Z,- aaronweixiangli commented on issue: [4286](https://github.com/hackforla/website/issues/4286#issuecomment-1484221008) at 2023-03-26 01:55 PM PDT
aaronweixiangli,2023-03-26T21:22:19Z,- aaronweixiangli opened pull request: [4295](https://github.com/hackforla/website/pull/4295) at 2023-03-26 02:22 PM PDT
aaronweixiangli,2023-03-28T22:14:16Z,- aaronweixiangli pull request merged: [4295](https://github.com/hackforla/website/pull/4295#event-8870068608) at 2023-03-28 03:14 PM PDT
aaronweixiangli,2023-04-11T20:54:56Z,- aaronweixiangli assigned to issue: [4256](https://github.com/hackforla/website/issues/4256#issuecomment-1480492944) at 2023-04-11 01:54 PM PDT
aaronweixiangli,2023-04-11T21:10:42Z,- aaronweixiangli commented on issue: [4256](https://github.com/hackforla/website/issues/4256#issuecomment-1504096901) at 2023-04-11 02:10 PM PDT
aaronweixiangli,2023-04-11T21:51:52Z,- aaronweixiangli opened pull request: [4468](https://github.com/hackforla/website/pull/4468) at 2023-04-11 02:51 PM PDT
aaronweixiangli,2023-04-12T01:56:33Z,- aaronweixiangli commented on issue: [4165](https://github.com/hackforla/website/issues/4165#issuecomment-1504419853) at 2023-04-11 06:56 PM PDT
aaronweixiangli,2023-04-12T23:06:47Z,- aaronweixiangli commented on pull request: [4468](https://github.com/hackforla/website/pull/4468#issuecomment-1506079530) at 2023-04-12 04:06 PM PDT
aaronweixiangli,2023-04-14T01:20:35Z,- aaronweixiangli commented on pull request: [4468](https://github.com/hackforla/website/pull/4468#issuecomment-1507798940) at 2023-04-13 06:20 PM PDT
aaronweixiangli,2023-04-21T21:13:56Z,- aaronweixiangli pull request closed w/o merging: [4468](https://github.com/hackforla/website/pull/4468#event-9071049933) at 2023-04-21 02:13 PM PDT
aaronweixiangli,2023-04-21T21:50:37Z,- aaronweixiangli opened pull request: [4554](https://github.com/hackforla/website/pull/4554) at 2023-04-21 02:50 PM PDT
aaronweixiangli,2023-04-25T07:40:02Z,- aaronweixiangli pull request merged: [4554](https://github.com/hackforla/website/pull/4554#event-9089034453) at 2023-04-25 12:40 AM PDT
abbyhipp,2021-01-05T22:22:53Z,- abbyhipp assigned to issue: [953](https://github.com/hackforla/website/issues/953) at 2021-01-05 02:22 PM PST
abbyhipp,2021-01-21T18:12:39Z,- abbyhipp unassigned from issue: [953](https://github.com/hackforla/website/issues/953#issuecomment-764833019) at 2021-01-21 10:12 AM PST
abdiaz2018,3508,SKILLS ISSUE
abdiaz2018,2022-08-31T02:48:22Z,- abdiaz2018 opened issue: [3508](https://github.com/hackforla/website/issues/3508) at 2022-08-30 07:48 PM PDT
abdiaz2018,2022-08-31T03:46:59Z,- abdiaz2018 assigned to issue: [3508](https://github.com/hackforla/website/issues/3508) at 2022-08-30 08:46 PM PDT
abdiaz2018,2022-08-31T04:11:33Z,- abdiaz2018 assigned to issue: [2825](https://github.com/hackforla/website/issues/2825#issuecomment-1046382917) at 2022-08-30 09:11 PM PDT
abdiaz2018,2022-08-31T04:12:31Z,- abdiaz2018 commented on issue: [2825](https://github.com/hackforla/website/issues/2825#issuecomment-1232439090) at 2022-08-30 09:12 PM PDT
abdiaz2018,2022-09-02T22:42:24Z,- abdiaz2018 opened pull request: [3516](https://github.com/hackforla/website/pull/3516) at 2022-09-02 03:42 PM PDT
abdiaz2018,2022-09-02T23:20:43Z,- abdiaz2018 pull request merged: [3516](https://github.com/hackforla/website/pull/3516#event-7316202636) at 2022-09-02 04:20 PM PDT
abdiaz2018,2022-09-03T03:59:50Z,- abdiaz2018 assigned to issue: [3198](https://github.com/hackforla/website/issues/3198#issuecomment-1145805640) at 2022-09-02 08:59 PM PDT
abdiaz2018,2022-09-03T04:46:29Z,- abdiaz2018 commented on issue: [3198](https://github.com/hackforla/website/issues/3198#issuecomment-1236048066) at 2022-09-02 09:46 PM PDT
abdiaz2018,2022-09-03T21:16:29Z,- abdiaz2018 opened pull request: [3518](https://github.com/hackforla/website/pull/3518) at 2022-09-03 02:16 PM PDT
abdiaz2018,2022-09-06T01:59:31Z,- abdiaz2018 pull request merged: [3518](https://github.com/hackforla/website/pull/3518#event-7326306270) at 2022-09-05 06:59 PM PDT
abdiaz2018,2022-09-08T03:39:51Z,- abdiaz2018 assigned to issue: [2211](https://github.com/hackforla/website/issues/2211#issuecomment-1090773428) at 2022-09-07 08:39 PM PDT
abdiaz2018,2022-09-08T19:47:52Z,- abdiaz2018 unassigned from issue: [2211](https://github.com/hackforla/website/issues/2211#issuecomment-1240178830) at 2022-09-08 12:47 PM PDT
abdiaz2018,2022-09-16T02:37:39Z,- abdiaz2018 assigned to issue: [2211](https://github.com/hackforla/website/issues/2211#issuecomment-1240178830) at 2022-09-15 07:37 PM PDT
abdiaz2018,2022-09-16T02:39:21Z,- abdiaz2018 commented on issue: [2211](https://github.com/hackforla/website/issues/2211#issuecomment-1248847240) at 2022-09-15 07:39 PM PDT
abdiaz2018,2022-09-16T03:15:23Z,- abdiaz2018 commented on issue: [2481](https://github.com/hackforla/website/issues/2481#issuecomment-1248871301) at 2022-09-15 08:15 PM PDT
abdiaz2018,2022-09-16T03:24:33Z,- abdiaz2018 assigned to issue: [2210](https://github.com/hackforla/website/issues/2210#issuecomment-1169471810) at 2022-09-15 08:24 PM PDT
abdiaz2018,2022-09-25T17:07:38Z,- abdiaz2018 closed issue as completed: [3508](https://github.com/hackforla/website/issues/3508#event-7453737636) at 2022-09-25 10:07 AM PDT
abdiaz2018,2022-09-26T21:25:26Z,- abdiaz2018 unassigned from issue: [2210](https://github.com/hackforla/website/issues/2210#issuecomment-1255890741) at 2022-09-26 02:25 PM PDT
Abel-Zambrano,2021-06-16T02:52:26Z,- Abel-Zambrano assigned to issue: [1574](https://github.com/hackforla/website/issues/1574) at 2021-06-15 07:52 PM PDT
Abel-Zambrano,2021-06-17T02:54:02Z,- Abel-Zambrano opened pull request: [1764](https://github.com/hackforla/website/pull/1764) at 2021-06-16 07:54 PM PDT
Abel-Zambrano,2021-06-17T04:16:20Z,- Abel-Zambrano pull request merged: [1764](https://github.com/hackforla/website/pull/1764#event-4901661242) at 2021-06-16 09:16 PM PDT
Abel-Zambrano,2021-06-18T01:24:10Z,- Abel-Zambrano assigned to issue: [1567](https://github.com/hackforla/website/issues/1567) at 2021-06-17 06:24 PM PDT
Abel-Zambrano,2021-06-18T01:49:43Z,- Abel-Zambrano opened pull request: [1771](https://github.com/hackforla/website/pull/1771) at 2021-06-17 06:49 PM PDT
Abel-Zambrano,2021-06-19T00:01:55Z,- Abel-Zambrano pull request merged: [1771](https://github.com/hackforla/website/pull/1771#event-4911921002) at 2021-06-18 05:01 PM PDT
Abel-Zambrano,2021-06-19T00:47:08Z,- Abel-Zambrano assigned to issue: [1165](https://github.com/hackforla/website/issues/1165#issuecomment-843016476) at 2021-06-18 05:47 PM PDT
Abel-Zambrano,2021-06-19T00:47:26Z,- Abel-Zambrano unassigned from issue: [1165](https://github.com/hackforla/website/issues/1165#issuecomment-843016476) at 2021-06-18 05:47 PM PDT
Abel-Zambrano,2021-06-19T00:48:59Z,- Abel-Zambrano assigned to issue: [1688](https://github.com/hackforla/website/issues/1688) at 2021-06-18 05:48 PM PDT
Abel-Zambrano,2021-06-22T02:24:11Z,- Abel-Zambrano opened pull request: [1803](https://github.com/hackforla/website/pull/1803) at 2021-06-21 07:24 PM PDT
Abel-Zambrano,2021-06-23T03:31:51Z,- Abel-Zambrano assigned to issue: [1596](https://github.com/hackforla/website/issues/1596) at 2021-06-22 08:31 PM PDT
Abel-Zambrano,2021-06-23T16:18:47Z,- Abel-Zambrano pull request closed w/o merging: [1803](https://github.com/hackforla/website/pull/1803#event-4929924350) at 2021-06-23 09:18 AM PDT
Abel-Zambrano,2021-06-24T02:36:59Z,- Abel-Zambrano opened pull request: [1822](https://github.com/hackforla/website/pull/1822) at 2021-06-23 07:36 PM PDT
Abel-Zambrano,2021-06-24T02:56:49Z,- Abel-Zambrano submitted pull request review: [1821](https://github.com/hackforla/website/pull/1821#pullrequestreview-691294768) at 2021-06-23 07:56 PM PDT
Abel-Zambrano,2021-06-25T00:06:45Z,- Abel-Zambrano pull request closed w/o merging: [1822](https://github.com/hackforla/website/pull/1822#event-4937350193) at 2021-06-24 05:06 PM PDT
Abel-Zambrano,2021-06-25T00:39:31Z,- Abel-Zambrano opened pull request: [1831](https://github.com/hackforla/website/pull/1831) at 2021-06-24 05:39 PM PDT
Abel-Zambrano,2021-06-28T20:25:49Z,- Abel-Zambrano unassigned from issue: [1596](https://github.com/hackforla/website/issues/1596) at 2021-06-28 01:25 PM PDT
Abel-Zambrano,2021-06-28T20:25:54Z,- Abel-Zambrano assigned to issue: [1596](https://github.com/hackforla/website/issues/1596) at 2021-06-28 01:25 PM PDT
Abel-Zambrano,2021-06-29T05:10:56Z,- Abel-Zambrano commented on issue: [1596](https://github.com/hackforla/website/issues/1596#issuecomment-870240847) at 2021-06-28 10:10 PM PDT
Abel-Zambrano,2021-06-29T12:57:46Z,- Abel-Zambrano pull request merged: [1831](https://github.com/hackforla/website/pull/1831#event-4953430935) at 2021-06-29 05:57 AM PDT
Abel-Zambrano,2021-06-30T01:01:24Z,- Abel-Zambrano opened pull request: [1861](https://github.com/hackforla/website/pull/1861) at 2021-06-29 06:01 PM PDT
Abel-Zambrano,2021-07-01T04:09:12Z,- Abel-Zambrano submitted pull request review: [1860](https://github.com/hackforla/website/pull/1860#pullrequestreview-696791991) at 2021-06-30 09:09 PM PDT
Abel-Zambrano,2021-07-01T04:19:40Z,- Abel-Zambrano submitted pull request review: [1857](https://github.com/hackforla/website/pull/1857#pullrequestreview-696795842) at 2021-06-30 09:19 PM PDT
Abel-Zambrano,2021-07-02T02:27:13Z,- Abel-Zambrano commented on pull request: [1861](https://github.com/hackforla/website/pull/1861#issuecomment-872666851) at 2021-07-01 07:27 PM PDT
Abel-Zambrano,2021-07-04T20:18:24Z,- Abel-Zambrano submitted pull request review: [1861](https://github.com/hackforla/website/pull/1861#pullrequestreview-698705355) at 2021-07-04 01:18 PM PDT
Abel-Zambrano,2021-07-04T20:27:03Z,- Abel-Zambrano assigned to issue: [1818](https://github.com/hackforla/website/issues/1818#issuecomment-867239837) at 2021-07-04 01:27 PM PDT
Abel-Zambrano,2021-07-05T19:21:36Z,- Abel-Zambrano commented on pull request: [1861](https://github.com/hackforla/website/pull/1861#issuecomment-874292744) at 2021-07-05 12:21 PM PDT
Abel-Zambrano,2021-07-08T00:56:04Z,- Abel-Zambrano commented on pull request: [1861](https://github.com/hackforla/website/pull/1861#issuecomment-876034085) at 2021-07-07 05:56 PM PDT
Abel-Zambrano,2021-07-09T16:22:17Z,- Abel-Zambrano commented on pull request: [1861](https://github.com/hackforla/website/pull/1861#issuecomment-877303764) at 2021-07-09 09:22 AM PDT
Abel-Zambrano,2021-07-09T22:49:14Z,- Abel-Zambrano submitted pull request review: [1906](https://github.com/hackforla/website/pull/1906#pullrequestreview-703432729) at 2021-07-09 03:49 PM PDT
Abel-Zambrano,2021-07-10T19:21:38Z,- Abel-Zambrano pull request closed w/o merging: [1861](https://github.com/hackforla/website/pull/1861#event-5003523547) at 2021-07-10 12:21 PM PDT
Abel-Zambrano,2021-07-10T20:28:28Z,- Abel-Zambrano opened pull request: [1914](https://github.com/hackforla/website/pull/1914) at 2021-07-10 01:28 PM PDT
Abel-Zambrano,2021-07-11T01:51:09Z,- Abel-Zambrano commented on pull request: [1914](https://github.com/hackforla/website/pull/1914#issuecomment-877728290) at 2021-07-10 06:51 PM PDT
Abel-Zambrano,2021-07-11T02:14:20Z,- Abel-Zambrano unassigned from issue: [1818](https://github.com/hackforla/website/issues/1818#issuecomment-877614955) at 2021-07-10 07:14 PM PDT
Abel-Zambrano,2021-07-11T02:17:10Z,- Abel-Zambrano assigned to issue: [1818](https://github.com/hackforla/website/issues/1818#issuecomment-877614955) at 2021-07-10 07:17 PM PDT
Abel-Zambrano,2021-07-11T02:20:47Z,- Abel-Zambrano commented on issue: [1818](https://github.com/hackforla/website/issues/1818#issuecomment-877730627) at 2021-07-10 07:20 PM PDT
Abel-Zambrano,2021-07-11T20:05:16Z,- Abel-Zambrano pull request merged: [1914](https://github.com/hackforla/website/pull/1914#event-5004480131) at 2021-07-11 01:05 PM PDT
Abel-Zambrano,2021-07-11T21:31:37Z,- Abel-Zambrano commented on issue: [1596](https://github.com/hackforla/website/issues/1596#issuecomment-877864484) at 2021-07-11 02:31 PM PDT
Abel-Zambrano,2021-07-14T02:42:37Z,- Abel-Zambrano commented on issue: [1717](https://github.com/hackforla/website/issues/1717#issuecomment-879541372) at 2021-07-13 07:42 PM PDT
Abel-Zambrano,2021-07-14T02:49:36Z,- Abel-Zambrano commented on issue: [1551](https://github.com/hackforla/website/issues/1551#issuecomment-879543644) at 2021-07-13 07:49 PM PDT
Abel-Zambrano,2021-07-15T02:07:03Z,- Abel-Zambrano commented on issue: [1596](https://github.com/hackforla/website/issues/1596#issuecomment-880332440) at 2021-07-14 07:07 PM PDT
Abel-Zambrano,2021-07-16T01:55:43Z,- Abel-Zambrano opened pull request: [1953](https://github.com/hackforla/website/pull/1953) at 2021-07-15 06:55 PM PDT
Abel-Zambrano,2021-07-19T19:51:18Z,- Abel-Zambrano commented on pull request: [1953](https://github.com/hackforla/website/pull/1953#issuecomment-882814389) at 2021-07-19 12:51 PM PDT
Abel-Zambrano,2021-07-20T01:09:53Z,- Abel-Zambrano opened issue: [1980](https://github.com/hackforla/website/issues/1980) at 2021-07-19 06:09 PM PDT
Abel-Zambrano,2021-07-20T01:19:16Z,- Abel-Zambrano opened issue: [1981](https://github.com/hackforla/website/issues/1981) at 2021-07-19 06:19 PM PDT
Abel-Zambrano,2021-07-20T01:37:49Z,- Abel-Zambrano opened issue: [1982](https://github.com/hackforla/website/issues/1982) at 2021-07-19 06:37 PM PDT
Abel-Zambrano,2021-07-20T01:46:59Z,- Abel-Zambrano opened issue: [1984](https://github.com/hackforla/website/issues/1984) at 2021-07-19 06:46 PM PDT
Abel-Zambrano,2021-07-20T02:02:27Z,- Abel-Zambrano opened issue: [1985](https://github.com/hackforla/website/issues/1985) at 2021-07-19 07:02 PM PDT
Abel-Zambrano,2021-07-21T01:36:26Z,- Abel-Zambrano pull request merged: [1953](https://github.com/hackforla/website/pull/1953#event-5047555174) at 2021-07-20 06:36 PM PDT
Abel-Zambrano,2021-07-21T03:42:37Z,- Abel-Zambrano commented on issue: [1985](https://github.com/hackforla/website/issues/1985#issuecomment-883862745) at 2021-07-20 08:42 PM PDT
Abel-Zambrano,2021-07-21T03:57:02Z,- Abel-Zambrano commented on issue: [1891](https://github.com/hackforla/website/issues/1891#issuecomment-883866777) at 2021-07-20 08:57 PM PDT
Abel-Zambrano,2021-07-21T17:22:01Z,- Abel-Zambrano commented on issue: [1984](https://github.com/hackforla/website/issues/1984#issuecomment-884358637) at 2021-07-21 10:22 AM PDT
Abel-Zambrano,2021-07-21T17:31:39Z,- Abel-Zambrano commented on issue: [1985](https://github.com/hackforla/website/issues/1985#issuecomment-884364346) at 2021-07-21 10:31 AM PDT
Abel-Zambrano,2021-07-21T17:58:55Z,- Abel-Zambrano commented on issue: [1984](https://github.com/hackforla/website/issues/1984#issuecomment-884380825) at 2021-07-21 10:58 AM PDT
Abel-Zambrano,2021-07-27T03:59:36Z,- Abel-Zambrano commented on issue: [1818](https://github.com/hackforla/website/issues/1818#issuecomment-887188675) at 2021-07-26 08:59 PM PDT
Abel-Zambrano,2021-07-28T20:01:05Z,- Abel-Zambrano closed issue as completed: [1818](https://github.com/hackforla/website/issues/1818#event-5082268868) at 2021-07-28 01:01 PM PDT
Abel-Zambrano,2021-07-28T20:29:47Z,- Abel-Zambrano reopened issue: [1818](https://github.com/hackforla/website/issues/1818#event-5082268868) at 2021-07-28 01:29 PM PDT
Abel-Zambrano,2021-07-29T00:32:48Z,- Abel-Zambrano opened pull request: [2018](https://github.com/hackforla/website/pull/2018) at 2021-07-28 05:32 PM PDT
Abel-Zambrano,2021-07-29T00:34:30Z,- Abel-Zambrano pull request closed w/o merging: [2018](https://github.com/hackforla/website/pull/2018#event-5083111679) at 2021-07-28 05:34 PM PDT
Abel-Zambrano,2021-07-29T01:24:32Z,- Abel-Zambrano opened pull request: [2019](https://github.com/hackforla/website/pull/2019) at 2021-07-28 06:24 PM PDT
Abel-Zambrano,2021-07-30T02:02:53Z,- Abel-Zambrano submitted pull request review: [1999](https://github.com/hackforla/website/pull/1999#pullrequestreview-718662744) at 2021-07-29 07:02 PM PDT
Abel-Zambrano,2021-07-30T02:06:14Z,- Abel-Zambrano commented on pull request: [1999](https://github.com/hackforla/website/pull/1999#issuecomment-889574539) at 2021-07-29 07:06 PM PDT
Abel-Zambrano,2021-07-30T06:14:53Z,- Abel-Zambrano submitted pull request review: [1999](https://github.com/hackforla/website/pull/1999#pullrequestreview-718751609) at 2021-07-29 11:14 PM PDT
Abel-Zambrano,2021-07-30T06:29:13Z,- Abel-Zambrano commented on pull request: [1999](https://github.com/hackforla/website/pull/1999#issuecomment-889662692) at 2021-07-29 11:29 PM PDT
Abel-Zambrano,2021-07-30T06:43:03Z,- Abel-Zambrano submitted pull request review: [1999](https://github.com/hackforla/website/pull/1999#pullrequestreview-718766170) at 2021-07-29 11:43 PM PDT
Abel-Zambrano,2021-08-01T16:34:21Z,- Abel-Zambrano commented on pull request: [2019](https://github.com/hackforla/website/pull/2019#issuecomment-890550738) at 2021-08-01 09:34 AM PDT
Abel-Zambrano,2021-08-02T07:10:51Z,- Abel-Zambrano pull request merged: [2019](https://github.com/hackforla/website/pull/2019#event-5097169735) at 2021-08-02 12:10 AM PDT
Abel-Zambrano,2021-08-03T04:12:59Z,- Abel-Zambrano submitted pull request review: [2022](https://github.com/hackforla/website/pull/2022#pullrequestreview-720762649) at 2021-08-02 09:12 PM PDT
Abel-Zambrano,2021-08-04T01:59:17Z,- Abel-Zambrano commented on issue: [1980](https://github.com/hackforla/website/issues/1980#issuecomment-892298707) at 2021-08-03 06:59 PM PDT
Abel-Zambrano,2021-08-06T03:59:38Z,- Abel-Zambrano assigned to issue: [2023](https://github.com/hackforla/website/issues/2023) at 2021-08-05 08:59 PM PDT
Abel-Zambrano,2021-08-06T04:03:24Z,- Abel-Zambrano unassigned from issue: [2023](https://github.com/hackforla/website/issues/2023) at 2021-08-05 09:03 PM PDT
Abel-Zambrano,2021-08-06T04:06:10Z,- Abel-Zambrano assigned to issue: [2023](https://github.com/hackforla/website/issues/2023) at 2021-08-05 09:06 PM PDT
Abel-Zambrano,2021-08-07T01:28:07Z,- Abel-Zambrano commented on issue: [1981](https://github.com/hackforla/website/issues/1981#issuecomment-894585291) at 2021-08-06 06:28 PM PDT
Abel-Zambrano,2021-08-07T01:34:02Z,- Abel-Zambrano commented on issue: [1981](https://github.com/hackforla/website/issues/1981#issuecomment-894585903) at 2021-08-06 06:34 PM PDT
Abel-Zambrano,2021-08-07T01:40:05Z,- Abel-Zambrano commented on issue: [2023](https://github.com/hackforla/website/issues/2023#issuecomment-894586553) at 2021-08-06 06:40 PM PDT
Abel-Zambrano,2021-08-08T19:41:08Z,- Abel-Zambrano opened pull request: [2072](https://github.com/hackforla/website/pull/2072) at 2021-08-08 12:41 PM PDT
Abel-Zambrano,2021-08-10T02:34:06Z,- Abel-Zambrano pull request merged: [2072](https://github.com/hackforla/website/pull/2072#event-5132952277) at 2021-08-09 07:34 PM PDT
Abel-Zambrano,2021-08-11T16:30:20Z,- Abel-Zambrano commented on issue: [1980](https://github.com/hackforla/website/issues/1980#issuecomment-896973016) at 2021-08-11 09:30 AM PDT
Abel-Zambrano,2021-08-11T16:33:27Z,- Abel-Zambrano commented on issue: [1981](https://github.com/hackforla/website/issues/1981#issuecomment-896975211) at 2021-08-11 09:33 AM PDT
Abel-Zambrano,2021-08-12T02:41:57Z,- Abel-Zambrano commented on issue: [1981](https://github.com/hackforla/website/issues/1981#issuecomment-897303450) at 2021-08-11 07:41 PM PDT
Abel-Zambrano,2021-08-14T15:47:35Z,- Abel-Zambrano submitted pull request review: [2115](https://github.com/hackforla/website/pull/2115#pullrequestreview-730103492) at 2021-08-14 08:47 AM PDT
Abel-Zambrano,2021-08-14T16:15:00Z,- Abel-Zambrano submitted pull request review: [2098](https://github.com/hackforla/website/pull/2098#pullrequestreview-730117603) at 2021-08-14 09:15 AM PDT
Abel-Zambrano,2021-08-14T16:20:16Z,- Abel-Zambrano assigned to issue: [2076](https://github.com/hackforla/website/issues/2076) at 2021-08-14 09:20 AM PDT
Abel-Zambrano,2021-08-14T16:29:34Z,- Abel-Zambrano opened issue: [2116](https://github.com/hackforla/website/issues/2116) at 2021-08-14 09:29 AM PDT
Abel-Zambrano,2021-08-25T00:15:10Z,- Abel-Zambrano commented on issue: [2076](https://github.com/hackforla/website/issues/2076#issuecomment-905059862) at 2021-08-24 05:15 PM PDT
Abel-Zambrano,2021-08-29T16:36:12Z,- Abel-Zambrano commented on issue: [1982](https://github.com/hackforla/website/issues/1982#issuecomment-907823063) at 2021-08-29 09:36 AM PDT
Abel-Zambrano,2021-08-29T17:37:28Z,- Abel-Zambrano commented on issue: [1901](https://github.com/hackforla/website/issues/1901#issuecomment-907834767) at 2021-08-29 10:37 AM PDT
Abel-Zambrano,2021-08-29T17:39:42Z,- Abel-Zambrano commented on issue: [2135](https://github.com/hackforla/website/issues/2135#issuecomment-907835397) at 2021-08-29 10:39 AM PDT
Abel-Zambrano,2021-08-29T17:41:33Z,- Abel-Zambrano commented on issue: [2014](https://github.com/hackforla/website/issues/2014#issuecomment-907836003) at 2021-08-29 10:41 AM PDT
Abel-Zambrano,2021-09-05T15:12:21Z,- Abel-Zambrano commented on issue: [2076](https://github.com/hackforla/website/issues/2076#issuecomment-913172782) at 2021-09-05 08:12 AM PDT
Abel-Zambrano,2021-09-11T20:40:28Z,- Abel-Zambrano commented on issue: [2076](https://github.com/hackforla/website/issues/2076#issuecomment-917476858) at 2021-09-11 01:40 PM PDT
Abel-Zambrano,2021-09-14T03:50:34Z,- Abel-Zambrano opened pull request: [2259](https://github.com/hackforla/website/pull/2259) at 2021-09-13 08:50 PM PDT
Abel-Zambrano,2021-09-14T03:54:02Z,- Abel-Zambrano submitted pull request review: [2254](https://github.com/hackforla/website/pull/2254#pullrequestreview-753446739) at 2021-09-13 08:54 PM PDT
Abel-Zambrano,2021-09-14T20:12:08Z,- Abel-Zambrano commented on pull request: [2259](https://github.com/hackforla/website/pull/2259#issuecomment-919478828) at 2021-09-14 01:12 PM PDT
Abel-Zambrano,2021-09-19T21:05:47Z,- Abel-Zambrano commented on issue: [2076](https://github.com/hackforla/website/issues/2076#issuecomment-922537011) at 2021-09-19 02:05 PM PDT
Abel-Zambrano,2021-09-23T01:46:33Z,- Abel-Zambrano commented on pull request: [2259](https://github.com/hackforla/website/pull/2259#issuecomment-925449864) at 2021-09-22 06:46 PM PDT
Abel-Zambrano,2021-09-23T01:47:41Z,- Abel-Zambrano commented on issue: [2076](https://github.com/hackforla/website/issues/2076#issuecomment-925450179) at 2021-09-22 06:47 PM PDT
Abel-Zambrano,2021-09-29T15:47:28Z,- Abel-Zambrano pull request merged: [2259](https://github.com/hackforla/website/pull/2259#event-5381799895) at 2021-09-29 08:47 AM PDT
Abel-Zambrano,2021-10-05T02:14:10Z,- Abel-Zambrano assigned to issue: [2125](https://github.com/hackforla/website/issues/2125#issuecomment-921551162) at 2021-10-04 07:14 PM PDT
Abel-Zambrano,2021-10-09T18:10:17Z,- Abel-Zambrano commented on issue: [2125](https://github.com/hackforla/website/issues/2125#issuecomment-939338711) at 2021-10-09 11:10 AM PDT
Abel-Zambrano,2021-10-09T18:12:00Z,- Abel-Zambrano commented on issue: [2125](https://github.com/hackforla/website/issues/2125#issuecomment-939339045) at 2021-10-09 11:12 AM PDT
Abel-Zambrano,2021-10-15T14:06:46Z,- Abel-Zambrano commented on issue: [2125](https://github.com/hackforla/website/issues/2125#issuecomment-944330679) at 2021-10-15 07:06 AM PDT
Abel-Zambrano,2021-10-21T01:43:02Z,- Abel-Zambrano commented on issue: [2125](https://github.com/hackforla/website/issues/2125#issuecomment-948181081) at 2021-10-20 06:43 PM PDT
Abel-Zambrano,2021-10-22T20:44:53Z,- Abel-Zambrano opened pull request: [2390](https://github.com/hackforla/website/pull/2390) at 2021-10-22 01:44 PM PDT
Abel-Zambrano,2021-10-26T03:56:19Z,- Abel-Zambrano commented on pull request: [2390](https://github.com/hackforla/website/pull/2390#issuecomment-951535024) at 2021-10-25 08:56 PM PDT
Abel-Zambrano,2021-10-27T02:29:43Z,- Abel-Zambrano commented on pull request: [2390](https://github.com/hackforla/website/pull/2390#issuecomment-952482926) at 2021-10-26 07:29 PM PDT
Abel-Zambrano,2021-10-28T21:28:10Z,- Abel-Zambrano commented on pull request: [2390](https://github.com/hackforla/website/pull/2390#issuecomment-954234924) at 2021-10-28 02:28 PM PDT
Abel-Zambrano,2021-10-30T18:43:23Z,- Abel-Zambrano commented on issue: [2125](https://github.com/hackforla/website/issues/2125#issuecomment-955575832) at 2021-10-30 11:43 AM PDT
Abel-Zambrano,2021-11-13T19:13:58Z,- Abel-Zambrano commented on issue: [2125](https://github.com/hackforla/website/issues/2125#issuecomment-968120764) at 2021-11-13 11:13 AM PST
Abel-Zambrano,2021-11-18T20:10:41Z,- Abel-Zambrano commented on pull request: [2390](https://github.com/hackforla/website/pull/2390#issuecomment-973222718) at 2021-11-18 12:10 PM PST
Abel-Zambrano,2021-11-24T03:58:07Z,- Abel-Zambrano commented on issue: [2125](https://github.com/hackforla/website/issues/2125#issuecomment-977495835) at 2021-11-23 07:58 PM PST
Abel-Zambrano,2021-12-04T02:27:13Z,- Abel-Zambrano commented on issue: [2125](https://github.com/hackforla/website/issues/2125#issuecomment-985950756) at 2021-12-03 06:27 PM PST
Abel-Zambrano,2021-12-05T04:37:15Z,- Abel-Zambrano commented on pull request: [2390](https://github.com/hackforla/website/pull/2390#issuecomment-986165274) at 2021-12-04 08:37 PM PST
Abel-Zambrano,2021-12-10T01:55:02Z,- Abel-Zambrano pull request merged: [2390](https://github.com/hackforla/website/pull/2390#event-5744927657) at 2021-12-09 05:55 PM PST
Abel-Zambrano,2022-10-22T04:01:33Z,- Abel-Zambrano commented on issue: [1982](https://github.com/hackforla/website/issues/1982#issuecomment-1287604685) at 2022-10-21 09:01 PM PDT
abenipa3,2020-12-17T22:04:27Z,- abenipa3 assigned to issue: [826](https://github.com/hackforla/website/issues/826#issuecomment-739099523) at 2020-12-17 02:04 PM PST
abenipa3,2020-12-22T02:35:26Z,- abenipa3 unassigned from issue: [826](https://github.com/hackforla/website/issues/826#issuecomment-739099523) at 2020-12-21 06:35 PM PST
abenipa3,2020-12-22T23:16:47Z,- abenipa3 commented on issue: [826](https://github.com/hackforla/website/issues/826#issuecomment-749830181) at 2020-12-22 03:16 PM PST
abenipa3,2020-12-23T00:06:29Z,- abenipa3 opened pull request: [868](https://github.com/hackforla/website/pull/868) at 2020-12-22 04:06 PM PST
abenipa3,2020-12-23T01:10:04Z,- abenipa3 assigned to issue: [826](https://github.com/hackforla/website/issues/826#issuecomment-749830181) at 2020-12-22 05:10 PM PST
abenipa3,2020-12-23T03:13:39Z,- abenipa3 pull request merged: [868](https://github.com/hackforla/website/pull/868#event-4142501330) at 2020-12-22 07:13 PM PST
abenipa3,2020-12-23T03:17:18Z,- abenipa3 commented on issue: [826](https://github.com/hackforla/website/issues/826#issuecomment-749903705) at 2020-12-22 07:17 PM PST
abenipa3,2020-12-23T03:35:43Z,- abenipa3 closed issue by PR 858: [804](https://github.com/hackforla/website/issues/804#event-4142541307) at 2020-12-22 07:35 PM PST
abenipa3,2020-12-23T04:18:10Z,- abenipa3 assigned to issue: [853](https://github.com/hackforla/website/issues/853) at 2020-12-22 08:18 PM PST
abenipa3,2020-12-27T00:50:51Z,- abenipa3 commented on issue: [826](https://github.com/hackforla/website/issues/826#issuecomment-751412157) at 2020-12-26 04:50 PM PST
abenipa3,2020-12-27T03:29:33Z,- abenipa3 opened pull request: [874](https://github.com/hackforla/website/pull/874) at 2020-12-26 07:29 PM PST
abenipa3,2020-12-30T02:30:06Z,- abenipa3 pull request merged: [874](https://github.com/hackforla/website/pull/874#event-4156128433) at 2020-12-29 06:30 PM PST
abenipa3,2020-12-30T02:36:21Z,- abenipa3 assigned to issue: [603](https://github.com/hackforla/website/issues/603#issuecomment-749084217) at 2020-12-29 06:36 PM PST
abenipa3,2021-01-03T05:12:20Z,- abenipa3 opened pull request: [901](https://github.com/hackforla/website/pull/901) at 2021-01-02 09:12 PM PST
abenipa3,2021-01-03T17:56:44Z,- abenipa3 commented on issue: [603](https://github.com/hackforla/website/issues/603#issuecomment-753653497) at 2021-01-03 09:56 AM PST
abenipa3,2021-01-03T19:59:12Z,- abenipa3 pull request merged: [901](https://github.com/hackforla/website/pull/901#event-4162755565) at 2021-01-03 11:59 AM PST
abenipa3,2021-01-03T20:20:08Z,- abenipa3 closed issue by PR 903: [902](https://github.com/hackforla/website/issues/902#event-4162770503) at 2021-01-03 12:20 PM PST
abenipa3,2021-01-03T20:36:59Z,- abenipa3 opened issue: [909](https://github.com/hackforla/website/issues/909) at 2021-01-03 12:36 PM PST
abenipa3,2021-01-03T20:58:01Z,- abenipa3 commented on issue: [603](https://github.com/hackforla/website/issues/603#issuecomment-753675105) at 2021-01-03 12:58 PM PST
abenipa3,2021-01-03T21:24:02Z,- abenipa3 assigned to issue: [794](https://github.com/hackforla/website/issues/794#issuecomment-736994036) at 2021-01-03 01:24 PM PST
abenipa3,2021-01-06T04:06:06Z,- abenipa3 commented on issue: [603](https://github.com/hackforla/website/issues/603#issuecomment-755064557) at 2021-01-05 08:06 PM PST
abenipa3,2021-01-11T02:14:35Z,- abenipa3 commented on issue: [794](https://github.com/hackforla/website/issues/794#issuecomment-757590683) at 2021-01-10 06:14 PM PST
abenipa3,2021-01-12T00:02:47Z,- abenipa3 opened pull request: [933](https://github.com/hackforla/website/pull/933) at 2021-01-11 04:02 PM PST
abenipa3,2021-01-12T03:14:21Z,- abenipa3 commented on issue: [794](https://github.com/hackforla/website/issues/794#issuecomment-758366491) at 2021-01-11 07:14 PM PST
abenipa3,2021-01-18T00:56:36Z,- abenipa3 commented on pull request: [933](https://github.com/hackforla/website/pull/933#issuecomment-761916601) at 2021-01-17 04:56 PM PST
abenipa3,2021-01-18T01:01:20Z,- abenipa3 commented on issue: [794](https://github.com/hackforla/website/issues/794#issuecomment-761917937) at 2021-01-17 05:01 PM PST
abenipa3,2021-01-20T02:26:02Z,- abenipa3 commented on pull request: [933](https://github.com/hackforla/website/pull/933#issuecomment-763283766) at 2021-01-19 06:26 PM PST
abenipa3,2021-01-24T17:35:41Z,- abenipa3 commented on issue: [794](https://github.com/hackforla/website/issues/794#issuecomment-766399859) at 2021-01-24 09:35 AM PST
abenipa3,2021-01-27T03:51:05Z,- abenipa3 closed issue by PR 970: [955](https://github.com/hackforla/website/issues/955#event-4253804053) at 2021-01-26 07:51 PM PST
abenipa3,2021-01-29T23:06:13Z,- abenipa3 commented on pull request: [975](https://github.com/hackforla/website/pull/975#issuecomment-770096684) at 2021-01-29 03:06 PM PST
abenipa3,2021-01-31T09:15:56Z,- abenipa3 commented on issue: [794](https://github.com/hackforla/website/issues/794#issuecomment-770351484) at 2021-01-31 01:15 AM PST
abenipa3,2021-02-07T09:56:15Z,- abenipa3 commented on issue: [794](https://github.com/hackforla/website/issues/794#issuecomment-774645320) at 2021-02-07 01:56 AM PST
abenipa3,2021-02-07T21:27:47Z,- abenipa3 commented on issue: [794](https://github.com/hackforla/website/issues/794#issuecomment-774771107) at 2021-02-07 01:27 PM PST
abenipa3,2021-02-14T11:56:43Z,- abenipa3 commented on issue: [794](https://github.com/hackforla/website/issues/794#issuecomment-778767458) at 2021-02-14 03:56 AM PST
abenipa3,2021-02-14T18:59:47Z,- abenipa3 commented on issue: [794](https://github.com/hackforla/website/issues/794#issuecomment-778824416) at 2021-02-14 10:59 AM PST
abenipa3,2021-02-21T11:35:07Z,- abenipa3 commented on issue: [794](https://github.com/hackforla/website/issues/794#issuecomment-782842831) at 2021-02-21 03:35 AM PST
abenipa3,2021-02-21T20:49:57Z,- abenipa3 opened issue: [1085](https://github.com/hackforla/website/issues/1085) at 2021-02-21 12:49 PM PST
abenipa3,2021-02-21T20:49:58Z,- abenipa3 assigned to issue: [1085](https://github.com/hackforla/website/issues/1085) at 2021-02-21 12:49 PM PST
abenipa3,2021-02-21T20:52:13Z,- abenipa3 commented on issue: [794](https://github.com/hackforla/website/issues/794#issuecomment-782924549) at 2021-02-21 12:52 PM PST
abenipa3,2021-02-21T20:52:28Z,- abenipa3 pull request closed w/o merging: [933](https://github.com/hackforla/website/pull/933#event-4356773854) at 2021-02-21 12:52 PM PST
abenipa3,2021-02-21T20:52:47Z,- abenipa3 commented on pull request: [933](https://github.com/hackforla/website/pull/933#issuecomment-782924623) at 2021-02-21 12:52 PM PST
abenipa3,2021-02-21T20:56:23Z,- abenipa3 unassigned from issue: [794](https://github.com/hackforla/website/issues/794#issuecomment-782924549) at 2021-02-21 12:56 PM PST
abenipa3,2021-02-21T21:25:31Z,- abenipa3 opened issue: [1086](https://github.com/hackforla/website/issues/1086) at 2021-02-21 01:25 PM PST
abenipa3,2021-02-28T02:58:39Z,- abenipa3 opened issue: [1131](https://github.com/hackforla/website/issues/1131) at 2021-02-27 06:58 PM PST
abenipa3,2021-02-28T10:03:25Z,- abenipa3 commented on issue: [1085](https://github.com/hackforla/website/issues/1085#issuecomment-787427106) at 2021-02-28 02:03 AM PST
abenipa3,2021-02-28T20:43:41Z,- abenipa3 commented on issue: [1085](https://github.com/hackforla/website/issues/1085#issuecomment-787519748) at 2021-02-28 12:43 PM PST
abenipa3,2021-02-28T22:10:14Z,- abenipa3 commented on issue: [1131](https://github.com/hackforla/website/issues/1131#issuecomment-787532377) at 2021-02-28 02:10 PM PST
abenipa3,2021-03-07T08:21:27Z,- abenipa3 commented on issue: [1085](https://github.com/hackforla/website/issues/1085#issuecomment-792237354) at 2021-03-07 12:21 AM PST
abenipa3,2021-03-14T10:56:12Z,- abenipa3 commented on issue: [1085](https://github.com/hackforla/website/issues/1085#issuecomment-798886385) at 2021-03-14 03:56 AM PDT
abenipa3,2021-03-14T17:59:39Z,- abenipa3 commented on issue: [1085](https://github.com/hackforla/website/issues/1085#issuecomment-798950392) at 2021-03-14 10:59 AM PDT
abenipa3,2021-03-15T22:25:59Z,- abenipa3 commented on issue: [826](https://github.com/hackforla/website/issues/826#issuecomment-799796079) at 2021-03-15 03:25 PM PDT
abenipa3,2021-03-18T08:28:04Z,- abenipa3 commented on issue: [1085](https://github.com/hackforla/website/issues/1085#issuecomment-801730535) at 2021-03-18 01:28 AM PDT
abenipa3,2021-03-21T01:56:54Z,- abenipa3 commented on issue: [1085](https://github.com/hackforla/website/issues/1085#issuecomment-803498806) at 2021-03-20 06:56 PM PDT
abenipa3,2021-03-21T18:04:55Z,- abenipa3 commented on issue: [1085](https://github.com/hackforla/website/issues/1085#issuecomment-803633475) at 2021-03-21 11:04 AM PDT
abenipa3,2021-03-28T08:08:07Z,- abenipa3 commented on issue: [1085](https://github.com/hackforla/website/issues/1085#issuecomment-808863225) at 2021-03-28 01:08 AM PDT
abenipa3,2021-03-31T04:57:06Z,- abenipa3 commented on issue: [1085](https://github.com/hackforla/website/issues/1085#issuecomment-810760864) at 2021-03-30 09:57 PM PDT
abenipa3,2021-03-31T19:42:04Z,- abenipa3 commented on issue: [1085](https://github.com/hackforla/website/issues/1085#issuecomment-811389694) at 2021-03-31 12:42 PM PDT
abenipa3,2021-04-04T09:21:16Z,- abenipa3 commented on issue: [1085](https://github.com/hackforla/website/issues/1085#issuecomment-813001684) at 2021-04-04 02:21 AM PDT
abenipa3,2021-04-04T23:28:49Z,- abenipa3 commented on issue: [826](https://github.com/hackforla/website/issues/826#issuecomment-813115964) at 2021-04-04 04:28 PM PDT
abenipa3,2021-04-04T23:49:10Z,- abenipa3 closed issue as completed: [826](https://github.com/hackforla/website/issues/826#event-4549624007) at 2021-04-04 04:49 PM PDT
abenipa3,2021-04-04T23:49:20Z,- abenipa3 unassigned from issue: [826](https://github.com/hackforla/website/issues/826#event-4549624007) at 2021-04-04 04:49 PM PDT
abenipa3,2021-04-10T21:17:17Z,- abenipa3 commented on issue: [1085](https://github.com/hackforla/website/issues/1085#issuecomment-817203434) at 2021-04-10 02:17 PM PDT
abenipa3,2021-04-11T17:42:40Z,- abenipa3 commented on issue: [1085](https://github.com/hackforla/website/issues/1085#issuecomment-817344499) at 2021-04-11 10:42 AM PDT
abenipa3,2021-04-18T06:42:00Z,- abenipa3 commented on issue: [1085](https://github.com/hackforla/website/issues/1085#issuecomment-821943279) at 2021-04-17 11:42 PM PDT
abenipa3,2021-04-25T09:51:08Z,- abenipa3 commented on issue: [1085](https://github.com/hackforla/website/issues/1085#issuecomment-826294068) at 2021-04-25 02:51 AM PDT
abenipa3,2021-04-25T17:43:11Z,- abenipa3 commented on issue: [1085](https://github.com/hackforla/website/issues/1085#issuecomment-826361403) at 2021-04-25 10:43 AM PDT
abenipa3,2021-04-27T01:49:51Z,- abenipa3 opened issue: [1469](https://github.com/hackforla/website/issues/1469) at 2021-04-26 06:49 PM PDT
abenipa3,2021-04-27T03:56:42Z,- abenipa3 assigned to issue: [1390](https://github.com/hackforla/website/issues/1390#issuecomment-826359743) at 2021-04-26 08:56 PM PDT
abenipa3,2021-04-27T03:57:55Z,- abenipa3 commented on issue: [1390](https://github.com/hackforla/website/issues/1390#issuecomment-827295185) at 2021-04-26 08:57 PM PDT
abenipa3,2021-05-02T10:29:42Z,- abenipa3 commented on issue: [1085](https://github.com/hackforla/website/issues/1085#issuecomment-830786594) at 2021-05-02 03:29 AM PDT
abenipa3,2021-05-05T04:29:53Z,- abenipa3 commented on issue: [1085](https://github.com/hackforla/website/issues/1085#issuecomment-832403658) at 2021-05-04 09:29 PM PDT
abenipa3,2021-05-05T04:29:53Z,- abenipa3 closed issue as completed: [1085](https://github.com/hackforla/website/issues/1085#event-4686718193) at 2021-05-04 09:29 PM PDT
abenipa3,2021-05-05T06:47:45Z,- abenipa3 opened issue: [1515](https://github.com/hackforla/website/issues/1515) at 2021-05-04 11:47 PM PDT
abenipa3,2021-05-05T06:47:46Z,- abenipa3 assigned to issue: [1515](https://github.com/hackforla/website/issues/1515) at 2021-05-04 11:47 PM PDT
abenipa3,2021-05-06T17:53:37Z,- abenipa3 unassigned from issue: [1085](https://github.com/hackforla/website/issues/1085#event-4686718193) at 2021-05-06 10:53 AM PDT
abenipa3,2021-05-07T07:31:47Z,- abenipa3 opened issue: [1525](https://github.com/hackforla/website/issues/1525) at 2021-05-07 12:31 AM PDT
abenipa3,2021-05-07T07:31:47Z,- abenipa3 assigned to issue: [1525](https://github.com/hackforla/website/issues/1525) at 2021-05-07 12:31 AM PDT
abenipa3,2021-05-08T04:19:48Z,- abenipa3 commented on issue: [1515](https://github.com/hackforla/website/issues/1515#issuecomment-835077923) at 2021-05-07 09:19 PM PDT
abenipa3,2021-05-08T04:30:03Z,- abenipa3 commented on issue: [1525](https://github.com/hackforla/website/issues/1525#issuecomment-835083431) at 2021-05-07 09:30 PM PDT
abenipa3,2021-05-14T09:33:47Z,- abenipa3 commented on issue: [1525](https://github.com/hackforla/website/issues/1525#issuecomment-841131713) at 2021-05-14 02:33 AM PDT
abenipa3,2021-05-15T10:13:06Z,- abenipa3 commented on issue: [1515](https://github.com/hackforla/website/issues/1515#issuecomment-841634603) at 2021-05-15 03:13 AM PDT
abenipa3,2021-05-15T10:14:58Z,- abenipa3 commented on issue: [1525](https://github.com/hackforla/website/issues/1525#issuecomment-841634838) at 2021-05-15 03:14 AM PDT
abenipa3,2021-05-21T10:12:36Z,- abenipa3 commented on issue: [1525](https://github.com/hackforla/website/issues/1525#issuecomment-845843975) at 2021-05-21 03:12 AM PDT
abenipa3,2021-05-21T10:14:28Z,- abenipa3 commented on issue: [1515](https://github.com/hackforla/website/issues/1515#issuecomment-845844991) at 2021-05-21 03:14 AM PDT
abenipa3,2021-05-26T02:08:43Z,- abenipa3 commented on issue: [1525](https://github.com/hackforla/website/issues/1525#issuecomment-848401571) at 2021-05-25 07:08 PM PDT
abenipa3,2021-05-26T02:10:20Z,- abenipa3 commented on issue: [1515](https://github.com/hackforla/website/issues/1515#issuecomment-848402208) at 2021-05-25 07:10 PM PDT
abenipa3,2021-05-26T02:53:10Z,- abenipa3 commented on issue: [1515](https://github.com/hackforla/website/issues/1515#issuecomment-848415658) at 2021-05-25 07:53 PM PDT
abenipa3,2021-05-27T07:17:49Z,- abenipa3 commented on issue: [1525](https://github.com/hackforla/website/issues/1525#issuecomment-849396986) at 2021-05-27 12:17 AM PDT
abenipa3,2021-05-30T04:07:31Z,- abenipa3 commented on issue: [1515](https://github.com/hackforla/website/issues/1515#issuecomment-850936461) at 2021-05-29 09:07 PM PDT
abenipa3,2021-05-30T05:38:05Z,- abenipa3 commented on issue: [1525](https://github.com/hackforla/website/issues/1525#issuecomment-850944755) at 2021-05-29 10:38 PM PDT
abenipa3,2021-05-30T17:47:52Z,- abenipa3 commented on issue: [1515](https://github.com/hackforla/website/issues/1515#issuecomment-851036220) at 2021-05-30 10:47 AM PDT
abenipa3,2021-05-30T18:17:17Z,- abenipa3 commented on issue: [1525](https://github.com/hackforla/website/issues/1525#issuecomment-851040165) at 2021-05-30 11:17 AM PDT
abenipa3,2021-06-06T05:53:52Z,- abenipa3 commented on issue: [1515](https://github.com/hackforla/website/issues/1515#issuecomment-855343649) at 2021-06-05 10:53 PM PDT
abenipa3,2021-06-06T05:59:58Z,- abenipa3 commented on issue: [1525](https://github.com/hackforla/website/issues/1525#issuecomment-855344199) at 2021-06-05 10:59 PM PDT
abenipa3,2021-06-09T01:29:38Z,- abenipa3 commented on issue: [1525](https://github.com/hackforla/website/issues/1525#issuecomment-857301926) at 2021-06-08 06:29 PM PDT
abenipa3,2021-06-10T18:24:57Z,- abenipa3 submitted pull request review: [1471](https://github.com/hackforla/website/pull/1471#pullrequestreview-681117011) at 2021-06-10 11:24 AM PDT
abenipa3,2021-06-10T18:45:02Z,- abenipa3 submitted pull request review: [1471](https://github.com/hackforla/website/pull/1471#pullrequestreview-681136187) at 2021-06-10 11:45 AM PDT
abenipa3,2021-06-10T18:52:33Z,- abenipa3 submitted pull request review: [1471](https://github.com/hackforla/website/pull/1471#pullrequestreview-681142400) at 2021-06-10 11:52 AM PDT
abenipa3,2021-06-10T18:57:25Z,- abenipa3 submitted pull request review: [1471](https://github.com/hackforla/website/pull/1471#pullrequestreview-681146624) at 2021-06-10 11:57 AM PDT
abenipa3,2021-06-13T01:55:52Z,- abenipa3 commented on issue: [1525](https://github.com/hackforla/website/issues/1525#issuecomment-860138290) at 2021-06-12 06:55 PM PDT
abenipa3,2021-06-13T02:01:52Z,- abenipa3 commented on issue: [1515](https://github.com/hackforla/website/issues/1515#issuecomment-860138701) at 2021-06-12 07:01 PM PDT
abenipa3,2021-06-13T17:59:25Z,- abenipa3 commented on issue: [1515](https://github.com/hackforla/website/issues/1515#issuecomment-860248569) at 2021-06-13 10:59 AM PDT
abenipa3,2021-06-13T23:40:33Z,- abenipa3 submitted pull request review: [1471](https://github.com/hackforla/website/pull/1471#pullrequestreview-682454931) at 2021-06-13 04:40 PM PDT
abenipa3,2021-06-13T23:51:42Z,- abenipa3 submitted pull request review: [1471](https://github.com/hackforla/website/pull/1471#pullrequestreview-682455831) at 2021-06-13 04:51 PM PDT
abenipa3,2021-06-14T00:01:42Z,- abenipa3 submitted pull request review: [1471](https://github.com/hackforla/website/pull/1471#pullrequestreview-682456632) at 2021-06-13 05:01 PM PDT
abenipa3,2021-06-14T01:35:54Z,- abenipa3 commented on pull request: [1314](https://github.com/hackforla/website/pull/1314#issuecomment-860312385) at 2021-06-13 06:35 PM PDT
abenipa3,2021-06-14T01:38:43Z,- abenipa3 submitted pull request review: [1314](https://github.com/hackforla/website/pull/1314#pullrequestreview-682470546) at 2021-06-13 06:38 PM PDT
abenipa3,2021-06-15T00:21:59Z,- abenipa3 submitted pull request review: [1314](https://github.com/hackforla/website/pull/1314#pullrequestreview-683457065) at 2021-06-14 05:21 PM PDT
abenipa3,2021-06-15T00:28:16Z,- abenipa3 commented on pull request: [1314](https://github.com/hackforla/website/pull/1314#issuecomment-861079198) at 2021-06-14 05:28 PM PDT
abenipa3,2021-06-16T02:26:08Z,- abenipa3 commented on issue: [1515](https://github.com/hackforla/website/issues/1515#issuecomment-861987143) at 2021-06-15 07:26 PM PDT
abenipa3,2021-06-18T06:33:41Z,- abenipa3 commented on issue: [1525](https://github.com/hackforla/website/issues/1525#issuecomment-863794065) at 2021-06-17 11:33 PM PDT
abenipa3,2021-06-18T06:34:05Z,- abenipa3 closed issue as completed: [1525](https://github.com/hackforla/website/issues/1525#event-4907987187) at 2021-06-17 11:34 PM PDT
abenipa3,2021-06-19T01:17:11Z,- abenipa3 submitted pull request review: [1471](https://github.com/hackforla/website/pull/1471#pullrequestreview-687783457) at 2021-06-18 06:17 PM PDT
abenipa3,2021-06-19T01:47:27Z,- abenipa3 submitted pull request review: [1471](https://github.com/hackforla/website/pull/1471#pullrequestreview-687785439) at 2021-06-18 06:47 PM PDT
abenipa3,2021-06-20T06:51:08Z,- abenipa3 commented on issue: [1515](https://github.com/hackforla/website/issues/1515#issuecomment-864508494) at 2021-06-19 11:51 PM PDT
abenipa3,2021-06-23T02:14:40Z,- abenipa3 commented on issue: [1515](https://github.com/hackforla/website/issues/1515#issuecomment-866468009) at 2021-06-22 07:14 PM PDT
abenipa3,2021-06-27T10:41:24Z,- abenipa3 commented on issue: [1515](https://github.com/hackforla/website/issues/1515#issuecomment-869140505) at 2021-06-27 03:41 AM PDT
abenipa3,2021-07-04T08:19:55Z,- abenipa3 commented on issue: [1515](https://github.com/hackforla/website/issues/1515#issuecomment-873544862) at 2021-07-04 01:19 AM PDT
abenipa3,2021-07-11T07:59:28Z,- abenipa3 commented on issue: [1515](https://github.com/hackforla/website/issues/1515#issuecomment-877758222) at 2021-07-11 12:59 AM PDT
abenipa3,2021-07-13T02:33:18Z,- abenipa3 commented on issue: [1515](https://github.com/hackforla/website/issues/1515#issuecomment-878730732) at 2021-07-12 07:33 PM PDT
abenipa3,2021-07-17T08:39:53Z,- abenipa3 commented on issue: [1515](https://github.com/hackforla/website/issues/1515#issuecomment-881858326) at 2021-07-17 01:39 AM PDT
abenipa3,2021-07-19T21:26:37Z,- abenipa3 commented on issue: [1086](https://github.com/hackforla/website/issues/1086#issuecomment-882872408) at 2021-07-19 02:26 PM PDT
abenipa3,2021-07-19T22:46:48Z,- abenipa3 commented on issue: [1515](https://github.com/hackforla/website/issues/1515#issuecomment-882910036) at 2021-07-19 03:46 PM PDT
abenipa3,2021-07-19T22:49:47Z,- abenipa3 closed issue as completed: [1086](https://github.com/hackforla/website/issues/1086#event-5041100883) at 2021-07-19 03:49 PM PDT
abenipa3,2021-07-24T00:46:25Z,- abenipa3 commented on issue: [1515](https://github.com/hackforla/website/issues/1515#issuecomment-885976248) at 2021-07-23 05:46 PM PDT
abenipa3,2021-07-27T23:37:33Z,- abenipa3 opened issue: [2014](https://github.com/hackforla/website/issues/2014) at 2021-07-27 04:37 PM PDT
abenipa3,2021-07-27T23:37:34Z,- abenipa3 assigned to issue: [2014](https://github.com/hackforla/website/issues/2014) at 2021-07-27 04:37 PM PDT
abenipa3,2021-07-28T09:07:11Z,- abenipa3 commented on issue: [1515](https://github.com/hackforla/website/issues/1515#issuecomment-888144929) at 2021-07-28 02:07 AM PDT
abenipa3,2021-07-31T03:39:44Z,- abenipa3 commented on issue: [2014](https://github.com/hackforla/website/issues/2014#issuecomment-890285051) at 2021-07-30 08:39 PM PDT
abenipa3,2021-07-31T21:29:33Z,- abenipa3 commented on issue: [1515](https://github.com/hackforla/website/issues/1515#issuecomment-890405922) at 2021-07-31 02:29 PM PDT
abenipa3,2021-07-31T22:10:02Z,- abenipa3 commented on issue: [2014](https://github.com/hackforla/website/issues/2014#issuecomment-890409456) at 2021-07-31 03:10 PM PDT
abenipa3,2021-08-01T17:55:06Z,- abenipa3 commented on issue: [1515](https://github.com/hackforla/website/issues/1515#issuecomment-890561709) at 2021-08-01 10:55 AM PDT
abenipa3,2021-08-01T18:09:19Z,- abenipa3 commented on issue: [2014](https://github.com/hackforla/website/issues/2014#issuecomment-890563728) at 2021-08-01 11:09 AM PDT
abenipa3,2021-08-04T01:59:37Z,- abenipa3 commented on issue: [2014](https://github.com/hackforla/website/issues/2014#issuecomment-892298833) at 2021-08-03 06:59 PM PDT
abenipa3,2021-08-04T02:15:06Z,- abenipa3 commented on pull request: [2024](https://github.com/hackforla/website/pull/2024#issuecomment-892305692) at 2021-08-03 07:15 PM PDT
abenipa3,2021-08-04T02:15:50Z,- abenipa3 submitted pull request review: [2024](https://github.com/hackforla/website/pull/2024#pullrequestreview-721803225) at 2021-08-03 07:15 PM PDT
abenipa3,2021-08-05T22:58:33Z,- abenipa3 commented on issue: [1515](https://github.com/hackforla/website/issues/1515#issuecomment-893873058) at 2021-08-05 03:58 PM PDT
abenipa3,2021-08-08T17:30:03Z,- abenipa3 commented on issue: [1848](https://github.com/hackforla/website/issues/1848#issuecomment-894829423) at 2021-08-08 10:30 AM PDT
abenipa3,2021-08-09T18:16:32Z,- abenipa3 assigned to issue: [1630](https://github.com/hackforla/website/issues/1630#issuecomment-848227034) at 2021-08-09 11:16 AM PDT
abenipa3,2021-08-15T06:04:55Z,- abenipa3 commented on issue: [2014](https://github.com/hackforla/website/issues/2014#issuecomment-899001115) at 2021-08-14 11:04 PM PDT
abenipa3,2021-08-15T06:13:17Z,- abenipa3 commented on issue: [1630](https://github.com/hackforla/website/issues/1630#issuecomment-899001930) at 2021-08-14 11:13 PM PDT
abenipa3,2021-08-15T17:22:16Z,- abenipa3 commented on issue: [1515](https://github.com/hackforla/website/issues/1515#issuecomment-899084488) at 2021-08-15 10:22 AM PDT
abenipa3,2021-08-15T19:14:53Z,- abenipa3 commented on issue: [2027](https://github.com/hackforla/website/issues/2027#issuecomment-899097440) at 2021-08-15 12:14 PM PDT
abenipa3,2021-08-17T11:18:36Z,- abenipa3 commented on issue: [2014](https://github.com/hackforla/website/issues/2014#issuecomment-900210152) at 2021-08-17 04:18 AM PDT
abenipa3,2021-08-18T02:08:05Z,- abenipa3 commented on issue: [2014](https://github.com/hackforla/website/issues/2014#issuecomment-900756654) at 2021-08-17 07:08 PM PDT
abenipa3,2021-08-18T03:10:46Z,- abenipa3 commented on issue: [2014](https://github.com/hackforla/website/issues/2014#issuecomment-900779139) at 2021-08-17 08:10 PM PDT
abenipa3,2021-08-18T09:41:47Z,- abenipa3 commented on issue: [1515](https://github.com/hackforla/website/issues/1515#issuecomment-900972441) at 2021-08-18 02:41 AM PDT
abenipa3,2021-08-18T16:49:16Z,- abenipa3 commented on issue: [1630](https://github.com/hackforla/website/issues/1630#issuecomment-901269485) at 2021-08-18 09:49 AM PDT
abenipa3,2021-08-20T17:34:29Z,- abenipa3 commented on issue: [1630](https://github.com/hackforla/website/issues/1630#issuecomment-902849005) at 2021-08-20 10:34 AM PDT
abenipa3,2021-08-20T17:35:41Z,- abenipa3 commented on issue: [1515](https://github.com/hackforla/website/issues/1515#issuecomment-902849709) at 2021-08-20 10:35 AM PDT
abenipa3,2021-08-20T18:03:07Z,- abenipa3 commented on issue: [2014](https://github.com/hackforla/website/issues/2014#issuecomment-902864406) at 2021-08-20 11:03 AM PDT
abenipa3,2021-08-22T09:16:42Z,- abenipa3 submitted pull request review: [2059](https://github.com/hackforla/website/pull/2059#pullrequestreview-735556844) at 2021-08-22 02:16 AM PDT
abenipa3,2021-08-22T09:28:04Z,- abenipa3 submitted pull request review: [2059](https://github.com/hackforla/website/pull/2059#pullrequestreview-735557692) at 2021-08-22 02:28 AM PDT
abenipa3,2021-08-22T17:48:28Z,- abenipa3 commented on issue: [1630](https://github.com/hackforla/website/issues/1630#issuecomment-903305313) at 2021-08-22 10:48 AM PDT
abenipa3,2021-08-26T23:47:41Z,- abenipa3 commented on issue: [1630](https://github.com/hackforla/website/issues/1630#issuecomment-906816483) at 2021-08-26 04:47 PM PDT
abenipa3,2021-08-27T16:06:12Z,- abenipa3 unassigned from issue: [1515](https://github.com/hackforla/website/issues/1515#issuecomment-906976509) at 2021-08-27 09:06 AM PDT
abenipa3,2021-08-27T18:18:17Z,- abenipa3 commented on issue: [1515](https://github.com/hackforla/website/issues/1515#issuecomment-907387135) at 2021-08-27 11:18 AM PDT
abenipa3,2021-08-28T05:20:34Z,- abenipa3 commented on issue: [1630](https://github.com/hackforla/website/issues/1630#issuecomment-907572629) at 2021-08-27 10:20 PM PDT
abenipa3,2021-08-28T09:01:19Z,- abenipa3 commented on issue: [2014](https://github.com/hackforla/website/issues/2014#issuecomment-907597125) at 2021-08-28 02:01 AM PDT
abenipa3,2021-08-30T04:02:17Z,- abenipa3 commented on issue: [1630](https://github.com/hackforla/website/issues/1630#issuecomment-907996689) at 2021-08-29 09:02 PM PDT
abenipa3,2021-08-31T03:22:37Z,- abenipa3 commented on issue: [1630](https://github.com/hackforla/website/issues/1630#issuecomment-908866733) at 2021-08-30 08:22 PM PDT
abenipa3,2021-08-31T04:35:35Z,- abenipa3 commented on issue: [1630](https://github.com/hackforla/website/issues/1630#issuecomment-908891995) at 2021-08-30 09:35 PM PDT
abenipa3,2021-09-02T22:06:53Z,- abenipa3 commented on issue: [1630](https://github.com/hackforla/website/issues/1630#issuecomment-912092675) at 2021-09-02 03:06 PM PDT
abenipa3,2021-09-03T19:51:05Z,- abenipa3 commented on issue: [1630](https://github.com/hackforla/website/issues/1630#issuecomment-912773828) at 2021-09-03 12:51 PM PDT
abenipa3,2021-09-04T01:07:28Z,- abenipa3 submitted pull request review: [2059](https://github.com/hackforla/website/pull/2059#pullrequestreview-746526402) at 2021-09-03 06:07 PM PDT
abenipa3,2021-09-04T03:02:19Z,- abenipa3 commented on issue: [2014](https://github.com/hackforla/website/issues/2014#issuecomment-912896777) at 2021-09-03 08:02 PM PDT
abenipa3,2021-09-05T18:23:01Z,- abenipa3 commented on issue: [1630](https://github.com/hackforla/website/issues/1630#issuecomment-913202370) at 2021-09-05 11:23 AM PDT
abenipa3,2021-09-08T11:03:56Z,- abenipa3 commented on issue: [1630](https://github.com/hackforla/website/issues/1630#issuecomment-915137820) at 2021-09-08 04:03 AM PDT
abenipa3,2021-09-10T20:29:05Z,- abenipa3 assigned to issue: [2213](https://github.com/hackforla/website/issues/2213#issuecomment-910342111) at 2021-09-10 01:29 PM PDT
abenipa3,2021-09-12T03:37:03Z,- abenipa3 commented on issue: [1630](https://github.com/hackforla/website/issues/1630#issuecomment-917543964) at 2021-09-11 08:37 PM PDT
abenipa3,2021-09-13T22:39:37Z,- abenipa3 commented on issue: [1630](https://github.com/hackforla/website/issues/1630#issuecomment-918636026) at 2021-09-13 03:39 PM PDT
abenipa3,2021-09-16T08:00:39Z,- abenipa3 commented on issue: [2213](https://github.com/hackforla/website/issues/2213#issuecomment-920678219) at 2021-09-16 01:00 AM PDT
abenipa3,2021-09-17T08:47:05Z,- abenipa3 commented on issue: [1630](https://github.com/hackforla/website/issues/1630#issuecomment-921621955) at 2021-09-17 01:47 AM PDT
abenipa3,2021-09-22T00:24:00Z,- abenipa3 unassigned from issue: [2014](https://github.com/hackforla/website/issues/2014#issuecomment-917715263) at 2021-09-21 05:24 PM PDT
abenipa3,2021-09-22T17:07:23Z,- abenipa3 commented on issue: [1630](https://github.com/hackforla/website/issues/1630#issuecomment-925117898) at 2021-09-22 10:07 AM PDT
abenipa3,2021-09-23T01:47:26Z,- abenipa3 commented on issue: [2213](https://github.com/hackforla/website/issues/2213#issuecomment-925450113) at 2021-09-22 06:47 PM PDT
abenipa3,2021-09-23T20:13:30Z,- abenipa3 commented on issue: [1630](https://github.com/hackforla/website/issues/1630#issuecomment-926120951) at 2021-09-23 01:13 PM PDT
abenipa3,2021-09-24T01:20:34Z,- abenipa3 commented on issue: [2106](https://github.com/hackforla/website/issues/2106#issuecomment-926275112) at 2021-09-23 06:20 PM PDT
abenipa3,2021-09-24T18:18:51Z,- abenipa3 commented on issue: [1630](https://github.com/hackforla/website/issues/1630#issuecomment-926832458) at 2021-09-24 11:18 AM PDT
abenipa3,2021-09-27T08:50:53Z,- abenipa3 commented on issue: [1630](https://github.com/hackforla/website/issues/1630#issuecomment-927661838) at 2021-09-27 01:50 AM PDT
abenipa3,2021-10-01T07:40:04Z,- abenipa3 commented on issue: [1630](https://github.com/hackforla/website/issues/1630#issuecomment-931986053) at 2021-10-01 12:40 AM PDT
abenipa3,2021-10-05T04:06:50Z,- abenipa3 commented on issue: [2213](https://github.com/hackforla/website/issues/2213#issuecomment-934040922) at 2021-10-04 09:06 PM PDT
abenipa3,2021-10-07T20:44:34Z,- abenipa3 commented on issue: [1630](https://github.com/hackforla/website/issues/1630#issuecomment-938142343) at 2021-10-07 01:44 PM PDT
abenipa3,2021-10-08T16:33:18Z,- abenipa3 commented on issue: [1630](https://github.com/hackforla/website/issues/1630#issuecomment-938803776) at 2021-10-08 09:33 AM PDT
abenipa3,2021-10-08T17:47:48Z,- abenipa3 commented on issue: [2213](https://github.com/hackforla/website/issues/2213#issuecomment-938964952) at 2021-10-08 10:47 AM PDT
abenipa3,2021-10-11T01:23:13Z,- abenipa3 commented on issue: [1630](https://github.com/hackforla/website/issues/1630#issuecomment-939600568) at 2021-10-10 06:23 PM PDT
abenipa3,2021-10-11T08:31:25Z,- abenipa3 commented on issue: [1630](https://github.com/hackforla/website/issues/1630#issuecomment-939808430) at 2021-10-11 01:31 AM PDT
abenipa3,2021-10-14T04:35:48Z,- abenipa3 commented on issue: [2213](https://github.com/hackforla/website/issues/2213#issuecomment-942939562) at 2021-10-13 09:35 PM PDT
abenipa3,2021-10-15T09:32:47Z,- abenipa3 commented on issue: [1630](https://github.com/hackforla/website/issues/1630#issuecomment-944147208) at 2021-10-15 02:32 AM PDT
abenipa3,2022-03-13T21:11:38Z,- abenipa3 opened issue: [2978](https://github.com/hackforla/website/issues/2978) at 2022-03-13 02:11 PM PDT
abenipa3,2022-03-20T04:30:27Z,- abenipa3 commented on issue: [2978](https://github.com/hackforla/website/issues/2978#issuecomment-1073165056) at 2022-03-19 09:30 PM PDT
abenipa3,2022-05-20T03:57:44Z,- abenipa3 opened pull request: [3161](https://github.com/hackforla/website/pull/3161) at 2022-05-19 08:57 PM PDT
abenipa3,2022-05-23T21:22:29Z,- abenipa3 opened issue: [3170](https://github.com/hackforla/website/issues/3170) at 2022-05-23 02:22 PM PDT
abenipa3,2022-06-04T23:20:08Z,- abenipa3 commented on pull request: [3161](https://github.com/hackforla/website/pull/3161#issuecomment-1146701187) at 2022-06-04 04:20 PM PDT
abenipa3,2022-07-17T18:55:28Z,- abenipa3 commented on pull request: [3161](https://github.com/hackforla/website/pull/3161#issuecomment-1186589129) at 2022-07-17 11:55 AM PDT
abenipa3,2022-08-09T03:43:14Z,- abenipa3 commented on issue: [3453](https://github.com/hackforla/website/issues/3453#issuecomment-1208875426) at 2022-08-08 08:43 PM PDT
abenipa3,2022-08-11T14:39:08Z,- abenipa3 commented on pull request: [3161](https://github.com/hackforla/website/pull/3161#issuecomment-1212079669) at 2022-08-11 07:39 AM PDT
abenipa3,2022-08-18T04:52:10Z,- abenipa3 commented on pull request: [3161](https://github.com/hackforla/website/pull/3161#issuecomment-1219036630) at 2022-08-17 09:52 PM PDT
abenipa3,2022-08-18T05:46:35Z,- abenipa3 pull request closed w/o merging: [3161](https://github.com/hackforla/website/pull/3161#event-7211158332) at 2022-08-17 10:46 PM PDT
abenipa3,2022-08-18T05:50:37Z,- abenipa3 reopened pull request: [3161](https://github.com/hackforla/website/pull/3161#event-7211158332) at 2022-08-17 10:50 PM PDT
abenipa3,2022-08-18T05:51:00Z,- abenipa3 commented on pull request: [3161](https://github.com/hackforla/website/pull/3161#issuecomment-1219065195) at 2022-08-17 10:51 PM PDT
abenipa3,2022-08-19T04:31:04Z,- abenipa3 commented on issue: [3453](https://github.com/hackforla/website/issues/3453#issuecomment-1220237996) at 2022-08-18 09:31 PM PDT
abenipa3,2022-08-19T04:54:55Z,- abenipa3 opened pull request: [3476](https://github.com/hackforla/website/pull/3476) at 2022-08-18 09:54 PM PDT
abenipa3,2022-08-19T04:59:28Z,- abenipa3 commented on pull request: [3476](https://github.com/hackforla/website/pull/3476#issuecomment-1220251099) at 2022-08-18 09:59 PM PDT
abenipa3,2022-08-19T04:59:53Z,- abenipa3 pull request closed w/o merging: [3161](https://github.com/hackforla/website/pull/3161#event-7219315662) at 2022-08-18 09:59 PM PDT
abenipa3,2022-08-19T05:00:18Z,- abenipa3 commented on pull request: [3161](https://github.com/hackforla/website/pull/3161#issuecomment-1220251483) at 2022-08-18 10:00 PM PDT
abenipa3,2022-08-19T05:39:26Z,- abenipa3 commented on pull request: [3476](https://github.com/hackforla/website/pull/3476#issuecomment-1220273253) at 2022-08-18 10:39 PM PDT
abenipa3,2022-08-20T01:27:43Z,- abenipa3 commented on issue: [2978](https://github.com/hackforla/website/issues/2978#issuecomment-1221199625) at 2022-08-19 06:27 PM PDT
abenipa3,2022-08-21T22:41:55Z,- abenipa3 commented on pull request: [3476](https://github.com/hackforla/website/pull/3476#issuecomment-1221634552) at 2022-08-21 03:41 PM PDT
abenipa3,2022-08-21T22:48:18Z,- abenipa3 commented on issue: [3170](https://github.com/hackforla/website/issues/3170#issuecomment-1221635367) at 2022-08-21 03:48 PM PDT
abenipa3,2022-08-22T01:32:03Z,- abenipa3 commented on pull request: [3476](https://github.com/hackforla/website/pull/3476#issuecomment-1221686977) at 2022-08-21 06:32 PM PDT
abenipa3,2022-08-27T01:17:31Z,- abenipa3 commented on pull request: [3476](https://github.com/hackforla/website/pull/3476#issuecomment-1229087346) at 2022-08-26 06:17 PM PDT
abenipa3,2022-08-30T05:24:52Z,- abenipa3 commented on pull request: [3476](https://github.com/hackforla/website/pull/3476#issuecomment-1231157282) at 2022-08-29 10:24 PM PDT
abenipa3,2022-08-31T08:13:07Z,- abenipa3 commented on pull request: [3476](https://github.com/hackforla/website/pull/3476#issuecomment-1232611874) at 2022-08-31 01:13 AM PDT
abenipa3,2022-09-01T05:40:42Z,- abenipa3 commented on pull request: [3476](https://github.com/hackforla/website/pull/3476#issuecomment-1233765693) at 2022-08-31 10:40 PM PDT
abenipa3,2022-09-03T03:30:29Z,- abenipa3 commented on pull request: [3476](https://github.com/hackforla/website/pull/3476#issuecomment-1236038869) at 2022-09-02 08:30 PM PDT
abenipa3,2022-09-07T04:12:39Z,- abenipa3 commented on pull request: [3476](https://github.com/hackforla/website/pull/3476#issuecomment-1238886445) at 2022-09-06 09:12 PM PDT
abenipa3,2022-09-08T02:47:39Z,- abenipa3 commented on pull request: [3476](https://github.com/hackforla/website/pull/3476#issuecomment-1240152759) at 2022-09-07 07:47 PM PDT
abenipa3,2022-09-09T02:25:11Z,- abenipa3 pull request merged: [3476](https://github.com/hackforla/website/pull/3476#event-7352728369) at 2022-09-08 07:25 PM PDT
abenipa3,2022-09-09T06:13:54Z,- abenipa3 commented on pull request: [3476](https://github.com/hackforla/website/pull/3476#issuecomment-1241543049) at 2022-09-08 11:13 PM PDT
abenipa3,2022-09-09T23:21:31Z,- abenipa3 commented on pull request: [3476](https://github.com/hackforla/website/pull/3476#issuecomment-1242552331) at 2022-09-09 04:21 PM PDT
abenipa3,2022-09-13T05:49:14Z,- abenipa3 opened pull request: [3548](https://github.com/hackforla/website/pull/3548) at 2022-09-12 10:49 PM PDT
abenipa3,2022-09-13T05:51:06Z,- abenipa3 commented on pull request: [3476](https://github.com/hackforla/website/pull/3476#issuecomment-1244932188) at 2022-09-12 10:51 PM PDT
abenipa3,2022-09-13T06:00:23Z,- abenipa3 commented on pull request: [3548](https://github.com/hackforla/website/pull/3548#issuecomment-1244938035) at 2022-09-12 11:00 PM PDT
abenipa3,2022-09-13T22:25:05Z,- abenipa3 commented on pull request: [3548](https://github.com/hackforla/website/pull/3548#issuecomment-1246009717) at 2022-09-13 03:25 PM PDT
abenipa3,2022-09-13T23:19:18Z,- abenipa3 commented on pull request: [3548](https://github.com/hackforla/website/pull/3548#issuecomment-1246045733) at 2022-09-13 04:19 PM PDT
abenipa3,2022-09-13T23:19:29Z,- abenipa3 pull request merged: [3548](https://github.com/hackforla/website/pull/3548#event-7380711636) at 2022-09-13 04:19 PM PDT
abenipa3,2022-09-13T23:30:14Z,- abenipa3 commented on pull request: [3548](https://github.com/hackforla/website/pull/3548#issuecomment-1246052401) at 2022-09-13 04:30 PM PDT
abenipa3,2022-09-13T23:49:27Z,- abenipa3 commented on pull request: [3548](https://github.com/hackforla/website/pull/3548#issuecomment-1246063613) at 2022-09-13 04:49 PM PDT
abenipa3,2024-02-20T23:00:51Z,- abenipa3 commented on pull request: [6324](https://github.com/hackforla/website/pull/6324#issuecomment-1955261597) at 2024-02-20 03:00 PM PST
abenipa3,2024-02-21T06:23:12Z,- abenipa3 commented on pull request: [6324](https://github.com/hackforla/website/pull/6324#issuecomment-1955973708) at 2024-02-20 10:23 PM PST
abhayporwals,2023-09-17T05:37:05Z,- abhayporwals commented on issue: [5511](https://github.com/hackforla/website/issues/5511#issuecomment-1722397965) at 2023-09-16 10:37 PM PDT
abhayporwals,2023-09-17T05:38:59Z,- abhayporwals commented on issue: [5509](https://github.com/hackforla/website/issues/5509#issuecomment-1722398213) at 2023-09-16 10:38 PM PDT
abhayporwals,2023-09-17T05:39:15Z,- abhayporwals commented on issue: [5508](https://github.com/hackforla/website/issues/5508#issuecomment-1722398241) at 2023-09-16 10:39 PM PDT
abhayporwals,2023-09-17T05:39:30Z,- abhayporwals commented on issue: [5507](https://github.com/hackforla/website/issues/5507#issuecomment-1722398275) at 2023-09-16 10:39 PM PDT
Abhi200206,2023-08-18T14:16:29Z,- Abhi200206 opened pull request: [5250](https://github.com/hackforla/website/pull/5250) at 2023-08-18 07:16 AM PDT
Abhi200206,2023-08-20T17:32:39Z,- Abhi200206 pull request closed w/o merging: [5250](https://github.com/hackforla/website/pull/5250#event-10138663554) at 2023-08-20 10:32 AM PDT
abregorivas,2019-03-12T03:41:49Z,- abregorivas opened pull request: [37](https://github.com/hackforla/website/pull/37) at 2019-03-11 08:41 PM PDT
abregorivas,2019-03-12T03:44:16Z,- abregorivas pull request closed w/o merging: [37](https://github.com/hackforla/website/pull/37#event-2195934043) at 2019-03-11 08:44 PM PDT
abregorivas,2019-03-12T03:45:28Z,- abregorivas opened pull request: [38](https://github.com/hackforla/website/pull/38) at 2019-03-11 08:45 PM PDT
abregorivas,2019-03-13T05:59:05Z,- abregorivas pull request closed w/o merging: [38](https://github.com/hackforla/website/pull/38#event-2199226468) at 2019-03-12 10:59 PM PDT
abregorivas,2019-03-13T06:25:46Z,- abregorivas opened pull request: [39](https://github.com/hackforla/website/pull/39) at 2019-03-12 11:25 PM PDT
abregorivas,2019-03-13T08:27:09Z,- abregorivas opened pull request: [40](https://github.com/hackforla/website/pull/40) at 2019-03-13 01:27 AM PDT
abregorivas,2019-03-26T06:37:29Z,- abregorivas opened pull request: [45](https://github.com/hackforla/website/pull/45) at 2019-03-25 11:37 PM PDT
abregorivas,2019-03-26T19:00:57Z,- abregorivas commented on pull request: [45](https://github.com/hackforla/website/pull/45#issuecomment-476800672) at 2019-03-26 12:00 PM PDT
abregorivas,2019-03-27T02:23:01Z,- abregorivas pull request closed w/o merging: [39](https://github.com/hackforla/website/pull/39#event-2231714810) at 2019-03-26 07:23 PM PDT
abregorivas,2019-03-27T02:23:22Z,- abregorivas commented on pull request: [39](https://github.com/hackforla/website/pull/39#issuecomment-476939037) at 2019-03-26 07:23 PM PDT
abregorivas,2019-03-27T02:24:07Z,- abregorivas pull request closed w/o merging: [40](https://github.com/hackforla/website/pull/40#event-2231716217) at 2019-03-26 07:24 PM PDT
abregorivas,2019-03-27T02:33:37Z,- abregorivas pull request merged: [45](https://github.com/hackforla/website/pull/45#event-2231729349) at 2019-03-26 07:33 PM PDT
abregorivas,2019-03-27T20:13:22Z,- abregorivas opened pull request: [47](https://github.com/hackforla/website/pull/47) at 2019-03-27 01:13 PM PDT
abregorivas,2019-03-27T20:43:55Z,- abregorivas opened pull request: [48](https://github.com/hackforla/website/pull/48) at 2019-03-27 01:43 PM PDT
abregorivas,2019-03-27T21:17:45Z,- abregorivas opened pull request: [49](https://github.com/hackforla/website/pull/49) at 2019-03-27 02:17 PM PDT
abregorivas,2019-03-28T19:52:40Z,- abregorivas commented on pull request: [48](https://github.com/hackforla/website/pull/48#issuecomment-477746690) at 2019-03-28 12:52 PM PDT
abregorivas,2019-03-28T20:03:50Z,- abregorivas pull request closed w/o merging: [47](https://github.com/hackforla/website/pull/47#event-2237453593) at 2019-03-28 01:03 PM PDT
abregorivas,2019-03-28T20:26:36Z,- abregorivas pull request closed w/o merging: [49](https://github.com/hackforla/website/pull/49#event-2237510434) at 2019-03-28 01:26 PM PDT
abregorivas,2019-03-28T20:30:08Z,- abregorivas opened pull request: [51](https://github.com/hackforla/website/pull/51) at 2019-03-28 01:30 PM PDT
abregorivas,2019-03-28T20:47:04Z,- abregorivas opened pull request: [52](https://github.com/hackforla/website/pull/52) at 2019-03-28 01:47 PM PDT
abregorivas,2019-03-28T21:25:07Z,- abregorivas opened pull request: [53](https://github.com/hackforla/website/pull/53) at 2019-03-28 02:25 PM PDT
abregorivas,2019-03-28T22:23:58Z,- abregorivas opened pull request: [54](https://github.com/hackforla/website/pull/54) at 2019-03-28 03:23 PM PDT
abregorivas,2019-03-31T22:42:33Z,- abregorivas pull request merged: [53](https://github.com/hackforla/website/pull/53#event-2241830129) at 2019-03-31 03:42 PM PDT
abregorivas,2019-03-31T23:06:05Z,- abregorivas pull request merged: [52](https://github.com/hackforla/website/pull/52#event-2241840904) at 2019-03-31 04:06 PM PDT
abregorivas,2019-04-10T01:33:24Z,- abregorivas commented on pull request: [51](https://github.com/hackforla/website/pull/51#issuecomment-481499146) at 2019-04-09 06:33 PM PDT
abregorivas,2019-04-10T01:34:00Z,- abregorivas commented on pull request: [54](https://github.com/hackforla/website/pull/54#issuecomment-481499266) at 2019-04-09 06:34 PM PDT
abregorivas,2019-04-12T20:51:57Z,- abregorivas commented on pull request: [48](https://github.com/hackforla/website/pull/48#issuecomment-482718921) at 2019-04-12 01:51 PM PDT
abregorivas,2019-04-23T02:42:20Z,- abregorivas pull request merged: [48](https://github.com/hackforla/website/pull/48#event-2292765757) at 2019-04-22 07:42 PM PDT
abregorivas,2019-04-23T03:53:45Z,- abregorivas pull request merged: [51](https://github.com/hackforla/website/pull/51#event-2292848402) at 2019-04-22 08:53 PM PDT
abregorivas,2019-04-23T03:56:49Z,- abregorivas pull request merged: [54](https://github.com/hackforla/website/pull/54#event-2292851548) at 2019-04-22 08:56 PM PDT
abregorivas,2019-04-23T08:11:47Z,- abregorivas assigned to issue: [69](https://github.com/hackforla/website/issues/69) at 2019-04-23 01:11 AM PDT
abregorivas,2019-04-30T18:27:47Z,- abregorivas opened issue: [74](https://github.com/hackforla/website/issues/74) at 2019-04-30 11:27 AM PDT
abregorivas,2019-04-30T19:14:11Z,- abregorivas commented on issue: [64](https://github.com/hackforla/website/issues/64#issuecomment-488079043) at 2019-04-30 12:14 PM PDT
abregorivas,2019-04-30T19:16:53Z,- abregorivas assigned to issue: [67](https://github.com/hackforla/website/issues/67) at 2019-04-30 12:16 PM PDT
abregorivas,2019-04-30T19:17:25Z,- abregorivas assigned to issue: [66](https://github.com/hackforla/website/issues/66) at 2019-04-30 12:17 PM PDT
abregorivas,2019-04-30T19:17:48Z,- abregorivas assigned to issue: [65](https://github.com/hackforla/website/issues/65) at 2019-04-30 12:17 PM PDT
abregorivas,2019-04-30T19:30:29Z,- abregorivas opened issue: [75](https://github.com/hackforla/website/issues/75) at 2019-04-30 12:30 PM PDT
abregorivas,2019-05-01T02:01:08Z,- abregorivas opened pull request: [76](https://github.com/hackforla/website/pull/76) at 2019-04-30 07:01 PM PDT
abregorivas,2019-05-01T19:21:19Z,- abregorivas submitted pull request review: [77](https://github.com/hackforla/website/pull/77#pullrequestreview-232715321) at 2019-05-01 12:21 PM PDT
abregorivas,2019-05-01T22:45:47Z,- abregorivas submitted pull request review: [71](https://github.com/hackforla/website/pull/71#pullrequestreview-232788595) at 2019-05-01 03:45 PM PDT
abregorivas,2019-05-01T22:51:54Z,- abregorivas pull request merged: [76](https://github.com/hackforla/website/pull/76#event-2313114137) at 2019-05-01 03:51 PM PDT
abregorivas,2019-05-01T22:58:18Z,- abregorivas commented on issue: [19](https://github.com/hackforla/website/issues/19#issuecomment-488475038) at 2019-05-01 03:58 PM PDT
abregorivas,2019-05-01T23:14:05Z,- abregorivas commented on issue: [75](https://github.com/hackforla/website/issues/75#issuecomment-488483697) at 2019-05-01 04:14 PM PDT
abregorivas,2019-05-01T23:44:58Z,- abregorivas closed issue as completed: [67](https://github.com/hackforla/website/issues/67#event-2313225583) at 2019-05-01 04:44 PM PDT
abregorivas,2019-05-02T00:47:16Z,- abregorivas opened issue: [79](https://github.com/hackforla/website/issues/79) at 2019-05-01 05:47 PM PDT
abregorivas,2019-05-02T00:56:37Z,- abregorivas opened issue: [80](https://github.com/hackforla/website/issues/80) at 2019-05-01 05:56 PM PDT
abregorivas,2019-05-02T01:01:23Z,- abregorivas opened issue: [81](https://github.com/hackforla/website/issues/81) at 2019-05-01 06:01 PM PDT
abregorivas,2019-05-02T20:35:10Z,- abregorivas commented on issue: [6](https://github.com/hackforla/website/issues/6#issuecomment-488822989) at 2019-05-02 01:35 PM PDT
abregorivas,2019-05-02T20:45:24Z,- abregorivas commented on issue: [64](https://github.com/hackforla/website/issues/64#issuecomment-488825976) at 2019-05-02 01:45 PM PDT
abregorivas,2019-05-02T20:46:06Z,- abregorivas commented on issue: [75](https://github.com/hackforla/website/issues/75#issuecomment-488826184) at 2019-05-02 01:46 PM PDT
abregorivas,2019-05-02T20:46:10Z,- abregorivas closed issue as completed: [75](https://github.com/hackforla/website/issues/75#event-2315674328) at 2019-05-02 01:46 PM PDT
abregorivas,2019-05-02T20:58:16Z,- abregorivas commented on issue: [74](https://github.com/hackforla/website/issues/74#issuecomment-488829824) at 2019-05-02 01:58 PM PDT
abregorivas,2019-05-02T20:58:19Z,- abregorivas closed issue as completed: [74](https://github.com/hackforla/website/issues/74#event-2315701976) at 2019-05-02 01:58 PM PDT
abregorivas,2019-05-02T22:02:45Z,- abregorivas commented on pull request: [82](https://github.com/hackforla/website/pull/82#issuecomment-488848489) at 2019-05-02 03:02 PM PDT
abregorivas,2019-05-02T22:03:24Z,- abregorivas submitted pull request review: [82](https://github.com/hackforla/website/pull/82#pullrequestreview-233258742) at 2019-05-02 03:03 PM PDT
abregorivas,2019-05-02T22:47:25Z,- abregorivas opened issue: [83](https://github.com/hackforla/website/issues/83) at 2019-05-02 03:47 PM PDT
abregorivas,2019-05-02T22:52:09Z,- abregorivas opened pull request: [84](https://github.com/hackforla/website/pull/84) at 2019-05-02 03:52 PM PDT
abregorivas,2019-05-02T23:17:00Z,- abregorivas opened pull request: [85](https://github.com/hackforla/website/pull/85) at 2019-05-02 04:17 PM PDT
abregorivas,2019-05-02T23:28:34Z,- abregorivas pull request merged: [85](https://github.com/hackforla/website/pull/85#event-2315964809) at 2019-05-02 04:28 PM PDT
abregorivas,2019-05-03T00:05:29Z,- abregorivas assigned to issue: [80](https://github.com/hackforla/website/issues/80) at 2019-05-02 05:05 PM PDT
abregorivas,2019-05-03T01:22:05Z,- abregorivas opened pull request: [86](https://github.com/hackforla/website/pull/86) at 2019-05-02 06:22 PM PDT
abregorivas,2019-05-03T01:23:34Z,- abregorivas reopened issue: [79](https://github.com/hackforla/website/issues/79#event-2316083255) at 2019-05-02 06:23 PM PDT
abregorivas,2019-05-03T01:28:20Z,- abregorivas commented on pull request: [77](https://github.com/hackforla/website/pull/77#issuecomment-488887050) at 2019-05-02 06:28 PM PDT
abregorivas,2019-05-03T02:32:00Z,- abregorivas pull request merged: [86](https://github.com/hackforla/website/pull/86#event-2316160439) at 2019-05-02 07:32 PM PDT
abregorivas,2019-05-03T02:35:15Z,- abregorivas closed issue as completed: [80](https://github.com/hackforla/website/issues/80#event-2316164488) at 2019-05-02 07:35 PM PDT
abregorivas,2019-05-03T03:22:14Z,- abregorivas pull request merged: [84](https://github.com/hackforla/website/pull/84#event-2316221136) at 2019-05-02 08:22 PM PDT
abregorivas,2019-05-03T03:23:10Z,- abregorivas closed issue as completed: [83](https://github.com/hackforla/website/issues/83#event-2316222355) at 2019-05-02 08:23 PM PDT
abregorivas,2019-05-04T04:07:47Z,- abregorivas opened issue: [88](https://github.com/hackforla/website/issues/88) at 2019-05-03 09:07 PM PDT
abregorivas,2019-05-04T16:25:56Z,- abregorivas opened pull request: [89](https://github.com/hackforla/website/pull/89) at 2019-05-04 09:25 AM PDT
abregorivas,2019-05-04T16:35:48Z,- abregorivas opened pull request: [90](https://github.com/hackforla/website/pull/90) at 2019-05-04 09:35 AM PDT
abregorivas,2019-05-04T16:59:03Z,- abregorivas reopened issue: [75](https://github.com/hackforla/website/issues/75#event-2315674328) at 2019-05-04 09:59 AM PDT
abregorivas,2019-05-04T18:05:18Z,- abregorivas pull request merged: [89](https://github.com/hackforla/website/pull/89#event-2319169255) at 2019-05-04 11:05 AM PDT
abregorivas,2019-05-05T01:54:06Z,- abregorivas pull request merged: [90](https://github.com/hackforla/website/pull/90#event-2319329961) at 2019-05-04 06:54 PM PDT
abregorivas,2019-05-05T23:45:36Z,- abregorivas submitted pull request review: [91](https://github.com/hackforla/website/pull/91#pullrequestreview-233803502) at 2019-05-05 04:45 PM PDT
abregorivas,2019-05-07T06:24:54Z,- abregorivas submitted pull request review: [92](https://github.com/hackforla/website/pull/92#pullrequestreview-234327063) at 2019-05-06 11:24 PM PDT
abregorivas,2019-05-07T06:25:37Z,- abregorivas closed issue as completed: [66](https://github.com/hackforla/website/issues/66#event-2323074434) at 2019-05-06 11:25 PM PDT
abregorivas,2019-05-08T23:41:40Z,- abregorivas unassigned from issue: [65](https://github.com/hackforla/website/issues/65#issuecomment-488484918) at 2019-05-08 04:41 PM PDT
abregorivas,2019-05-09T00:27:06Z,- abregorivas commented on issue: [6](https://github.com/hackforla/website/issues/6#issuecomment-490698789) at 2019-05-08 05:27 PM PDT
abregorivas,2019-05-09T00:43:11Z,- abregorivas assigned to issue: [98](https://github.com/hackforla/website/issues/98) at 2019-05-08 05:43 PM PDT
abregorivas,2019-05-09T00:50:19Z,- abregorivas commented on issue: [78](https://github.com/hackforla/website/issues/78#issuecomment-490702442) at 2019-05-08 05:50 PM PDT
abregorivas,2019-05-09T02:50:03Z,- abregorivas assigned to issue: [19](https://github.com/hackforla/website/issues/19#issuecomment-490691273) at 2019-05-08 07:50 PM PDT
abregorivas,2019-05-10T01:27:57Z,- abregorivas assigned to issue: [102](https://github.com/hackforla/website/issues/102) at 2019-05-09 06:27 PM PDT
abregorivas,2019-05-12T05:24:50Z,- abregorivas assigned to issue: [103](https://github.com/hackforla/website/issues/103) at 2019-05-11 10:24 PM PDT
abregorivas,2019-05-13T03:16:20Z,- abregorivas assigned to issue: [75](https://github.com/hackforla/website/issues/75#issuecomment-491662168) at 2019-05-12 08:16 PM PDT
abregorivas,2019-05-20T18:53:31Z,- abregorivas submitted pull request review: [108](https://github.com/hackforla/website/pull/108#pullrequestreview-239668189) at 2019-05-20 11:53 AM PDT
abregorivas,2019-05-21T05:57:31Z,- abregorivas opened issue: [110](https://github.com/hackforla/website/issues/110) at 2019-05-20 10:57 PM PDT
abregorivas,2019-05-21T06:09:35Z,- abregorivas opened issue: [111](https://github.com/hackforla/website/issues/111) at 2019-05-20 11:09 PM PDT
abregorivas,2019-05-21T06:22:14Z,- abregorivas opened issue: [112](https://github.com/hackforla/website/issues/112) at 2019-05-20 11:22 PM PDT
abregorivas,2019-05-21T18:59:15Z,- abregorivas assigned to issue: [113](https://github.com/hackforla/website/issues/113) at 2019-05-21 11:59 AM PDT
abregorivas,2019-05-22T02:57:53Z,- abregorivas unassigned from issue: [113](https://github.com/hackforla/website/issues/113) at 2019-05-21 07:57 PM PDT
abregorivas,2019-05-23T03:36:18Z,- abregorivas assigned to issue: [110](https://github.com/hackforla/website/issues/110#issuecomment-495055016) at 2019-05-22 08:36 PM PDT
abregorivas,2019-05-27T19:59:28Z,- abregorivas opened issue: [118](https://github.com/hackforla/website/issues/118) at 2019-05-27 12:59 PM PDT
abregorivas,2019-05-27T23:15:57Z,- abregorivas assigned to issue: [121](https://github.com/hackforla/website/issues/121) at 2019-05-27 04:15 PM PDT
abregorivas,2019-05-29T19:29:57Z,- abregorivas commented on pull request: [108](https://github.com/hackforla/website/pull/108#issuecomment-497077672) at 2019-05-29 12:29 PM PDT
abregorivas,2019-06-04T01:16:13Z,- abregorivas assigned to issue: [117](https://github.com/hackforla/website/issues/117) at 2019-06-03 06:16 PM PDT
abregorivas,2019-06-04T01:21:06Z,- abregorivas assigned to issue: [111](https://github.com/hackforla/website/issues/111#issuecomment-498110899) at 2019-06-03 06:21 PM PDT
abregorivas,2019-06-06T03:49:27Z,- abregorivas closed issue as completed: [112](https://github.com/hackforla/website/issues/112#event-2393099705) at 2019-06-05 08:49 PM PDT
abregorivas,2019-06-06T03:50:43Z,- abregorivas commented on issue: [112](https://github.com/hackforla/website/issues/112#issuecomment-499338170) at 2019-06-05 08:50 PM PDT
abregorivas,2019-06-10T22:50:51Z,- abregorivas unassigned from issue: [111](https://github.com/hackforla/website/issues/111#issuecomment-498489346) at 2019-06-10 03:50 PM PDT
abregorivas,2019-06-10T23:14:13Z,- abregorivas commented on issue: [97](https://github.com/hackforla/website/issues/97#issuecomment-500627159) at 2019-06-10 04:14 PM PDT
abregorivas,2019-07-10T00:19:35Z,- abregorivas commented on issue: [132](https://github.com/hackforla/website/issues/132#issuecomment-509857544) at 2019-07-09 05:19 PM PDT
abregorivas,2020-06-01T02:23:45Z,- abregorivas unassigned from issue: [19](https://github.com/hackforla/website/issues/19#issuecomment-490691273) at 2020-05-31 07:23 PM PDT
abregorivas,2020-06-01T02:33:13Z,- abregorivas unassigned from issue: [110](https://github.com/hackforla/website/issues/110#issuecomment-636580730) at 2020-05-31 07:33 PM PDT
abregorivas,2020-06-01T02:38:02Z,- abregorivas unassigned from issue: [102](https://github.com/hackforla/website/issues/102) at 2020-05-31 07:38 PM PDT
abregorivas,2020-06-01T03:17:10Z,- abregorivas unassigned from issue: [98](https://github.com/hackforla/website/issues/98#issuecomment-498905072) at 2020-05-31 08:17 PM PDT
Abrosss,3919,SKILLS ISSUE
Abrosss,2023-02-01T05:02:28Z,- Abrosss opened issue: [3919](https://github.com/hackforla/website/issues/3919) at 2023-01-31 09:02 PM PST
Abrosss,2023-02-01T05:02:29Z,- Abrosss assigned to issue: [3919](https://github.com/hackforla/website/issues/3919) at 2023-01-31 09:02 PM PST
Abrosss,2023-05-12T16:21:45Z,- Abrosss reopened issue: [3919](https://github.com/hackforla/website/issues/3919#event-8955645245) at 2023-05-12 09:21 AM PDT
Abrosss,2023-05-21T17:00:47Z,- Abrosss closed issue as completed: [3919](https://github.com/hackforla/website/issues/3919#event-9296292024) at 2023-05-21 10:00 AM PDT
Abrosss,2023-06-12T07:05:57Z,- Abrosss reopened issue: [3919](https://github.com/hackforla/website/issues/3919#event-9296292024) at 2023-06-12 12:05 AM PDT
Abrosss,2023-06-12T07:10:53Z,- Abrosss assigned to issue: [4514](https://github.com/hackforla/website/issues/4514#issuecomment-1546961942) at 2023-06-12 12:10 AM PDT
Abrosss,2023-06-12T07:29:33Z,- Abrosss commented on issue: [4514](https://github.com/hackforla/website/issues/4514#issuecomment-1586745425) at 2023-06-12 12:29 AM PDT
Abrosss,2023-06-12T07:57:05Z,- Abrosss opened pull request: [4817](https://github.com/hackforla/website/pull/4817) at 2023-06-12 12:57 AM PDT
Abrosss,2023-06-13T03:55:28Z,- Abrosss commented on pull request: [4817](https://github.com/hackforla/website/pull/4817#issuecomment-1588485120) at 2023-06-12 08:55 PM PDT
Abrosss,2023-06-16T15:30:07Z,- Abrosss commented on issue: [3919](https://github.com/hackforla/website/issues/3919#issuecomment-1594875165) at 2023-06-16 08:30 AM PDT
Abrosss,2023-06-18T03:37:17Z,- Abrosss pull request merged: [4817](https://github.com/hackforla/website/pull/4817#event-9560059125) at 2023-06-17 08:37 PM PDT
Abrosss,2023-06-24T16:57:18Z,- Abrosss commented on issue: [3919](https://github.com/hackforla/website/issues/3919#issuecomment-1605647532) at 2023-06-24 09:57 AM PDT
Abrosss,2023-06-24T16:57:19Z,- Abrosss closed issue as completed: [3919](https://github.com/hackforla/website/issues/3919#event-9627367031) at 2023-06-24 09:57 AM PDT
Abrosss,2023-06-27T17:46:04Z,- Abrosss assigned to issue: [4883](https://github.com/hackforla/website/issues/4883) at 2023-06-27 10:46 AM PDT
Abrosss,2023-06-27T17:51:29Z,- Abrosss commented on issue: [4883](https://github.com/hackforla/website/issues/4883#issuecomment-1609969293) at 2023-06-27 10:51 AM PDT
Abrosss,2023-06-27T18:40:17Z,- Abrosss opened pull request: [4890](https://github.com/hackforla/website/pull/4890) at 2023-06-27 11:40 AM PDT
Abrosss,2023-07-02T03:40:12Z,- Abrosss pull request merged: [4890](https://github.com/hackforla/website/pull/4890#event-9698583189) at 2023-07-01 08:40 PM PDT
Abrosss,2023-07-05T16:33:13Z,- Abrosss commented on pull request: [4911](https://github.com/hackforla/website/pull/4911#issuecomment-1622107850) at 2023-07-05 09:33 AM PDT
Abrosss,2023-07-05T18:52:04Z,- Abrosss submitted pull request review: [4911](https://github.com/hackforla/website/pull/4911#pullrequestreview-1515137494) at 2023-07-05 11:52 AM PDT
Abrosss,2023-08-07T10:48:43Z,- Abrosss submitted pull request review: [5155](https://github.com/hackforla/website/pull/5155#pullrequestreview-1565064449) at 2023-08-07 03:48 AM PDT
Abrosss,2023-08-08T07:29:01Z,- Abrosss submitted pull request review: [5161](https://github.com/hackforla/website/pull/5161#pullrequestreview-1566661460) at 2023-08-08 12:29 AM PDT
Abrosss,2023-08-09T03:04:57Z,- Abrosss submitted pull request review: [5161](https://github.com/hackforla/website/pull/5161#pullrequestreview-1568631207) at 2023-08-08 08:04 PM PDT
abryant35,2021-07-25T15:11:03Z,- abryant35 opened issue: [2007](https://github.com/hackforla/website/issues/2007) at 2021-07-25 08:11 AM PDT
abryant35,2021-08-12T22:54:00Z,- abryant35 commented on issue: [2007](https://github.com/hackforla/website/issues/2007#issuecomment-898022997) at 2021-08-12 03:54 PM PDT
abryant35,2021-08-25T02:25:45Z,- abryant35 opened issue: [2177](https://github.com/hackforla/website/issues/2177) at 2021-08-24 07:25 PM PDT
abuna1985,2021-06-17T19:57:14Z,- abuna1985 assigned to issue: [1586](https://github.com/hackforla/website/issues/1586) at 2021-06-17 12:57 PM PDT
abuna1985,2021-06-18T21:56:18Z,- abuna1985 opened pull request: [1784](https://github.com/hackforla/website/pull/1784) at 2021-06-18 02:56 PM PDT
abuna1985,2021-06-18T23:58:28Z,- abuna1985 submitted pull request review: [1771](https://github.com/hackforla/website/pull/1771#pullrequestreview-687775297) at 2021-06-18 04:58 PM PDT
abuna1985,2021-06-19T00:08:09Z,- abuna1985 submitted pull request review: [1765](https://github.com/hackforla/website/pull/1765#pullrequestreview-687776650) at 2021-06-18 05:08 PM PDT
abuna1985,2021-06-20T18:56:41Z,- abuna1985 assigned to issue: [1792](https://github.com/hackforla/website/issues/1792) at 2021-06-20 11:56 AM PDT
abuna1985,2021-06-20T19:12:08Z,- abuna1985 pull request merged: [1784](https://github.com/hackforla/website/pull/1784#event-4913700549) at 2021-06-20 12:12 PM PDT
abuna1985,2021-06-22T05:48:56Z,- abuna1985 submitted pull request review: [1773](https://github.com/hackforla/website/pull/1773#pullrequestreview-689081083) at 2021-06-21 10:48 PM PDT
abuna1985,2021-06-22T07:53:04Z,- abuna1985 opened pull request: [1813](https://github.com/hackforla/website/pull/1813) at 2021-06-22 12:53 AM PDT
abuna1985,2021-06-23T03:54:21Z,- abuna1985 opened issue: [1816](https://github.com/hackforla/website/issues/1816) at 2021-06-22 08:54 PM PDT
abuna1985,2021-06-23T04:05:13Z,- abuna1985 opened issue: [1817](https://github.com/hackforla/website/issues/1817) at 2021-06-22 09:05 PM PDT
abuna1985,2021-06-23T04:05:47Z,- abuna1985 assigned to issue: [1817](https://github.com/hackforla/website/issues/1817) at 2021-06-22 09:05 PM PDT
abuna1985,2021-06-23T04:11:28Z,- abuna1985 unassigned from issue: [1817](https://github.com/hackforla/website/issues/1817) at 2021-06-22 09:11 PM PDT
abuna1985,2021-06-23T17:02:58Z,- abuna1985 pull request merged: [1813](https://github.com/hackforla/website/pull/1813#event-4930143355) at 2021-06-23 10:02 AM PDT
abuna1985,2021-06-23T17:51:51Z,- abuna1985 assigned to issue: [1817](https://github.com/hackforla/website/issues/1817) at 2021-06-23 10:51 AM PDT
abuna1985,2021-06-27T17:23:31Z,- abuna1985 commented on issue: [1817](https://github.com/hackforla/website/issues/1817#issuecomment-869197859) at 2021-06-27 10:23 AM PDT
abuna1985,2021-06-28T19:31:22Z,- abuna1985 commented on issue: [1850](https://github.com/hackforla/website/issues/1850#issuecomment-869966810) at 2021-06-28 12:31 PM PDT
abuna1985,2021-07-02T22:02:52Z,- abuna1985 commented on issue: [1817](https://github.com/hackforla/website/issues/1817#issuecomment-873276899) at 2021-07-02 03:02 PM PDT
abuna1985,2021-07-02T22:13:02Z,- abuna1985 commented on issue: [1817](https://github.com/hackforla/website/issues/1817#issuecomment-873280760) at 2021-07-02 03:13 PM PDT
abuna1985,2021-07-02T23:34:00Z,- abuna1985 commented on issue: [1817](https://github.com/hackforla/website/issues/1817#issuecomment-873303643) at 2021-07-02 04:34 PM PDT
abuna1985,2021-07-03T00:42:52Z,- abuna1985 commented on issue: [1817](https://github.com/hackforla/website/issues/1817#issuecomment-873316937) at 2021-07-02 05:42 PM PDT
abuna1985,2021-07-03T07:59:48Z,- abuna1985 opened pull request: [1883](https://github.com/hackforla/website/pull/1883) at 2021-07-03 12:59 AM PDT
abuna1985,2021-07-03T08:30:18Z,- abuna1985 submitted pull request review: [1882](https://github.com/hackforla/website/pull/1882#pullrequestreview-698577388) at 2021-07-03 01:30 AM PDT
abuna1985,2021-07-03T09:05:17Z,- abuna1985 submitted pull request review: [1870](https://github.com/hackforla/website/pull/1870#pullrequestreview-698579417) at 2021-07-03 02:05 AM PDT
abuna1985,2021-07-07T00:18:34Z,- abuna1985 commented on pull request: [1870](https://github.com/hackforla/website/pull/1870#issuecomment-875169026) at 2021-07-06 05:18 PM PDT
abuna1985,2021-07-07T02:34:53Z,- abuna1985 submitted pull request review: [1894](https://github.com/hackforla/website/pull/1894#pullrequestreview-700524284) at 2021-07-06 07:34 PM PDT
abuna1985,2021-07-07T03:51:57Z,- abuna1985 commented on issue: [1674](https://github.com/hackforla/website/issues/1674#issuecomment-875252740) at 2021-07-06 08:51 PM PDT
abuna1985,2021-07-07T23:26:59Z,- abuna1985 opened issue: [1899](https://github.com/hackforla/website/issues/1899) at 2021-07-07 04:26 PM PDT
abuna1985,2021-07-09T03:11:00Z,- abuna1985 pull request merged: [1883](https://github.com/hackforla/website/pull/1883#event-4998097059) at 2021-07-08 08:11 PM PDT
abuna1985,2021-07-09T15:41:58Z,- abuna1985 submitted pull request review: [1870](https://github.com/hackforla/website/pull/1870#pullrequestreview-703177876) at 2021-07-09 08:41 AM PDT
abuna1985,2021-07-09T16:41:55Z,- abuna1985 opened issue: [1908](https://github.com/hackforla/website/issues/1908) at 2021-07-09 09:41 AM PDT
abuna1985,2021-07-09T18:33:07Z,- abuna1985 submitted pull request review: [1894](https://github.com/hackforla/website/pull/1894#pullrequestreview-703302915) at 2021-07-09 11:33 AM PDT
abuna1985,2021-07-09T22:07:48Z,- abuna1985 submitted pull request review: [1902](https://github.com/hackforla/website/pull/1902#pullrequestreview-703419312) at 2021-07-09 03:07 PM PDT
abuna1985,2021-07-09T23:36:22Z,- abuna1985 commented on issue: [1817](https://github.com/hackforla/website/issues/1817#issuecomment-877509507) at 2021-07-09 04:36 PM PDT
abuna1985,2021-07-09T23:50:33Z,- abuna1985 opened issue: [1911](https://github.com/hackforla/website/issues/1911) at 2021-07-09 04:50 PM PDT
abuna1985,2021-07-09T23:57:08Z,- abuna1985 commented on issue: [1817](https://github.com/hackforla/website/issues/1817#issuecomment-877514403) at 2021-07-09 04:57 PM PDT
abuna1985,2021-07-09T23:57:09Z,- abuna1985 closed issue by PR 1883: [1817](https://github.com/hackforla/website/issues/1817#event-5002607533) at 2021-07-09 04:57 PM PDT
abuna1985,2021-07-11T18:12:46Z,- abuna1985 commented on issue: [1919](https://github.com/hackforla/website/issues/1919#issuecomment-877840893) at 2021-07-11 11:12 AM PDT
abuna1985,2021-07-11T20:48:17Z,- abuna1985 commented on issue: [1850](https://github.com/hackforla/website/issues/1850#issuecomment-877859115) at 2021-07-11 01:48 PM PDT
abuna1985,2021-07-11T22:06:52Z,- abuna1985 commented on issue: [1352](https://github.com/hackforla/website/issues/1352#issuecomment-877867960) at 2021-07-11 03:06 PM PDT
abuna1985,2021-07-13T21:37:55Z,- abuna1985 assigned to issue: [1850](https://github.com/hackforla/website/issues/1850#issuecomment-877859115) at 2021-07-13 02:37 PM PDT
abuna1985,2021-07-14T07:41:01Z,- abuna1985 commented on issue: [1891](https://github.com/hackforla/website/issues/1891#issuecomment-879670597) at 2021-07-14 12:41 AM PDT
abuna1985,2021-07-14T08:20:13Z,- abuna1985 commented on issue: [1927](https://github.com/hackforla/website/issues/1927#issuecomment-879696097) at 2021-07-14 01:20 AM PDT
abuna1985,2021-07-16T17:11:01Z,- abuna1985 commented on pull request: [1912](https://github.com/hackforla/website/pull/1912#issuecomment-881595144) at 2021-07-16 10:11 AM PDT
abuna1985,2021-07-17T19:40:56Z,- abuna1985 submitted pull request review: [1928](https://github.com/hackforla/website/pull/1928#pullrequestreview-708965310) at 2021-07-17 12:40 PM PDT
abuna1985,2021-07-17T21:41:07Z,- abuna1985 submitted pull request review: [1928](https://github.com/hackforla/website/pull/1928#pullrequestreview-708971176) at 2021-07-17 02:41 PM PDT
abuna1985,2021-07-18T01:55:42Z,- abuna1985 submitted pull request review: [1951](https://github.com/hackforla/website/pull/1951#pullrequestreview-708981083) at 2021-07-17 06:55 PM PDT
abuna1985,2021-07-18T02:06:18Z,- abuna1985 submitted pull request review: [1951](https://github.com/hackforla/website/pull/1951#pullrequestreview-708981442) at 2021-07-17 07:06 PM PDT
abuna1985,2021-07-19T06:12:30Z,- abuna1985 submitted pull request review: [1954](https://github.com/hackforla/website/pull/1954#pullrequestreview-709181361) at 2021-07-18 11:12 PM PDT
abuna1985,2021-07-25T22:01:49Z,- abuna1985 opened issue: [2010](https://github.com/hackforla/website/issues/2010) at 2021-07-25 03:01 PM PDT
abuna1985,2021-07-25T22:05:09Z,- abuna1985 commented on issue: [2010](https://github.com/hackforla/website/issues/2010#issuecomment-886264004) at 2021-07-25 03:05 PM PDT
abuna1985,2021-07-25T22:25:10Z,- abuna1985 commented on issue: [2010](https://github.com/hackforla/website/issues/2010#issuecomment-886266159) at 2021-07-25 03:25 PM PDT
abuna1985,2021-07-25T23:26:51Z,- abuna1985 submitted pull request review: [2001](https://github.com/hackforla/website/pull/2001#pullrequestreview-714360742) at 2021-07-25 04:26 PM PDT
abuna1985,2021-07-26T13:46:31Z,- abuna1985 commented on issue: [1904](https://github.com/hackforla/website/issues/1904#issuecomment-886717802) at 2021-07-26 06:46 AM PDT
abuna1985,2021-07-26T15:21:01Z,- abuna1985 commented on issue: [1498](https://github.com/hackforla/website/issues/1498#issuecomment-886797483) at 2021-07-26 08:21 AM PDT
abuna1985,2021-07-26T15:29:52Z,- abuna1985 submitted pull request review: [2001](https://github.com/hackforla/website/pull/2001#pullrequestreview-714989339) at 2021-07-26 08:29 AM PDT
abuna1985,2021-07-26T17:37:02Z,- abuna1985 submitted pull request review: [1972](https://github.com/hackforla/website/pull/1972#pullrequestreview-715114095) at 2021-07-26 10:37 AM PDT
abuna1985,2021-07-27T05:15:54Z,- abuna1985 submitted pull request review: [1951](https://github.com/hackforla/website/pull/1951#pullrequestreview-715494979) at 2021-07-26 10:15 PM PDT
abuna1985,2021-07-27T05:19:45Z,- abuna1985 submitted pull request review: [1951](https://github.com/hackforla/website/pull/1951#pullrequestreview-715496648) at 2021-07-26 10:19 PM PDT
abuna1985,2021-07-29T23:00:05Z,- abuna1985 submitted pull request review: [2003](https://github.com/hackforla/website/pull/2003#pullrequestreview-718597759) at 2021-07-29 04:00 PM PDT
abuna1985,2021-07-29T23:54:49Z,- abuna1985 submitted pull request review: [2005](https://github.com/hackforla/website/pull/2005#pullrequestreview-718618754) at 2021-07-29 04:54 PM PDT
abuna1985,2021-07-30T00:03:37Z,- abuna1985 submitted pull request review: [2011](https://github.com/hackforla/website/pull/2011#pullrequestreview-718622007) at 2021-07-29 05:03 PM PDT
abuna1985,2021-07-30T01:44:29Z,- abuna1985 submitted pull request review: [1999](https://github.com/hackforla/website/pull/1999#pullrequestreview-718656288) at 2021-07-29 06:44 PM PDT
abuna1985,2021-08-01T15:30:22Z,- abuna1985 submitted pull request review: [1999](https://github.com/hackforla/website/pull/1999#pullrequestreview-719674040) at 2021-08-01 08:30 AM PDT
abuna1985,2021-08-01T15:30:47Z,- abuna1985 closed issue by PR 1999: [1479](https://github.com/hackforla/website/issues/1479#event-5095581391) at 2021-08-01 08:30 AM PDT
abuna1985,2021-08-01T15:34:04Z,- abuna1985 closed issue by PR 2004: [1943](https://github.com/hackforla/website/issues/1943#event-5095584404) at 2021-08-01 08:34 AM PDT
abuna1985,2021-08-01T15:35:55Z,- abuna1985 submitted pull request review: [2005](https://github.com/hackforla/website/pull/2005#pullrequestreview-719674493) at 2021-08-01 08:35 AM PDT
abuna1985,2021-08-01T15:57:41Z,- abuna1985 submitted pull request review: [2019](https://github.com/hackforla/website/pull/2019#pullrequestreview-719676272) at 2021-08-01 08:57 AM PDT
abuna1985,2021-08-01T17:44:11Z,- abuna1985 commented on issue: [1347](https://github.com/hackforla/website/issues/1347#issuecomment-890560375) at 2021-08-01 10:44 AM PDT
abuna1985,2021-08-02T07:10:00Z,- abuna1985 submitted pull request review: [2019](https://github.com/hackforla/website/pull/2019#pullrequestreview-719860799) at 2021-08-02 12:10 AM PDT
abuna1985,2021-08-03T07:37:22Z,- abuna1985 submitted pull request review: [2005](https://github.com/hackforla/website/pull/2005#pullrequestreview-720876174) at 2021-08-03 12:37 AM PDT
abuna1985,2021-08-03T07:39:03Z,- abuna1985 closed issue by PR 2005: [1919](https://github.com/hackforla/website/issues/1919#event-5103069381) at 2021-08-03 12:39 AM PDT
abuna1985,2021-08-03T16:40:13Z,- abuna1985 commented on issue: [2010](https://github.com/hackforla/website/issues/2010#issuecomment-891996607) at 2021-08-03 09:40 AM PDT
abuna1985,2021-08-04T02:58:07Z,- abuna1985 opened issue: [2061](https://github.com/hackforla/website/issues/2061) at 2021-08-03 07:58 PM PDT
abuna1985,2021-08-04T03:07:02Z,- abuna1985 assigned to issue: [2010](https://github.com/hackforla/website/issues/2010#issuecomment-891996607) at 2021-08-03 08:07 PM PDT
abuna1985,2021-08-06T19:36:43Z,- abuna1985 assigned to issue: [1921](https://github.com/hackforla/website/issues/1921) at 2021-08-06 12:36 PM PDT
abuna1985,2021-08-07T14:34:58Z,- abuna1985 commented on issue: [1921](https://github.com/hackforla/website/issues/1921#issuecomment-894662631) at 2021-08-07 07:34 AM PDT
abuna1985,2021-08-09T07:19:42Z,- abuna1985 commented on pull request: [1928](https://github.com/hackforla/website/pull/1928#issuecomment-895006409) at 2021-08-09 12:19 AM PDT
abuna1985,2021-08-10T20:55:06Z,- abuna1985 commented on issue: [2010](https://github.com/hackforla/website/issues/2010#issuecomment-896310205) at 2021-08-10 01:55 PM PDT
abuna1985,2021-08-10T21:46:07Z,- abuna1985 opened issue: [2097](https://github.com/hackforla/website/issues/2097) at 2021-08-10 02:46 PM PDT
abuna1985,2021-08-10T22:01:17Z,- abuna1985 commented on pull request: [1972](https://github.com/hackforla/website/pull/1972#issuecomment-896341550) at 2021-08-10 03:01 PM PDT
abuna1985,2021-08-11T00:13:45Z,- abuna1985 submitted pull request review: [1972](https://github.com/hackforla/website/pull/1972#pullrequestreview-726942443) at 2021-08-10 05:13 PM PDT
abuna1985,2021-08-11T00:15:59Z,- abuna1985 commented on pull request: [1972](https://github.com/hackforla/website/pull/1972#issuecomment-896397575) at 2021-08-10 05:15 PM PDT
abuna1985,2021-08-11T16:40:49Z,- abuna1985 commented on issue: [1898](https://github.com/hackforla/website/issues/1898#issuecomment-896980347) at 2021-08-11 09:40 AM PDT
abuna1985,2021-08-11T17:59:37Z,- abuna1985 commented on issue: [1898](https://github.com/hackforla/website/issues/1898#issuecomment-897033445) at 2021-08-11 10:59 AM PDT
abuna1985,2021-08-12T05:27:43Z,- abuna1985 commented on issue: [1921](https://github.com/hackforla/website/issues/1921#issuecomment-897359416) at 2021-08-11 10:27 PM PDT
abuna1985,2021-08-12T06:08:19Z,- abuna1985 opened issue: [2104](https://github.com/hackforla/website/issues/2104) at 2021-08-11 11:08 PM PDT
abuna1985,2021-08-12T06:40:47Z,- abuna1985 commented on issue: [1921](https://github.com/hackforla/website/issues/1921#issuecomment-897388513) at 2021-08-11 11:40 PM PDT
abuna1985,2021-08-12T06:43:40Z,- abuna1985 commented on issue: [1921](https://github.com/hackforla/website/issues/1921#issuecomment-897389763) at 2021-08-11 11:43 PM PDT
abuna1985,2021-08-12T06:43:40Z,- abuna1985 closed issue as completed: [1921](https://github.com/hackforla/website/issues/1921#event-5147052057) at 2021-08-11 11:43 PM PDT
abuna1985,2021-08-14T19:36:25Z,- abuna1985 commented on pull request: [2011](https://github.com/hackforla/website/pull/2011#issuecomment-898950136) at 2021-08-14 12:36 PM PDT
abuna1985,2021-08-14T19:45:44Z,- abuna1985 submitted pull request review: [2074](https://github.com/hackforla/website/pull/2074#pullrequestreview-730128864) at 2021-08-14 12:45 PM PDT
abuna1985,2021-08-14T20:08:52Z,- abuna1985 submitted pull request review: [2102](https://github.com/hackforla/website/pull/2102#pullrequestreview-730129972) at 2021-08-14 01:08 PM PDT
abuna1985,2021-08-14T20:19:37Z,- abuna1985 closed issue by PR 2102: [2075](https://github.com/hackforla/website/issues/2075#event-5159068560) at 2021-08-14 01:19 PM PDT
abuna1985,2021-08-14T23:52:12Z,- abuna1985 commented on issue: [1920](https://github.com/hackforla/website/issues/1920#issuecomment-898972110) at 2021-08-14 04:52 PM PDT
abuna1985,2021-08-14T23:55:07Z,- abuna1985 commented on issue: [1950](https://github.com/hackforla/website/issues/1950#issuecomment-898972312) at 2021-08-14 04:55 PM PDT
abuna1985,2021-08-15T00:01:28Z,- abuna1985 commented on issue: [1984](https://github.com/hackforla/website/issues/1984#issuecomment-898972808) at 2021-08-14 05:01 PM PDT
abuna1985,2021-08-15T00:07:31Z,- abuna1985 commented on issue: [1982](https://github.com/hackforla/website/issues/1982#issuecomment-898973863) at 2021-08-14 05:07 PM PDT
abuna1985,2021-08-15T17:14:46Z,- abuna1985 commented on issue: [1982](https://github.com/hackforla/website/issues/1982#issuecomment-899083596) at 2021-08-15 10:14 AM PDT
abuna1985,2021-08-15T17:39:07Z,- abuna1985 commented on issue: [2117](https://github.com/hackforla/website/issues/2117#issuecomment-899086426) at 2021-08-15 10:39 AM PDT
abuna1985,2021-08-15T17:40:28Z,- abuna1985 closed issue by PR 2250: [2117](https://github.com/hackforla/website/issues/2117#event-5159972965) at 2021-08-15 10:40 AM PDT
abuna1985,2021-08-16T16:47:26Z,- abuna1985 reopened issue: [2117](https://github.com/hackforla/website/issues/2117#issuecomment-899623738) at 2021-08-16 09:47 AM PDT
abuna1985,2021-08-16T16:52:14Z,- abuna1985 commented on issue: [2117](https://github.com/hackforla/website/issues/2117#issuecomment-899662109) at 2021-08-16 09:52 AM PDT
abuna1985,2021-08-16T20:33:34Z,- abuna1985 commented on issue: [2010](https://github.com/hackforla/website/issues/2010#issuecomment-899800608) at 2021-08-16 01:33 PM PDT
abuna1985,2021-08-18T21:26:45Z,- abuna1985 commented on issue: [1982](https://github.com/hackforla/website/issues/1982#issuecomment-901441387) at 2021-08-18 02:26 PM PDT
abuna1985,2021-08-19T00:05:09Z,- abuna1985 submitted pull request review: [2124](https://github.com/hackforla/website/pull/2124#pullrequestreview-733445870) at 2021-08-18 05:05 PM PDT
abuna1985,2021-08-19T03:06:29Z,- abuna1985 submitted pull request review: [2121](https://github.com/hackforla/website/pull/2121#pullrequestreview-733512278) at 2021-08-18 08:06 PM PDT
abuna1985,2021-08-19T06:29:24Z,- abuna1985 submitted pull request review: [2123](https://github.com/hackforla/website/pull/2123#pullrequestreview-733607518) at 2021-08-18 11:29 PM PDT
abuna1985,2021-08-19T06:47:33Z,- abuna1985 submitted pull request review: [2123](https://github.com/hackforla/website/pull/2123#pullrequestreview-733619561) at 2021-08-18 11:47 PM PDT
abuna1985,2021-08-22T00:59:09Z,- abuna1985 submitted pull request review: [2121](https://github.com/hackforla/website/pull/2121#pullrequestreview-735530296) at 2021-08-21 05:59 PM PDT
abuna1985,2021-08-22T00:59:35Z,- abuna1985 closed issue by PR 2121: [2109](https://github.com/hackforla/website/issues/2109#event-5190324951) at 2021-08-21 05:59 PM PDT
abuna1985,2021-08-22T16:55:05Z,- abuna1985 opened issue: [2158](https://github.com/hackforla/website/issues/2158) at 2021-08-22 09:55 AM PDT
abuna1985,2021-08-22T17:03:52Z,- abuna1985 opened issue: [2159](https://github.com/hackforla/website/issues/2159) at 2021-08-22 10:03 AM PDT
abuna1985,2021-08-22T18:14:57Z,- abuna1985 commented on pull request: [2059](https://github.com/hackforla/website/pull/2059#issuecomment-903308955) at 2021-08-22 11:14 AM PDT
abuna1985,2021-08-22T18:26:12Z,- abuna1985 commented on issue: [2061](https://github.com/hackforla/website/issues/2061#issuecomment-903310434) at 2021-08-22 11:26 AM PDT
abuna1985,2021-08-22T19:08:28Z,- abuna1985 commented on issue: [2071](https://github.com/hackforla/website/issues/2071#issuecomment-903316210) at 2021-08-22 12:08 PM PDT
abuna1985,2021-08-23T06:06:26Z,- abuna1985 commented on issue: [2153](https://github.com/hackforla/website/issues/2153#issuecomment-903470211) at 2021-08-22 11:06 PM PDT
abuna1985,2021-08-23T06:16:06Z,- abuna1985 opened issue: [2165](https://github.com/hackforla/website/issues/2165) at 2021-08-22 11:16 PM PDT
abuna1985,2021-08-23T06:23:21Z,- abuna1985 commented on issue: [2104](https://github.com/hackforla/website/issues/2104#issuecomment-903478972) at 2021-08-22 11:23 PM PDT
abuna1985,2021-08-23T07:48:54Z,- abuna1985 submitted pull request review: [2144](https://github.com/hackforla/website/pull/2144#pullrequestreview-735816065) at 2021-08-23 12:48 AM PDT
abuna1985,2021-08-23T19:34:02Z,- abuna1985 commented on issue: [2153](https://github.com/hackforla/website/issues/2153#issuecomment-904062831) at 2021-08-23 12:34 PM PDT
abuna1985,2021-08-24T01:14:29Z,- abuna1985 commented on issue: [2061](https://github.com/hackforla/website/issues/2061#issuecomment-904242560) at 2021-08-23 06:14 PM PDT
abuna1985,2021-08-24T18:50:02Z,- abuna1985 commented on issue: [2170](https://github.com/hackforla/website/issues/2170#issuecomment-904889602) at 2021-08-24 11:50 AM PDT
abuna1985,2021-08-24T19:03:50Z,- abuna1985 closed issue as completed: [2061](https://github.com/hackforla/website/issues/2061#event-5202499635) at 2021-08-24 12:03 PM PDT
abuna1985,2021-08-24T19:03:55Z,- abuna1985 reopened issue: [2061](https://github.com/hackforla/website/issues/2061#event-5202499635) at 2021-08-24 12:03 PM PDT
abuna1985,2021-08-24T22:40:10Z,- abuna1985 commented on issue: [2135](https://github.com/hackforla/website/issues/2135#issuecomment-905023487) at 2021-08-24 03:40 PM PDT
abuna1985,2021-08-24T22:42:57Z,- abuna1985 commented on issue: [2138](https://github.com/hackforla/website/issues/2138#issuecomment-905024604) at 2021-08-24 03:42 PM PDT
abuna1985,2021-08-24T23:02:43Z,- abuna1985 commented on issue: [2138](https://github.com/hackforla/website/issues/2138#issuecomment-905031996) at 2021-08-24 04:02 PM PDT
abuna1985,2021-08-24T23:20:36Z,- abuna1985 commented on issue: [2010](https://github.com/hackforla/website/issues/2010#issuecomment-905039281) at 2021-08-24 04:20 PM PDT
abuna1985,2021-08-25T05:39:29Z,- abuna1985 commented on pull request: [2059](https://github.com/hackforla/website/pull/2059#issuecomment-905199130) at 2021-08-24 10:39 PM PDT
abuna1985,2021-08-25T05:53:28Z,- abuna1985 assigned to issue: [2079](https://github.com/hackforla/website/issues/2079#issuecomment-903307425) at 2021-08-24 10:53 PM PDT
abuna1985,2021-08-25T06:49:17Z,- abuna1985 opened pull request: [2178](https://github.com/hackforla/website/pull/2178) at 2021-08-24 11:49 PM PDT
abuna1985,2021-08-25T07:47:37Z,- abuna1985 submitted pull request review: [2166](https://github.com/hackforla/website/pull/2166#pullrequestreview-738014794) at 2021-08-25 12:47 AM PDT
abuna1985,2021-08-25T15:52:21Z,- abuna1985 commented on issue: [1982](https://github.com/hackforla/website/issues/1982#issuecomment-905642729) at 2021-08-25 08:52 AM PDT
abuna1985,2021-08-25T18:40:18Z,- abuna1985 commented on issue: [1982](https://github.com/hackforla/website/issues/1982#issuecomment-905780982) at 2021-08-25 11:40 AM PDT
abuna1985,2021-08-26T00:03:23Z,- abuna1985 closed issue by PR 2166: [2008](https://github.com/hackforla/website/issues/2008#event-5209848877) at 2021-08-25 05:03 PM PDT
abuna1985,2021-08-27T00:08:48Z,- abuna1985 commented on issue: [1407](https://github.com/hackforla/website/issues/1407#issuecomment-906824251) at 2021-08-26 05:08 PM PDT
abuna1985,2021-08-27T05:07:45Z,- abuna1985 commented on issue: [1407](https://github.com/hackforla/website/issues/1407#issuecomment-906929056) at 2021-08-26 10:07 PM PDT
abuna1985,2021-08-27T05:09:05Z,- abuna1985 commented on issue: [1407](https://github.com/hackforla/website/issues/1407#issuecomment-906929601) at 2021-08-26 10:09 PM PDT
abuna1985,2021-08-27T05:38:03Z,- abuna1985 commented on issue: [2082](https://github.com/hackforla/website/issues/2082#issuecomment-906939143) at 2021-08-26 10:38 PM PDT
abuna1985,2021-08-27T06:56:54Z,- abuna1985 opened issue: [2187](https://github.com/hackforla/website/issues/2187) at 2021-08-26 11:56 PM PDT
abuna1985,2021-08-27T07:55:41Z,- abuna1985 commented on issue: [2187](https://github.com/hackforla/website/issues/2187#issuecomment-907005509) at 2021-08-27 12:55 AM PDT
abuna1985,2021-08-27T18:51:50Z,- abuna1985 commented on pull request: [2150](https://github.com/hackforla/website/pull/2150#issuecomment-907405323) at 2021-08-27 11:51 AM PDT
abuna1985,2021-08-27T19:10:10Z,- abuna1985 commented on issue: [2082](https://github.com/hackforla/website/issues/2082#issuecomment-907417027) at 2021-08-27 12:10 PM PDT
abuna1985,2021-08-28T05:48:28Z,- abuna1985 pull request merged: [2178](https://github.com/hackforla/website/pull/2178#event-5221347834) at 2021-08-27 10:48 PM PDT
abuna1985,2021-08-29T06:33:58Z,- abuna1985 submitted pull request review: [2186](https://github.com/hackforla/website/pull/2186#pullrequestreview-741079576) at 2021-08-28 11:33 PM PDT
abuna1985,2021-08-29T06:36:31Z,- abuna1985 closed issue by PR 2186: [1816](https://github.com/hackforla/website/issues/1816#event-5222396187) at 2021-08-28 11:36 PM PDT
abuna1985,2021-08-29T06:55:19Z,- abuna1985 submitted pull request review: [2196](https://github.com/hackforla/website/pull/2196#pullrequestreview-741080939) at 2021-08-28 11:55 PM PDT
abuna1985,2021-08-29T07:11:58Z,- abuna1985 assigned to issue: [2164](https://github.com/hackforla/website/issues/2164) at 2021-08-29 12:11 AM PDT
abuna1985,2021-08-29T08:58:58Z,- abuna1985 opened pull request: [2197](https://github.com/hackforla/website/pull/2197) at 2021-08-29 01:58 AM PDT
abuna1985,2021-08-29T10:15:19Z,- abuna1985 opened issue: [2198](https://github.com/hackforla/website/issues/2198) at 2021-08-29 03:15 AM PDT
abuna1985,2021-08-29T10:18:59Z,- abuna1985 opened issue: [2199](https://github.com/hackforla/website/issues/2199) at 2021-08-29 03:18 AM PDT
abuna1985,2021-08-29T10:22:49Z,- abuna1985 opened issue: [2200](https://github.com/hackforla/website/issues/2200) at 2021-08-29 03:22 AM PDT
abuna1985,2021-08-29T10:25:39Z,- abuna1985 commented on issue: [2112](https://github.com/hackforla/website/issues/2112#issuecomment-907767061) at 2021-08-29 03:25 AM PDT
abuna1985,2021-08-29T18:37:39Z,- abuna1985 submitted pull request review: [2140](https://github.com/hackforla/website/pull/2140#pullrequestreview-741141691) at 2021-08-29 11:37 AM PDT
abuna1985,2021-08-29T23:10:25Z,- abuna1985 opened issue: [2204](https://github.com/hackforla/website/issues/2204) at 2021-08-29 04:10 PM PDT
abuna1985,2021-08-29T23:13:22Z,- abuna1985 opened issue: [2205](https://github.com/hackforla/website/issues/2205) at 2021-08-29 04:13 PM PDT
abuna1985,2021-08-29T23:39:05Z,- abuna1985 commented on issue: [2113](https://github.com/hackforla/website/issues/2113#issuecomment-907899822) at 2021-08-29 04:39 PM PDT
abuna1985,2021-08-30T19:01:34Z,- abuna1985 submitted pull request review: [2196](https://github.com/hackforla/website/pull/2196#pullrequestreview-741971518) at 2021-08-30 12:01 PM PDT
abuna1985,2021-08-31T03:55:19Z,- abuna1985 pull request merged: [2197](https://github.com/hackforla/website/pull/2197#event-5229860849) at 2021-08-30 08:55 PM PDT
abuna1985,2021-09-01T00:23:04Z,- abuna1985 commented on issue: [2010](https://github.com/hackforla/website/issues/2010#issuecomment-909754166) at 2021-08-31 05:23 PM PDT
abuna1985,2021-09-02T06:18:54Z,- abuna1985 assigned to issue: [1911](https://github.com/hackforla/website/issues/1911#issuecomment-903315840) at 2021-09-01 11:18 PM PDT
abuna1985,2021-09-02T07:22:10Z,- abuna1985 opened pull request: [2214](https://github.com/hackforla/website/pull/2214) at 2021-09-02 12:22 AM PDT
abuna1985,2021-09-05T16:38:18Z,- abuna1985 opened issue: [2226](https://github.com/hackforla/website/issues/2226) at 2021-09-05 09:38 AM PDT
abuna1985,2021-09-05T18:42:45Z,- abuna1985 commented on issue: [2130](https://github.com/hackforla/website/issues/2130#issuecomment-913204842) at 2021-09-05 11:42 AM PDT
abuna1985,2021-09-07T04:37:30Z,- abuna1985 commented on issue: [2010](https://github.com/hackforla/website/issues/2010#issuecomment-913984217) at 2021-09-06 09:37 PM PDT
abuna1985,2021-09-07T22:44:41Z,- abuna1985 submitted pull request review: [2223](https://github.com/hackforla/website/pull/2223#pullrequestreview-748487755) at 2021-09-07 03:44 PM PDT
abuna1985,2021-09-09T15:34:43Z,- abuna1985 pull request merged: [2214](https://github.com/hackforla/website/pull/2214#event-5279407890) at 2021-09-09 08:34 AM PDT
abuna1985,2021-09-10T06:48:03Z,- abuna1985 commented on issue: [2162](https://github.com/hackforla/website/issues/2162#issuecomment-916672106) at 2021-09-09 11:48 PM PDT
abuna1985,2021-09-11T20:56:43Z,- abuna1985 commented on issue: [2045](https://github.com/hackforla/website/issues/2045#issuecomment-917478774) at 2021-09-11 01:56 PM PDT
abuna1985,2021-09-11T21:36:20Z,- abuna1985 opened issue: [2248](https://github.com/hackforla/website/issues/2248) at 2021-09-11 02:36 PM PDT
abuna1985,2021-09-11T21:52:23Z,- abuna1985 opened issue: [2249](https://github.com/hackforla/website/issues/2249) at 2021-09-11 02:52 PM PDT
abuna1985,2021-09-11T22:06:52Z,- abuna1985 assigned to issue: [2104](https://github.com/hackforla/website/issues/2104#issuecomment-903478972) at 2021-09-11 03:06 PM PDT
abuna1985,2021-09-12T19:39:38Z,- abuna1985 submitted pull request review: [2208](https://github.com/hackforla/website/pull/2208#pullrequestreview-752190525) at 2021-09-12 12:39 PM PDT
abuna1985,2021-09-12T20:12:35Z,- abuna1985 unassigned from issue: [2104](https://github.com/hackforla/website/issues/2104#issuecomment-903478972) at 2021-09-12 01:12 PM PDT
abuna1985,2021-09-12T20:12:42Z,- abuna1985 assigned to issue: [2203](https://github.com/hackforla/website/issues/2203#issuecomment-913813683) at 2021-09-12 01:12 PM PDT
abuna1985,2021-09-13T00:25:25Z,- abuna1985 opened pull request: [2253](https://github.com/hackforla/website/pull/2253) at 2021-09-12 05:25 PM PDT
abuna1985,2021-09-14T03:05:42Z,- abuna1985 pull request merged: [2253](https://github.com/hackforla/website/pull/2253#event-5296745903) at 2021-09-13 08:05 PM PDT
abuna1985,2021-09-14T03:27:10Z,- abuna1985 submitted pull request review: [2208](https://github.com/hackforla/website/pull/2208#pullrequestreview-753437141) at 2021-09-13 08:27 PM PDT
abuna1985,2021-09-14T03:44:03Z,- abuna1985 submitted pull request review: [2208](https://github.com/hackforla/website/pull/2208#pullrequestreview-753443336) at 2021-09-13 08:44 PM PDT
abuna1985,2021-09-14T03:54:19Z,- abuna1985 assigned to issue: [2153](https://github.com/hackforla/website/issues/2153#issuecomment-904062831) at 2021-09-13 08:54 PM PDT
abuna1985,2021-09-14T04:45:33Z,- abuna1985 opened pull request: [2260](https://github.com/hackforla/website/pull/2260) at 2021-09-13 09:45 PM PDT
abuna1985,2021-09-14T06:05:40Z,- abuna1985 commented on issue: [2010](https://github.com/hackforla/website/issues/2010#issuecomment-918835019) at 2021-09-13 11:05 PM PDT
abuna1985,2021-09-16T18:50:58Z,- abuna1985 pull request merged: [2260](https://github.com/hackforla/website/pull/2260#event-5314481566) at 2021-09-16 11:50 AM PDT
abuna1985,2021-09-16T23:59:55Z,- abuna1985 submitted pull request review: [2281](https://github.com/hackforla/website/pull/2281#pullrequestreview-756942480) at 2021-09-16 04:59 PM PDT
abuna1985,2021-09-17T00:23:35Z,- abuna1985 submitted pull request review: [2281](https://github.com/hackforla/website/pull/2281#pullrequestreview-756951569) at 2021-09-16 05:23 PM PDT
abuna1985,2021-09-17T05:10:13Z,- abuna1985 submitted pull request review: [2259](https://github.com/hackforla/website/pull/2259#pullrequestreview-757067442) at 2021-09-16 10:10 PM PDT
abuna1985,2021-09-17T05:18:25Z,- abuna1985 submitted pull request review: [2281](https://github.com/hackforla/website/pull/2281#pullrequestreview-757070632) at 2021-09-16 10:18 PM PDT
abuna1985,2021-09-17T05:29:35Z,- abuna1985 submitted pull request review: [2281](https://github.com/hackforla/website/pull/2281#pullrequestreview-757075182) at 2021-09-16 10:29 PM PDT
abuna1985,2021-09-17T05:30:47Z,- abuna1985 closed issue by PR 2281: [2269](https://github.com/hackforla/website/issues/2269#event-5316734438) at 2021-09-16 10:30 PM PDT
abuna1985,2021-09-17T06:18:07Z,- abuna1985 assigned to issue: [2248](https://github.com/hackforla/website/issues/2248#issuecomment-917484121) at 2021-09-16 11:18 PM PDT
abuna1985,2021-09-19T06:41:17Z,- abuna1985 opened pull request: [2285](https://github.com/hackforla/website/pull/2285) at 2021-09-18 11:41 PM PDT
abuna1985,2021-09-19T07:18:09Z,- abuna1985 commented on issue: [2104](https://github.com/hackforla/website/issues/2104#issuecomment-922427695) at 2021-09-19 12:18 AM PDT
abuna1985,2021-09-19T17:11:27Z,- abuna1985 commented on issue: [1901](https://github.com/hackforla/website/issues/1901#issuecomment-922506434) at 2021-09-19 10:11 AM PDT
abuna1985,2021-09-19T17:11:27Z,- abuna1985 closed issue as completed: [1901](https://github.com/hackforla/website/issues/1901#event-5324940697) at 2021-09-19 10:11 AM PDT
abuna1985,2021-09-19T17:23:04Z,- abuna1985 commented on pull request: [1957](https://github.com/hackforla/website/pull/1957#issuecomment-922507906) at 2021-09-19 10:23 AM PDT
abuna1985,2021-09-19T18:28:12Z,- abuna1985 opened issue: [2286](https://github.com/hackforla/website/issues/2286) at 2021-09-19 11:28 AM PDT
abuna1985,2021-09-21T03:16:13Z,- abuna1985 pull request merged: [2285](https://github.com/hackforla/website/pull/2285#event-5332354553) at 2021-09-20 08:16 PM PDT
abuna1985,2021-09-21T04:57:19Z,- abuna1985 commented on issue: [2010](https://github.com/hackforla/website/issues/2010#issuecomment-923624218) at 2021-09-20 09:57 PM PDT
abuna1985,2021-09-22T23:47:57Z,- abuna1985 commented on issue: [2095](https://github.com/hackforla/website/issues/2095#issuecomment-925407772) at 2021-09-22 04:47 PM PDT
abuna1985,2021-09-23T01:05:47Z,- abuna1985 assigned to issue: [2255](https://github.com/hackforla/website/issues/2255) at 2021-09-22 06:05 PM PDT
abuna1985,2021-09-24T07:32:55Z,- abuna1985 commented on issue: [2255](https://github.com/hackforla/website/issues/2255#issuecomment-926411273) at 2021-09-24 12:32 AM PDT
abuna1985,2021-09-24T07:38:49Z,- abuna1985 commented on issue: [2255](https://github.com/hackforla/website/issues/2255#issuecomment-926414455) at 2021-09-24 12:38 AM PDT
abuna1985,2021-09-26T05:29:37Z,- abuna1985 commented on issue: [2296](https://github.com/hackforla/website/issues/2296#issuecomment-927235170) at 2021-09-25 10:29 PM PDT
abuna1985,2021-09-26T16:36:17Z,- abuna1985 commented on issue: [2255](https://github.com/hackforla/website/issues/2255#issuecomment-927333893) at 2021-09-26 09:36 AM PDT
abuna1985,2021-09-26T19:00:27Z,- abuna1985 assigned to issue: [2232](https://github.com/hackforla/website/issues/2232#issuecomment-921934656) at 2021-09-26 12:00 PM PDT
abuna1985,2021-09-29T07:13:41Z,- abuna1985 commented on issue: [2016](https://github.com/hackforla/website/issues/2016#issuecomment-929902303) at 2021-09-29 12:13 AM PDT
abuna1985,2021-10-03T02:15:26Z,- abuna1985 assigned to issue: [2027](https://github.com/hackforla/website/issues/2027#issuecomment-927390901) at 2021-10-02 07:15 PM PDT
abuna1985,2021-10-03T02:15:55Z,- abuna1985 commented on issue: [2027](https://github.com/hackforla/website/issues/2027#issuecomment-932849900) at 2021-10-02 07:15 PM PDT
abuna1985,2021-10-03T06:33:37Z,- abuna1985 commented on issue: [2255](https://github.com/hackforla/website/issues/2255#issuecomment-932873306) at 2021-10-02 11:33 PM PDT
abuna1985,2021-10-03T06:36:26Z,- abuna1985 commented on issue: [2255](https://github.com/hackforla/website/issues/2255#issuecomment-932873655) at 2021-10-02 11:36 PM PDT
abuna1985,2021-10-03T23:10:42Z,- abuna1985 commented on issue: [2027](https://github.com/hackforla/website/issues/2027#issuecomment-933041543) at 2021-10-03 04:10 PM PDT
abuna1985,2021-10-04T18:34:53Z,- abuna1985 commented on issue: [2255](https://github.com/hackforla/website/issues/2255#issuecomment-933748599) at 2021-10-04 11:34 AM PDT
abuna1985,2021-10-05T01:18:57Z,- abuna1985 commented on issue: [2232](https://github.com/hackforla/website/issues/2232#issuecomment-933982283) at 2021-10-04 06:18 PM PDT
abuna1985,2021-10-05T20:57:36Z,- abuna1985 submitted pull request review: [2324](https://github.com/hackforla/website/pull/2324#pullrequestreview-771977477) at 2021-10-05 01:57 PM PDT
abuna1985,2021-10-06T00:38:52Z,- abuna1985 opened issue: [2339](https://github.com/hackforla/website/issues/2339) at 2021-10-05 05:38 PM PDT
abuna1985,2021-10-06T00:42:27Z,- abuna1985 commented on issue: [2207](https://github.com/hackforla/website/issues/2207#issuecomment-935159785) at 2021-10-05 05:42 PM PDT
abuna1985,2021-10-06T03:53:07Z,- abuna1985 submitted pull request review: [2314](https://github.com/hackforla/website/pull/2314#pullrequestreview-772168859) at 2021-10-05 08:53 PM PDT
abuna1985,2021-10-06T03:55:24Z,- abuna1985 closed issue by PR 2314: [2045](https://github.com/hackforla/website/issues/2045#event-5415841520) at 2021-10-05 08:55 PM PDT
abuna1985,2021-10-06T08:49:25Z,- abuna1985 submitted pull request review: [2313](https://github.com/hackforla/website/pull/2313#pullrequestreview-772371537) at 2021-10-06 01:49 AM PDT
abuna1985,2021-10-08T19:04:58Z,- abuna1985 commented on issue: [2347](https://github.com/hackforla/website/issues/2347#issuecomment-939056090) at 2021-10-08 12:04 PM PDT
abuna1985,2021-10-10T03:00:59Z,- abuna1985 submitted pull request review: [2352](https://github.com/hackforla/website/pull/2352#pullrequestreview-775623604) at 2021-10-09 08:00 PM PDT
abuna1985,2021-10-10T03:50:32Z,- abuna1985 commented on issue: [2158](https://github.com/hackforla/website/issues/2158#issuecomment-939401083) at 2021-10-09 08:50 PM PDT
abuna1985,2021-10-10T03:56:26Z,- abuna1985 commented on issue: [2078](https://github.com/hackforla/website/issues/2078#issuecomment-939401571) at 2021-10-09 08:56 PM PDT
abuna1985,2021-10-10T06:09:00Z,- abuna1985 opened issue: [2355](https://github.com/hackforla/website/issues/2355) at 2021-10-09 11:09 PM PDT
abuna1985,2021-10-10T07:08:31Z,- abuna1985 opened issue: [2356](https://github.com/hackforla/website/issues/2356) at 2021-10-10 12:08 AM PDT
abuna1985,2021-10-10T07:10:19Z,- abuna1985 commented on issue: [2169](https://github.com/hackforla/website/issues/2169#issuecomment-939420369) at 2021-10-10 12:10 AM PDT
abuna1985,2021-10-10T08:47:18Z,- abuna1985 opened issue: [2357](https://github.com/hackforla/website/issues/2357) at 2021-10-10 01:47 AM PDT
abuna1985,2021-10-10T08:48:10Z,- abuna1985 commented on issue: [1979](https://github.com/hackforla/website/issues/1979#issuecomment-939432884) at 2021-10-10 01:48 AM PDT
abuna1985,2021-10-10T16:45:11Z,- abuna1985 commented on issue: [2027](https://github.com/hackforla/website/issues/2027#issuecomment-939513972) at 2021-10-10 09:45 AM PDT
abuna1985,2021-10-11T06:22:38Z,- abuna1985 commented on issue: [2027](https://github.com/hackforla/website/issues/2027#issuecomment-939719081) at 2021-10-10 11:22 PM PDT
abuna1985,2021-10-11T19:06:07Z,- abuna1985 opened issue: [2363](https://github.com/hackforla/website/issues/2363) at 2021-10-11 12:06 PM PDT
abuna1985,2021-10-11T19:06:25Z,- abuna1985 commented on issue: [2363](https://github.com/hackforla/website/issues/2363#issuecomment-940369337) at 2021-10-11 12:06 PM PDT
abuna1985,2021-10-11T19:08:40Z,- abuna1985 commented on issue: [2363](https://github.com/hackforla/website/issues/2363#issuecomment-940370994) at 2021-10-11 12:08 PM PDT
abuna1985,2021-10-12T05:11:50Z,- abuna1985 opened pull request: [2365](https://github.com/hackforla/website/pull/2365) at 2021-10-11 10:11 PM PDT
abuna1985,2021-10-12T05:18:49Z,- abuna1985 commented on issue: [2255](https://github.com/hackforla/website/issues/2255#issuecomment-940672417) at 2021-10-11 10:18 PM PDT
abuna1985,2021-10-12T06:09:27Z,- abuna1985 submitted pull request review: [2338](https://github.com/hackforla/website/pull/2338#pullrequestreview-776920895) at 2021-10-11 11:09 PM PDT
abuna1985,2021-10-12T06:47:34Z,- abuna1985 submitted pull request review: [2340](https://github.com/hackforla/website/pull/2340#pullrequestreview-776946244) at 2021-10-11 11:47 PM PDT
abuna1985,2021-10-12T07:10:43Z,- abuna1985 submitted pull request review: [2313](https://github.com/hackforla/website/pull/2313#pullrequestreview-776965049) at 2021-10-12 12:10 AM PDT
abuna1985,2021-10-12T07:16:04Z,- abuna1985 closed issue by PR 2313: [2116](https://github.com/hackforla/website/issues/2116#event-5447439047) at 2021-10-12 12:16 AM PDT
abuna1985,2021-10-12T07:50:22Z,- abuna1985 submitted pull request review: [2324](https://github.com/hackforla/website/pull/2324#pullrequestreview-777002145) at 2021-10-12 12:50 AM PDT
abuna1985,2021-10-12T08:16:01Z,- abuna1985 assigned to issue: [2363](https://github.com/hackforla/website/issues/2363#issuecomment-940370994) at 2021-10-12 01:16 AM PDT
abuna1985,2021-10-12T22:54:03Z,- abuna1985 opened issue: [2366](https://github.com/hackforla/website/issues/2366) at 2021-10-12 03:54 PM PDT
abuna1985,2021-10-12T22:57:55Z,- abuna1985 assigned to issue: [2366](https://github.com/hackforla/website/issues/2366#issuecomment-941710477) at 2021-10-12 03:57 PM PDT
abuna1985,2021-10-13T23:46:42Z,- abuna1985 submitted pull request review: [2340](https://github.com/hackforla/website/pull/2340#pullrequestreview-779181997) at 2021-10-13 04:46 PM PDT
abuna1985,2021-10-14T00:04:26Z,- abuna1985 submitted pull request review: [2324](https://github.com/hackforla/website/pull/2324#pullrequestreview-779188995) at 2021-10-13 05:04 PM PDT
abuna1985,2021-10-14T00:29:22Z,- abuna1985 submitted pull request review: [2352](https://github.com/hackforla/website/pull/2352#pullrequestreview-779198687) at 2021-10-13 05:29 PM PDT
abuna1985,2021-10-14T03:10:01Z,- abuna1985 pull request merged: [2365](https://github.com/hackforla/website/pull/2365#event-5460976936) at 2021-10-13 08:10 PM PDT
abuna1985,2021-10-16T08:13:45Z,- abuna1985 unassigned from issue: [2232](https://github.com/hackforla/website/issues/2232#issuecomment-944050966) at 2021-10-16 01:13 AM PDT
abuna1985,2021-10-16T08:13:52Z,- abuna1985 assigned to issue: [2232](https://github.com/hackforla/website/issues/2232#issuecomment-944050966) at 2021-10-16 01:13 AM PDT
abuna1985,2021-10-16T08:21:54Z,- abuna1985 commented on issue: [2232](https://github.com/hackforla/website/issues/2232#issuecomment-944879604) at 2021-10-16 01:21 AM PDT
abuna1985,2021-10-16T08:40:07Z,- abuna1985 commented on issue: [2366](https://github.com/hackforla/website/issues/2366#issuecomment-944881590) at 2021-10-16 01:40 AM PDT
abuna1985,2021-10-17T16:21:03Z,- abuna1985 assigned to issue: [1571](https://github.com/hackforla/website/issues/1571#issuecomment-902938080) at 2021-10-17 09:21 AM PDT
abuna1985,2021-10-17T16:21:07Z,- abuna1985 unassigned from issue: [1571](https://github.com/hackforla/website/issues/1571#issuecomment-902938080) at 2021-10-17 09:21 AM PDT
abuna1985,2021-10-17T16:27:10Z,- abuna1985 assigned to issue: [2347](https://github.com/hackforla/website/issues/2347#issuecomment-939056090) at 2021-10-17 09:27 AM PDT
abuna1985,2021-10-17T16:27:19Z,- abuna1985 unassigned from issue: [2347](https://github.com/hackforla/website/issues/2347#issuecomment-939056090) at 2021-10-17 09:27 AM PDT
abuna1985,2021-10-17T18:24:38Z,- abuna1985 submitted pull request review: [2369](https://github.com/hackforla/website/pull/2369#pullrequestreview-781477069) at 2021-10-17 11:24 AM PDT
abuna1985,2021-10-17T18:31:57Z,- abuna1985 closed issue by PR 2369: [2122](https://github.com/hackforla/website/issues/2122#event-5474575709) at 2021-10-17 11:31 AM PDT
abuna1985,2021-10-18T15:45:26Z,- abuna1985 opened pull request: [2371](https://github.com/hackforla/website/pull/2371) at 2021-10-18 08:45 AM PDT
abuna1985,2021-10-18T15:48:52Z,- abuna1985 pull request merged: [2371](https://github.com/hackforla/website/pull/2371#event-5479470454) at 2021-10-18 08:48 AM PDT
abuna1985,2021-10-18T15:50:58Z,- abuna1985 commented on pull request: [2371](https://github.com/hackforla/website/pull/2371#issuecomment-945916658) at 2021-10-18 08:50 AM PDT
abuna1985,2021-10-18T18:34:19Z,- abuna1985 opened pull request: [2372](https://github.com/hackforla/website/pull/2372) at 2021-10-18 11:34 AM PDT
abuna1985,2021-10-18T18:35:51Z,- abuna1985 closed issue by PR 2372: [2366](https://github.com/hackforla/website/issues/2366#event-5480460606) at 2021-10-18 11:35 AM PDT
abuna1985,2021-10-18T18:35:51Z,- abuna1985 pull request merged: [2372](https://github.com/hackforla/website/pull/2372#event-5480460621) at 2021-10-18 11:35 AM PDT
abuna1985,2021-10-18T18:37:26Z,- abuna1985 commented on pull request: [2372](https://github.com/hackforla/website/pull/2372#issuecomment-946056004) at 2021-10-18 11:37 AM PDT
abuna1985,2021-10-19T21:54:03Z,- abuna1985 commented on issue: [2364](https://github.com/hackforla/website/issues/2364#issuecomment-947134781) at 2021-10-19 02:54 PM PDT
abuna1985,2021-10-19T22:31:33Z,- abuna1985 opened pull request: [2376](https://github.com/hackforla/website/pull/2376) at 2021-10-19 03:31 PM PDT
abuna1985,2021-10-19T22:33:02Z,- abuna1985 pull request merged: [2376](https://github.com/hackforla/website/pull/2376#event-5488264619) at 2021-10-19 03:33 PM PDT
abuna1985,2021-10-19T22:35:45Z,- abuna1985 commented on pull request: [2376](https://github.com/hackforla/website/pull/2376#issuecomment-947156516) at 2021-10-19 03:35 PM PDT
abuna1985,2021-10-19T22:58:57Z,- abuna1985 submitted pull request review: [2340](https://github.com/hackforla/website/pull/2340#pullrequestreview-783858046) at 2021-10-19 03:58 PM PDT
abuna1985,2021-10-19T22:59:51Z,- abuna1985 closed issue by PR 2340: [2176](https://github.com/hackforla/website/issues/2176#event-5488342329) at 2021-10-19 03:59 PM PDT
abuna1985,2021-10-19T23:08:30Z,- abuna1985 submitted pull request review: [2352](https://github.com/hackforla/website/pull/2352#pullrequestreview-783862723) at 2021-10-19 04:08 PM PDT
abuna1985,2021-10-19T23:10:05Z,- abuna1985 closed issue by PR 2352: [2158](https://github.com/hackforla/website/issues/2158#event-5488373192) at 2021-10-19 04:10 PM PDT
abuna1985,2021-10-19T23:55:28Z,- abuna1985 submitted pull request review: [2358](https://github.com/hackforla/website/pull/2358#pullrequestreview-783882941) at 2021-10-19 04:55 PM PDT
abuna1985,2021-10-19T23:56:30Z,- abuna1985 assigned to issue: [2349](https://github.com/hackforla/website/issues/2349#issuecomment-939437923) at 2021-10-19 04:56 PM PDT
abuna1985,2021-10-20T00:00:20Z,- abuna1985 closed issue by PR 2358: [2349](https://github.com/hackforla/website/issues/2349#event-5488500286) at 2021-10-19 05:00 PM PDT
abuna1985,2021-10-20T00:04:05Z,- abuna1985 commented on issue: [2349](https://github.com/hackforla/website/issues/2349#issuecomment-947195701) at 2021-10-19 05:04 PM PDT
abuna1985,2021-10-20T00:07:59Z,- abuna1985 assigned to issue: [2346](https://github.com/hackforla/website/issues/2346#issuecomment-938222109) at 2021-10-19 05:07 PM PDT
abuna1985,2021-10-20T00:20:51Z,- abuna1985 submitted pull request review: [2359](https://github.com/hackforla/website/pull/2359#pullrequestreview-783893273) at 2021-10-19 05:20 PM PDT
abuna1985,2021-10-20T00:23:55Z,- abuna1985 closed issue by PR 2359: [2346](https://github.com/hackforla/website/issues/2346#event-5488566618) at 2021-10-19 05:23 PM PDT
abuna1985,2021-10-20T00:28:50Z,- abuna1985 commented on issue: [2346](https://github.com/hackforla/website/issues/2346#issuecomment-947206917) at 2021-10-19 05:28 PM PDT
abuna1985,2021-10-20T02:57:58Z,- abuna1985 assigned to issue: [2151](https://github.com/hackforla/website/issues/2151#issuecomment-907456020) at 2021-10-19 07:57 PM PDT
abuna1985,2021-10-20T03:17:01Z,- abuna1985 assigned to issue: [1893](https://github.com/hackforla/website/issues/1893) at 2021-10-19 08:17 PM PDT
abuna1985,2021-10-21T05:20:53Z,- abuna1985 commented on pull request: [2387](https://github.com/hackforla/website/pull/2387#issuecomment-948267398) at 2021-10-20 10:20 PM PDT
abuna1985,2021-10-21T05:26:32Z,- abuna1985 commented on pull request: [2379](https://github.com/hackforla/website/pull/2379#issuecomment-948269671) at 2021-10-20 10:26 PM PDT
abuna1985,2021-10-21T06:18:46Z,- abuna1985 commented on issue: [2366](https://github.com/hackforla/website/issues/2366#issuecomment-948293223) at 2021-10-20 11:18 PM PDT
abuna1985,2021-10-21T06:18:46Z,- abuna1985 reopened issue: [2366](https://github.com/hackforla/website/issues/2366#issuecomment-948293223) at 2021-10-20 11:18 PM PDT
abuna1985,2021-10-21T07:09:40Z,- abuna1985 commented on issue: [2232](https://github.com/hackforla/website/issues/2232#issuecomment-948321222) at 2021-10-21 12:09 AM PDT
abuna1985,2021-10-21T07:09:40Z,- abuna1985 closed issue by PR 2418: [2232](https://github.com/hackforla/website/issues/2232#event-5496377049) at 2021-10-21 12:09 AM PDT
abuna1985,2021-10-21T07:44:19Z,- abuna1985 commented on issue: [2125](https://github.com/hackforla/website/issues/2125#issuecomment-948345273) at 2021-10-21 12:44 AM PDT
abuna1985,2021-10-21T07:49:19Z,- abuna1985 commented on pull request: [2388](https://github.com/hackforla/website/pull/2388#issuecomment-948349028) at 2021-10-21 12:49 AM PDT
abuna1985,2021-10-23T04:27:53Z,- abuna1985 submitted pull request review: [2390](https://github.com/hackforla/website/pull/2390#pullrequestreview-787357891) at 2021-10-22 09:27 PM PDT
abuna1985,2021-10-23T04:28:26Z,- abuna1985 commented on issue: [2125](https://github.com/hackforla/website/issues/2125#issuecomment-950057685) at 2021-10-22 09:28 PM PDT
abuna1985,2021-10-23T04:47:33Z,- abuna1985 opened issue: [2391](https://github.com/hackforla/website/issues/2391) at 2021-10-22 09:47 PM PDT
abuna1985,2021-10-23T04:48:12Z,- abuna1985 commented on issue: [2171](https://github.com/hackforla/website/issues/2171#issuecomment-950061583) at 2021-10-22 09:48 PM PDT
abuna1985,2021-10-23T04:58:30Z,- abuna1985 opened issue: [2392](https://github.com/hackforla/website/issues/2392) at 2021-10-22 09:58 PM PDT
abuna1985,2021-10-23T04:59:26Z,- abuna1985 commented on issue: [1841](https://github.com/hackforla/website/issues/1841#issuecomment-950065089) at 2021-10-22 09:59 PM PDT
abuna1985,2021-10-23T05:01:45Z,- abuna1985 commented on issue: [1950](https://github.com/hackforla/website/issues/1950#issuecomment-950065559) at 2021-10-22 10:01 PM PDT
abuna1985,2021-10-23T05:48:56Z,- abuna1985 opened issue: [2393](https://github.com/hackforla/website/issues/2393) at 2021-10-22 10:48 PM PDT
abuna1985,2021-10-23T05:49:17Z,- abuna1985 commented on issue: [1969](https://github.com/hackforla/website/issues/1969#issuecomment-950090494) at 2021-10-22 10:49 PM PDT
abuna1985,2021-10-24T21:56:32Z,- abuna1985 commented on issue: [2391](https://github.com/hackforla/website/issues/2391#issuecomment-950401759) at 2021-10-24 02:56 PM PDT
abuna1985,2021-10-25T03:14:13Z,- abuna1985 commented on pull request: [2379](https://github.com/hackforla/website/pull/2379#issuecomment-950488380) at 2021-10-24 08:14 PM PDT
abuna1985,2021-10-25T03:15:25Z,- abuna1985 assigned to issue: [2342](https://github.com/hackforla/website/issues/2342#issuecomment-937961584) at 2021-10-24 08:15 PM PDT
abuna1985,2021-10-25T03:18:05Z,- abuna1985 commented on issue: [2342](https://github.com/hackforla/website/issues/2342#issuecomment-950490148) at 2021-10-24 08:18 PM PDT
abuna1985,2021-10-25T04:58:00Z,- abuna1985 commented on issue: [2386](https://github.com/hackforla/website/issues/2386#issuecomment-950527660) at 2021-10-24 09:58 PM PDT
abuna1985,2021-10-25T10:34:43Z,- abuna1985 opened issue: [2396](https://github.com/hackforla/website/issues/2396) at 2021-10-25 03:34 AM PDT
abuna1985,2021-10-25T18:34:06Z,- abuna1985 opened issue: [2397](https://github.com/hackforla/website/issues/2397) at 2021-10-25 11:34 AM PDT
abuna1985,2021-10-25T18:35:02Z,- abuna1985 commented on issue: [2069](https://github.com/hackforla/website/issues/2069#issuecomment-951196464) at 2021-10-25 11:35 AM PDT
abuna1985,2021-10-25T20:27:05Z,- abuna1985 assigned to issue: [2386](https://github.com/hackforla/website/issues/2386#issuecomment-950561100) at 2021-10-25 01:27 PM PDT
abuna1985,2021-10-25T20:29:47Z,- abuna1985 assigned to issue: [2364](https://github.com/hackforla/website/issues/2364#issuecomment-947912865) at 2021-10-25 01:29 PM PDT
abuna1985,2021-10-25T20:31:57Z,- abuna1985 assigned to issue: [2289](https://github.com/hackforla/website/issues/2289#issuecomment-949347959) at 2021-10-25 01:31 PM PDT
abuna1985,2021-10-26T07:41:50Z,- abuna1985 submitted pull request review: [2390](https://github.com/hackforla/website/pull/2390#pullrequestreview-788970301) at 2021-10-26 12:41 AM PDT
abuna1985,2021-10-26T08:07:51Z,- abuna1985 opened pull request: [2398](https://github.com/hackforla/website/pull/2398) at 2021-10-26 01:07 AM PDT
abuna1985,2021-10-26T08:26:41Z,- abuna1985 pull request merged: [2398](https://github.com/hackforla/website/pull/2398#event-5518791855) at 2021-10-26 01:26 AM PDT
abuna1985,2021-10-26T08:27:59Z,- abuna1985 commented on pull request: [2398](https://github.com/hackforla/website/pull/2398#issuecomment-951705830) at 2021-10-26 01:27 AM PDT
abuna1985,2021-10-26T09:50:00Z,- abuna1985 opened pull request: [2399](https://github.com/hackforla/website/pull/2399) at 2021-10-26 02:50 AM PDT
abuna1985,2021-10-26T09:53:24Z,- abuna1985 closed issue by PR 2399: [1893](https://github.com/hackforla/website/issues/1893#event-5519334890) at 2021-10-26 02:53 AM PDT
abuna1985,2021-10-26T09:53:24Z,- abuna1985 closed issue by PR 2399: [2151](https://github.com/hackforla/website/issues/2151#event-5519334902) at 2021-10-26 02:53 AM PDT
abuna1985,2021-10-26T09:53:24Z,- abuna1985 closed issue by PR 2372: [2366](https://github.com/hackforla/website/issues/2366#event-5519334876) at 2021-10-26 02:53 AM PDT
abuna1985,2021-10-26T09:53:24Z,- abuna1985 pull request merged: [2399](https://github.com/hackforla/website/pull/2399#event-5519334914) at 2021-10-26 02:53 AM PDT
abuna1985,2021-10-26T09:54:06Z,- abuna1985 commented on pull request: [2399](https://github.com/hackforla/website/pull/2399#issuecomment-951773788) at 2021-10-26 02:54 AM PDT
abuna1985,2021-10-27T05:27:13Z,- abuna1985 opened pull request: [2402](https://github.com/hackforla/website/pull/2402) at 2021-10-26 10:27 PM PDT
abuna1985,2021-10-27T05:31:39Z,- abuna1985 closed issue by PR 2402: [2364](https://github.com/hackforla/website/issues/2364#event-5524891238) at 2021-10-26 10:31 PM PDT
abuna1985,2021-10-27T05:31:39Z,- abuna1985 pull request merged: [2402](https://github.com/hackforla/website/pull/2402#event-5524891244) at 2021-10-26 10:31 PM PDT
abuna1985,2021-10-27T05:32:41Z,- abuna1985 commented on pull request: [2402](https://github.com/hackforla/website/pull/2402#issuecomment-952552378) at 2021-10-26 10:32 PM PDT
abuna1985,2021-10-27T06:05:41Z,- abuna1985 opened pull request: [2403](https://github.com/hackforla/website/pull/2403) at 2021-10-26 11:05 PM PDT
abuna1985,2021-10-27T06:09:29Z,- abuna1985 closed issue by PR 2403: [2386](https://github.com/hackforla/website/issues/2386#event-5525016960) at 2021-10-26 11:09 PM PDT
abuna1985,2021-10-27T06:09:29Z,- abuna1985 pull request merged: [2403](https://github.com/hackforla/website/pull/2403#event-5525016972) at 2021-10-26 11:09 PM PDT
abuna1985,2021-10-27T06:10:23Z,- abuna1985 commented on pull request: [2403](https://github.com/hackforla/website/pull/2403#issuecomment-952570532) at 2021-10-26 11:10 PM PDT
abuna1985,2021-10-27T21:26:33Z,- abuna1985 commented on issue: [2364](https://github.com/hackforla/website/issues/2364#issuecomment-953324604) at 2021-10-27 02:26 PM PDT
abuna1985,2021-10-27T21:26:36Z,- abuna1985 reopened issue: [2364](https://github.com/hackforla/website/issues/2364#issuecomment-953324604) at 2021-10-27 02:26 PM PDT
abuna1985,2021-10-27T21:30:29Z,- abuna1985 commented on pull request: [2379](https://github.com/hackforla/website/pull/2379#issuecomment-953326856) at 2021-10-27 02:30 PM PDT
abuna1985,2021-10-27T21:41:10Z,- abuna1985 opened pull request: [2405](https://github.com/hackforla/website/pull/2405) at 2021-10-27 02:41 PM PDT
abuna1985,2021-10-27T21:52:08Z,- abuna1985 closed issue by PR 2402: [2364](https://github.com/hackforla/website/issues/2364#event-5530343669) at 2021-10-27 02:52 PM PDT
abuna1985,2021-10-27T21:52:08Z,- abuna1985 pull request merged: [2405](https://github.com/hackforla/website/pull/2405#event-5530343678) at 2021-10-27 02:52 PM PDT
abuna1985,2021-10-27T21:52:44Z,- abuna1985 commented on pull request: [2405](https://github.com/hackforla/website/pull/2405#issuecomment-953338748) at 2021-10-27 02:52 PM PDT
abuna1985,2021-10-27T22:03:37Z,- abuna1985 commented on issue: [2364](https://github.com/hackforla/website/issues/2364#issuecomment-953344381) at 2021-10-27 03:03 PM PDT
abuna1985,2021-10-27T22:27:46Z,- abuna1985 commented on pull request: [2404](https://github.com/hackforla/website/pull/2404#issuecomment-953357054) at 2021-10-27 03:27 PM PDT
abuna1985,2021-10-28T05:49:20Z,- abuna1985 submitted pull request review: [2375](https://github.com/hackforla/website/pull/2375#pullrequestreview-791396494) at 2021-10-27 10:49 PM PDT
abuna1985,2021-10-28T05:49:35Z,- abuna1985 closed issue by PR 2324: [2180](https://github.com/hackforla/website/issues/2180#event-5531628696) at 2021-10-27 10:49 PM PDT
abuna1985,2021-10-28T05:52:54Z,- abuna1985 unassigned from issue: [2342](https://github.com/hackforla/website/issues/2342#issuecomment-950490148) at 2021-10-27 10:52 PM PDT
abuna1985,2021-10-28T05:54:57Z,- abuna1985 commented on issue: [2342](https://github.com/hackforla/website/issues/2342#issuecomment-953524913) at 2021-10-27 10:54 PM PDT
abuna1985,2021-10-28T06:06:34Z,- abuna1985 submitted pull request review: [2390](https://github.com/hackforla/website/pull/2390#pullrequestreview-791406029) at 2021-10-27 11:06 PM PDT
abuna1985,2021-10-28T08:21:45Z,- abuna1985 commented on issue: [2363](https://github.com/hackforla/website/issues/2363#issuecomment-953615172) at 2021-10-28 01:21 AM PDT
abuna1985,2021-10-28T08:21:45Z,- abuna1985 closed issue as completed: [2363](https://github.com/hackforla/website/issues/2363#event-5532336296) at 2021-10-28 01:21 AM PDT
abuna1985,2021-10-28T09:37:25Z,- abuna1985 opened pull request: [2406](https://github.com/hackforla/website/pull/2406) at 2021-10-28 02:37 AM PDT
abuna1985,2021-10-28T09:38:52Z,- abuna1985 closed issue by PR 2406: [2289](https://github.com/hackforla/website/issues/2289#event-5532846553) at 2021-10-28 02:38 AM PDT
abuna1985,2021-10-28T09:38:52Z,- abuna1985 pull request merged: [2406](https://github.com/hackforla/website/pull/2406#event-5532846572) at 2021-10-28 02:38 AM PDT
abuna1985,2021-10-28T09:39:23Z,- abuna1985 commented on pull request: [2406](https://github.com/hackforla/website/pull/2406#issuecomment-953681603) at 2021-10-28 02:39 AM PDT
abuna1985,2021-10-28T18:25:47Z,- abuna1985 commented on issue: [2289](https://github.com/hackforla/website/issues/2289#issuecomment-954093476) at 2021-10-28 11:25 AM PDT
abuna1985,2021-10-28T20:47:37Z,- abuna1985 submitted pull request review: [2390](https://github.com/hackforla/website/pull/2390#pullrequestreview-792412886) at 2021-10-28 01:47 PM PDT
abuna1985,2021-10-28T20:49:30Z,- abuna1985 submitted pull request review: [2390](https://github.com/hackforla/website/pull/2390#pullrequestreview-792414386) at 2021-10-28 01:49 PM PDT
abuna1985,2021-10-31T16:48:15Z,- abuna1985 commented on issue: [2363](https://github.com/hackforla/website/issues/2363#issuecomment-955748155) at 2021-10-31 09:48 AM PDT
abuna1985,2021-10-31T16:48:16Z,- abuna1985 reopened issue: [2363](https://github.com/hackforla/website/issues/2363#issuecomment-955748155) at 2021-10-31 09:48 AM PDT
abuna1985,2021-10-31T16:48:25Z,- abuna1985 unassigned from issue: [2363](https://github.com/hackforla/website/issues/2363#issuecomment-955748155) at 2021-10-31 09:48 AM PDT
abuna1985,2021-10-31T17:20:10Z,- abuna1985 commented on pull request: [2411](https://github.com/hackforla/website/pull/2411#issuecomment-955759730) at 2021-10-31 10:20 AM PDT
abuna1985,2021-10-31T23:41:37Z,- abuna1985 assigned to issue: [1987](https://github.com/hackforla/website/issues/1987#issuecomment-884328758) at 2021-10-31 04:41 PM PDT
abuna1985,2021-11-01T16:14:24Z,- abuna1985 opened pull request: [2413](https://github.com/hackforla/website/pull/2413) at 2021-11-01 09:14 AM PDT
abuna1985,2021-11-01T16:17:14Z,- abuna1985 closed issue by PR 2413: [1987](https://github.com/hackforla/website/issues/1987#event-5549987249) at 2021-11-01 09:17 AM PDT
abuna1985,2021-11-01T16:17:15Z,- abuna1985 pull request merged: [2413](https://github.com/hackforla/website/pull/2413#event-5549987261) at 2021-11-01 09:17 AM PDT
abuna1985,2021-11-01T16:17:48Z,- abuna1985 commented on pull request: [2413](https://github.com/hackforla/website/pull/2413#issuecomment-956375411) at 2021-11-01 09:17 AM PDT
abuna1985,2021-11-01T16:33:05Z,- abuna1985 unassigned from issue: [1987](https://github.com/hackforla/website/issues/1987#event-5549987249) at 2021-11-01 09:33 AM PDT
abuna1985,2021-11-01T16:41:12Z,- abuna1985 opened pull request: [2414](https://github.com/hackforla/website/pull/2414) at 2021-11-01 09:41 AM PDT
abuna1985,2021-11-01T16:42:39Z,- abuna1985 closed issue by PR 2406: [2289](https://github.com/hackforla/website/issues/2289#event-5550134069) at 2021-11-01 09:42 AM PDT
abuna1985,2021-11-01T16:42:40Z,- abuna1985 pull request merged: [2414](https://github.com/hackforla/website/pull/2414#event-5550134076) at 2021-11-01 09:42 AM PDT
abuna1985,2021-11-01T16:43:12Z,- abuna1985 commented on pull request: [2414](https://github.com/hackforla/website/pull/2414#issuecomment-956395490) at 2021-11-01 09:43 AM PDT
abuna1985,2021-11-01T16:47:03Z,- abuna1985 unassigned from issue: [2289](https://github.com/hackforla/website/issues/2289#event-5550134069) at 2021-11-01 09:47 AM PDT
abuna1985,2021-11-01T17:26:40Z,- abuna1985 opened pull request: [2415](https://github.com/hackforla/website/pull/2415) at 2021-11-01 10:26 AM PDT
abuna1985,2021-11-01T17:29:13Z,- abuna1985 closed issue by PR 2402: [2364](https://github.com/hackforla/website/issues/2364#event-5550396977) at 2021-11-01 10:29 AM PDT
abuna1985,2021-11-01T17:29:13Z,- abuna1985 pull request merged: [2415](https://github.com/hackforla/website/pull/2415#event-5550397003) at 2021-11-01 10:29 AM PDT
abuna1985,2021-11-01T17:29:45Z,- abuna1985 commented on pull request: [2415](https://github.com/hackforla/website/pull/2415#issuecomment-956434024) at 2021-11-01 10:29 AM PDT
abuna1985,2021-11-01T17:31:05Z,- abuna1985 unassigned from issue: [2364](https://github.com/hackforla/website/issues/2364#event-5550396977) at 2021-11-01 10:31 AM PDT
abuna1985,2021-11-01T17:57:45Z,- abuna1985 opened pull request: [2416](https://github.com/hackforla/website/pull/2416) at 2021-11-01 10:57 AM PDT
abuna1985,2021-11-01T18:01:01Z,- abuna1985 closed issue by PR 2403: [2386](https://github.com/hackforla/website/issues/2386#event-5550564018) at 2021-11-01 11:01 AM PDT
abuna1985,2021-11-01T18:01:01Z,- abuna1985 pull request merged: [2416](https://github.com/hackforla/website/pull/2416#event-5550564044) at 2021-11-01 11:01 AM PDT
abuna1985,2021-11-01T18:01:29Z,- abuna1985 commented on pull request: [2416](https://github.com/hackforla/website/pull/2416#issuecomment-956456443) at 2021-11-01 11:01 AM PDT
abuna1985,2021-11-01T18:01:50Z,- abuna1985 unassigned from issue: [2386](https://github.com/hackforla/website/issues/2386#event-5550564018) at 2021-11-01 11:01 AM PDT
abuna1985,2021-11-01T18:18:59Z,- abuna1985 opened issue: [2417](https://github.com/hackforla/website/issues/2417) at 2021-11-01 11:18 AM PDT
abuna1985,2021-11-01T19:37:39Z,- abuna1985 opened pull request: [2418](https://github.com/hackforla/website/pull/2418) at 2021-11-01 12:37 PM PDT
abuna1985,2021-11-01T19:39:58Z,- abuna1985 closed issue by PR 2418: [2232](https://github.com/hackforla/website/issues/2232#event-5551058529) at 2021-11-01 12:39 PM PDT
abuna1985,2021-11-01T19:39:58Z,- abuna1985 pull request merged: [2418](https://github.com/hackforla/website/pull/2418#event-5551058544) at 2021-11-01 12:39 PM PDT
abuna1985,2021-11-01T19:40:32Z,- abuna1985 commented on pull request: [2418](https://github.com/hackforla/website/pull/2418#issuecomment-956532087) at 2021-11-01 12:40 PM PDT
abuna1985,2021-11-01T19:41:47Z,- abuna1985 unassigned from issue: [2232](https://github.com/hackforla/website/issues/2232#event-5551058529) at 2021-11-01 12:41 PM PDT
abuna1985,2021-11-01T19:43:38Z,- abuna1985 commented on issue: [2232](https://github.com/hackforla/website/issues/2232#issuecomment-956534052) at 2021-11-01 12:43 PM PDT
abuna1985,2022-01-08T21:23:17Z,- abuna1985 assigned to issue: [2462](https://github.com/hackforla/website/issues/2462#issuecomment-996913659) at 2022-01-08 01:23 PM PST
abuna1985,2022-01-09T10:24:49Z,- abuna1985 opened pull request: [2678](https://github.com/hackforla/website/pull/2678) at 2022-01-09 02:24 AM PST
abuna1985,2022-01-13T03:18:18Z,- abuna1985 pull request merged: [2678](https://github.com/hackforla/website/pull/2678#event-5884592534) at 2022-01-12 07:18 PM PST
abuna1985,2022-01-18T22:37:34Z,- abuna1985 assigned to issue: [2392](https://github.com/hackforla/website/issues/2392#issuecomment-996913257) at 2022-01-18 02:37 PM PST
abuna1985,2022-02-12T20:04:15Z,- abuna1985 unassigned from issue: [2392](https://github.com/hackforla/website/issues/2392#issuecomment-1037437676) at 2022-02-12 12:04 PM PST
aconstas,6339,SKILLS ISSUE
aconstas,2024-02-21T03:40:11Z,- aconstas opened issue: [6339](https://github.com/hackforla/website/issues/6339) at 2024-02-20 07:40 PM PST
aconstas,2024-02-21T04:13:09Z,- aconstas assigned to issue: [6339](https://github.com/hackforla/website/issues/6339) at 2024-02-20 08:13 PM PST
aconstas,2024-02-21T19:01:07Z,- aconstas assigned to issue: [5881](https://github.com/hackforla/website/issues/5881#issuecomment-1949258541) at 2024-02-21 11:01 AM PST
aconstas,2024-02-21T19:07:21Z,- aconstas commented on issue: [5881](https://github.com/hackforla/website/issues/5881#issuecomment-1957721459) at 2024-02-21 11:07 AM PST
aconstas,2024-02-21T19:53:23Z,- aconstas commented on issue: [6339](https://github.com/hackforla/website/issues/6339#issuecomment-1957792892) at 2024-02-21 11:53 AM PST
aconstas,2024-02-21T20:45:32Z,- aconstas opened pull request: [6352](https://github.com/hackforla/website/pull/6352) at 2024-02-21 12:45 PM PST
aconstas,2024-02-22T23:23:39Z,- aconstas assigned to issue: [5711](https://github.com/hackforla/website/issues/5711#issuecomment-1841526532) at 2024-02-22 03:23 PM PST
aconstas,2024-02-22T23:27:48Z,- aconstas commented on issue: [5711](https://github.com/hackforla/website/issues/5711#issuecomment-1960506989) at 2024-02-22 03:27 PM PST
aconstas,2024-02-23T00:01:02Z,- aconstas opened pull request: [6360](https://github.com/hackforla/website/pull/6360) at 2024-02-22 04:01 PM PST
aconstas,2024-02-23T05:47:04Z,- aconstas pull request merged: [6352](https://github.com/hackforla/website/pull/6352#event-11899591616) at 2024-02-22 09:47 PM PST
aconstas,2024-02-24T02:48:19Z,- aconstas commented on pull request: [6360](https://github.com/hackforla/website/pull/6360#issuecomment-1962225982) at 2024-02-23 06:48 PM PST
aconstas,2024-02-24T19:16:11Z,- aconstas commented on pull request: [6360](https://github.com/hackforla/website/pull/6360#issuecomment-1962585550) at 2024-02-24 11:16 AM PST
aconstas,2024-02-25T12:39:23Z,- aconstas pull request merged: [6360](https://github.com/hackforla/website/pull/6360#event-11912915441) at 2024-02-25 04:39 AM PST
aconstas,2024-02-25T22:31:28Z,- aconstas assigned to issue: [6199](https://github.com/hackforla/website/issues/6199) at 2024-02-25 02:31 PM PST
aconstas,2024-02-25T22:34:09Z,- aconstas commented on issue: [6199](https://github.com/hackforla/website/issues/6199#issuecomment-1963084798) at 2024-02-25 02:34 PM PST
aconstas,2024-02-25T22:53:13Z,- aconstas opened pull request: [6374](https://github.com/hackforla/website/pull/6374) at 2024-02-25 02:53 PM PST
aconstas,2024-02-26T18:08:18Z,- aconstas commented on pull request: [6379](https://github.com/hackforla/website/pull/6379#issuecomment-1964809599) at 2024-02-26 10:08 AM PST
aconstas,2024-02-26T18:31:06Z,- aconstas submitted pull request review: [6379](https://github.com/hackforla/website/pull/6379#pullrequestreview-1901698322) at 2024-02-26 10:31 AM PST
aconstas,2024-02-29T03:49:31Z,- aconstas submitted pull request review: [6390](https://github.com/hackforla/website/pull/6390#pullrequestreview-1907876631) at 2024-02-28 07:49 PM PST
aconstas,2024-03-01T07:39:42Z,- aconstas pull request merged: [6374](https://github.com/hackforla/website/pull/6374#event-11975791551) at 2024-02-29 11:39 PM PST
aconstas,2024-03-15T15:22:03Z,- aconstas commented on issue: [6339](https://github.com/hackforla/website/issues/6339#issuecomment-1999896935) at 2024-03-15 08:22 AM PDT
aconstas,2024-04-27T00:45:19Z,- aconstas closed issue as completed: [6339](https://github.com/hackforla/website/issues/6339#event-12629471312) at 2024-04-26 05:45 PM PDT
acterin,7828,SKILLS ISSUE
acterin,2025-01-14T04:22:04Z,- acterin opened issue: [7828](https://github.com/hackforla/website/issues/7828) at 2025-01-13 08:22 PM PST
acterin,2025-01-14T04:22:56Z,- acterin assigned to issue: [7828](https://github.com/hackforla/website/issues/7828#issuecomment-2588916107) at 2025-01-13 08:22 PM PST
acterin,2025-01-14T04:47:39Z,- acterin commented on issue: [7828](https://github.com/hackforla/website/issues/7828#issuecomment-2588957527) at 2025-01-13 08:47 PM PST
acterin,2025-01-14T04:53:02Z,- acterin commented on issue: [7828](https://github.com/hackforla/website/issues/7828#issuecomment-2588975061) at 2025-01-13 08:53 PM PST
acterin,2025-01-22T06:31:33Z,- acterin commented on issue: [7828](https://github.com/hackforla/website/issues/7828#issuecomment-2606405655) at 2025-01-21 10:31 PM PST
acterin,2025-01-22T07:19:26Z,- acterin assigned to issue: [7753](https://github.com/hackforla/website/issues/7753) at 2025-01-21 11:19 PM PST
acterin,2025-01-22T07:23:49Z,- acterin commented on issue: [7753](https://github.com/hackforla/website/issues/7753#issuecomment-2606475814) at 2025-01-21 11:23 PM PST
acterin,2025-01-27T08:14:15Z,- acterin commented on issue: [7828](https://github.com/hackforla/website/issues/7828#issuecomment-2615086401) at 2025-01-27 12:14 AM PST
acterin,2025-01-27T08:25:27Z,- acterin commented on issue: [7753](https://github.com/hackforla/website/issues/7753#issuecomment-2615107273) at 2025-01-27 12:25 AM PST
acterin,2025-01-27T08:27:07Z,- acterin commented on issue: [7828](https://github.com/hackforla/website/issues/7828#issuecomment-2615110533) at 2025-01-27 12:27 AM PST
acterin,2025-01-29T06:02:37Z,- acterin opened pull request: [7862](https://github.com/hackforla/website/pull/7862) at 2025-01-28 10:02 PM PST
acterin,2025-01-29T06:56:22Z,- acterin commented on issue: [7828](https://github.com/hackforla/website/issues/7828#issuecomment-2620849220) at 2025-01-28 10:56 PM PST
acterin,2025-01-29T07:19:24Z,- acterin commented on issue: [7828](https://github.com/hackforla/website/issues/7828#issuecomment-2620878867) at 2025-01-28 11:19 PM PST
acterin,2025-01-29T07:26:06Z,- acterin commented on issue: [7828](https://github.com/hackforla/website/issues/7828#issuecomment-2620886459) at 2025-01-28 11:26 PM PST
acterin,2025-01-31T04:50:23Z,- acterin assigned to issue: [7855](https://github.com/hackforla/website/issues/7855) at 2025-01-30 08:50 PM PST
acterin,2025-01-31T04:50:37Z,- acterin unassigned from issue: [7855](https://github.com/hackforla/website/issues/7855#issuecomment-2626294989) at 2025-01-30 08:50 PM PST
acterin,2025-01-31T04:55:37Z,- acterin commented on pull request: [7862](https://github.com/hackforla/website/pull/7862#issuecomment-2626300106) at 2025-01-30 08:55 PM PST
acterin,2025-02-17T00:52:22Z,- acterin pull request merged: [7862](https://github.com/hackforla/website/pull/7862#event-16325890476) at 2025-02-16 04:52 PM PST
acterin,2025-02-17T03:12:28Z,- acterin commented on pull request: [7906](https://github.com/hackforla/website/pull/7906#issuecomment-2661867105) at 2025-02-16 07:12 PM PST
acterin,2025-02-17T06:22:37Z,- acterin commented on pull request: [7906](https://github.com/hackforla/website/pull/7906#issuecomment-2662165398) at 2025-02-16 10:22 PM PST
acterin,2025-02-17T07:10:05Z,- acterin submitted pull request review: [7906](https://github.com/hackforla/website/pull/7906#pullrequestreview-2620195122) at 2025-02-16 11:10 PM PST
acterin,2025-02-17T07:29:31Z,- acterin assigned to issue: [7876](https://github.com/hackforla/website/issues/7876) at 2025-02-16 11:29 PM PST
acterin,2025-02-18T10:21:21Z,- acterin unassigned from issue: [7876](https://github.com/hackforla/website/issues/7876#issuecomment-2662269756) at 2025-02-18 02:21 AM PST
Adaakal,3782,SKILLS ISSUE
Adaakal,2023-01-04T04:46:33Z,- Adaakal opened issue: [3782](https://github.com/hackforla/website/issues/3782) at 2023-01-03 08:46 PM PST
Adaakal,2023-01-05T04:24:08Z,- Adaakal assigned to issue: [3782](https://github.com/hackforla/website/issues/3782) at 2023-01-04 08:24 PM PST
Adaakal,2023-01-06T03:57:10Z,- Adaakal assigned to issue: [2863](https://github.com/hackforla/website/issues/2863#issuecomment-1048465499) at 2023-01-05 07:57 PM PST
Adaakal,2023-01-06T04:01:08Z,- Adaakal commented on issue: [2863](https://github.com/hackforla/website/issues/2863#issuecomment-1373113594) at 2023-01-05 08:01 PM PST
Adaakal,2023-01-06T23:23:01Z,- Adaakal opened pull request: [3798](https://github.com/hackforla/website/pull/3798) at 2023-01-06 03:23 PM PST
Adaakal,2023-01-10T17:17:01Z,- Adaakal commented on pull request: [3798](https://github.com/hackforla/website/pull/3798#issuecomment-1377593580) at 2023-01-10 09:17 AM PST
Adaakal,2023-01-11T00:07:41Z,- Adaakal pull request merged: [3798](https://github.com/hackforla/website/pull/3798#event-8196905286) at 2023-01-10 04:07 PM PST
Adaakal,2023-01-18T03:08:21Z,- Adaakal commented on pull request: [3798](https://github.com/hackforla/website/pull/3798#issuecomment-1386415123) at 2023-01-17 07:08 PM PST
Adaakal,2023-01-18T03:30:59Z,- Adaakal assigned to issue: [1478](https://github.com/hackforla/website/issues/1478#issuecomment-829718468) at 2023-01-17 07:30 PM PST
Adaakal,2023-01-18T04:21:09Z,- Adaakal unassigned from issue: [1478](https://github.com/hackforla/website/issues/1478#issuecomment-1386434200) at 2023-01-17 08:21 PM PST
Adaakal,2023-01-18T04:22:13Z,- Adaakal assigned to issue: [3540](https://github.com/hackforla/website/issues/3540#issuecomment-1244594704) at 2023-01-17 08:22 PM PST
Adaakal,2023-01-18T04:27:20Z,- Adaakal commented on issue: [3540](https://github.com/hackforla/website/issues/3540#issuecomment-1386470129) at 2023-01-17 08:27 PM PST
Adaakal,2023-01-19T18:49:57Z,- Adaakal commented on issue: [3540](https://github.com/hackforla/website/issues/3540#issuecomment-1397449627) at 2023-01-19 10:49 AM PST
Adaakal,2023-01-19T18:52:42Z,- Adaakal commented on pull request: [3811](https://github.com/hackforla/website/pull/3811#issuecomment-1397452563) at 2023-01-19 10:52 AM PST
Adaakal,2023-01-19T18:54:22Z,- Adaakal commented on pull request: [3811](https://github.com/hackforla/website/pull/3811#issuecomment-1397454619) at 2023-01-19 10:54 AM PST
Adaakal,2023-01-19T19:44:58Z,- Adaakal submitted pull request review: [3811](https://github.com/hackforla/website/pull/3811#pullrequestreview-1262515023) at 2023-01-19 11:44 AM PST
Adaakal,2023-01-22T18:14:56Z,- Adaakal unassigned from issue: [3540](https://github.com/hackforla/website/issues/3540#issuecomment-1397449627) at 2023-01-22 10:14 AM PST
Adaakal,2023-01-22T18:17:38Z,- Adaakal assigned to issue: [3383](https://github.com/hackforla/website/issues/3383) at 2023-01-22 10:17 AM PST
Adaakal,2023-01-28T23:04:15Z,- Adaakal commented on issue: [3383](https://github.com/hackforla/website/issues/3383#issuecomment-1407507173) at 2023-01-28 03:04 PM PST
Adaakal,2023-01-29T03:00:29Z,- Adaakal opened pull request: [3888](https://github.com/hackforla/website/pull/3888) at 2023-01-28 07:00 PM PST
Adaakal,2023-02-03T06:32:13Z,- Adaakal commented on pull request: [3888](https://github.com/hackforla/website/pull/3888#issuecomment-1415119370) at 2023-02-02 10:32 PM PST
Adaakal,2023-02-03T19:47:30Z,- Adaakal commented on pull request: [3883](https://github.com/hackforla/website/pull/3883#issuecomment-1416328238) at 2023-02-03 11:47 AM PST
Adaakal,2023-02-04T00:31:32Z,- Adaakal pull request merged: [3888](https://github.com/hackforla/website/pull/3888#event-8437337771) at 2023-02-03 04:31 PM PST
Adaakal,2023-02-06T21:34:26Z,- Adaakal assigned to issue: [3274](https://github.com/hackforla/website/issues/3274#issuecomment-1290249941) at 2023-02-06 01:34 PM PST
Adaakal,2023-02-06T21:39:47Z,- Adaakal commented on issue: [3274](https://github.com/hackforla/website/issues/3274#issuecomment-1419800533) at 2023-02-06 01:39 PM PST
Adaakal,2023-02-06T21:49:21Z,- Adaakal commented on issue: [3782](https://github.com/hackforla/website/issues/3782#issuecomment-1419816549) at 2023-02-06 01:49 PM PST
Adaakal,2023-02-06T21:50:14Z,- Adaakal commented on issue: [3782](https://github.com/hackforla/website/issues/3782#issuecomment-1419818118) at 2023-02-06 01:50 PM PST
Adaakal,2023-02-06T21:50:18Z,- Adaakal closed issue as completed: [3782](https://github.com/hackforla/website/issues/3782#event-8452150061) at 2023-02-06 01:50 PM PST
Adaakal,2023-02-10T20:29:49Z,- Adaakal commented on issue: [3274](https://github.com/hackforla/website/issues/3274#issuecomment-1426308459) at 2023-02-10 12:29 PM PST
Adaakal,2023-02-10T21:52:46Z,- Adaakal commented on issue: [3598](https://github.com/hackforla/website/issues/3598#issuecomment-1426387958) at 2023-02-10 01:52 PM PST
Adaakal,2023-02-10T22:05:37Z,- Adaakal commented on issue: [3274](https://github.com/hackforla/website/issues/3274#issuecomment-1426400372) at 2023-02-10 02:05 PM PST
Adaakal,2023-02-12T18:28:55Z,- Adaakal unassigned from issue: [3274](https://github.com/hackforla/website/issues/3274#issuecomment-1426400372) at 2023-02-12 10:28 AM PST
Adaakal,2023-02-12T19:06:34Z,- Adaakal assigned to issue: [3118](https://github.com/hackforla/website/issues/3118#issuecomment-1421940683) at 2023-02-12 11:06 AM PST
Adaakal,2023-02-12T19:09:06Z,- Adaakal commented on issue: [3118](https://github.com/hackforla/website/issues/3118#issuecomment-1427109306) at 2023-02-12 11:09 AM PST
Adaakal,2023-02-14T23:47:56Z,- Adaakal commented on issue: [3782](https://github.com/hackforla/website/issues/3782#issuecomment-1430539973) at 2023-02-14 03:47 PM PST
Adaakal,2023-02-17T03:03:32Z,- Adaakal commented on issue: [3118](https://github.com/hackforla/website/issues/3118#issuecomment-1434031305) at 2023-02-16 07:03 PM PST
Adaakal,2023-02-20T23:06:12Z,- Adaakal opened pull request: [4017](https://github.com/hackforla/website/pull/4017) at 2023-02-20 03:06 PM PST
Adaakal,2023-02-21T18:40:03Z,- Adaakal commented on pull request: [4017](https://github.com/hackforla/website/pull/4017#issuecomment-1438935497) at 2023-02-21 10:40 AM PST
Adaakal,2023-02-24T04:43:03Z,- Adaakal commented on pull request: [4017](https://github.com/hackforla/website/pull/4017#issuecomment-1442802112) at 2023-02-23 08:43 PM PST
Adaakal,2023-02-24T19:35:02Z,- Adaakal commented on issue: [3782](https://github.com/hackforla/website/issues/3782#issuecomment-1444329914) at 2023-02-24 11:35 AM PST
Adaakal,2023-03-01T03:28:05Z,- Adaakal commented on pull request: [4017](https://github.com/hackforla/website/pull/4017#issuecomment-1449278579) at 2023-02-28 07:28 PM PST
Adaakal,2023-03-07T17:25:55Z,- Adaakal commented on pull request: [4017](https://github.com/hackforla/website/pull/4017#issuecomment-1458554557) at 2023-03-07 09:25 AM PST
Adaakal,2023-03-07T19:00:04Z,- Adaakal commented on pull request: [4017](https://github.com/hackforla/website/pull/4017#issuecomment-1458673296) at 2023-03-07 11:00 AM PST
Adaakal,2023-03-13T22:50:25Z,- Adaakal pull request merged: [4017](https://github.com/hackforla/website/pull/4017#event-8737227490) at 2023-03-13 03:50 PM PDT
Adaakal,2023-03-24T12:02:46Z,- Adaakal assigned to issue: [4159](https://github.com/hackforla/website/issues/4159#issuecomment-1475143698) at 2023-03-24 05:02 AM PDT
Adaakal,2023-03-24T12:03:16Z,- Adaakal assigned to issue: [4239](https://github.com/hackforla/website/issues/4239) at 2023-03-24 05:03 AM PDT
Adaakal,2023-03-24T12:05:29Z,- Adaakal commented on issue: [4239](https://github.com/hackforla/website/issues/4239#issuecomment-1482695631) at 2023-03-24 05:05 AM PDT
Adaakal,2023-03-26T23:39:50Z,- Adaakal unassigned from issue: [4239](https://github.com/hackforla/website/issues/4239#issuecomment-1484276572) at 2023-03-26 04:39 PM PDT
Adaakal,2023-03-26T23:41:49Z,- Adaakal unassigned from issue: [4159](https://github.com/hackforla/website/issues/4159#issuecomment-1484277046) at 2023-03-26 04:41 PM PDT
Adaakal,2023-03-27T19:29:11Z,- Adaakal commented on issue: [3782](https://github.com/hackforla/website/issues/3782#issuecomment-1485746615) at 2023-03-27 12:29 PM PDT
Adaakal,2023-03-27T19:36:53Z,- Adaakal assigned to issue: [4226](https://github.com/hackforla/website/issues/4226#issuecomment-1484271417) at 2023-03-27 12:36 PM PDT
Adaakal,2023-03-27T19:43:29Z,- Adaakal commented on issue: [4226](https://github.com/hackforla/website/issues/4226#issuecomment-1485763134) at 2023-03-27 12:43 PM PDT
Adaakal,2023-03-27T23:22:47Z,- Adaakal opened pull request: [4297](https://github.com/hackforla/website/pull/4297) at 2023-03-27 04:22 PM PDT
Adaakal,2023-03-30T19:42:57Z,- Adaakal commented on pull request: [4297](https://github.com/hackforla/website/pull/4297#issuecomment-1490842390) at 2023-03-30 12:42 PM PDT
Adaakal,2023-03-30T19:50:23Z,- Adaakal commented on issue: [4226](https://github.com/hackforla/website/issues/4226#issuecomment-1490855113) at 2023-03-30 12:50 PM PDT
Adaakal,2023-04-03T22:11:05Z,- Adaakal commented on issue: [4226](https://github.com/hackforla/website/issues/4226#issuecomment-1495052986) at 2023-04-03 03:11 PM PDT
Adaakal,2023-04-03T22:11:30Z,- Adaakal unassigned from issue: [4226](https://github.com/hackforla/website/issues/4226#issuecomment-1495052986) at 2023-04-03 03:11 PM PDT
Adaakal,2023-04-13T03:03:07Z,- Adaakal pull request closed w/o merging: [4297](https://github.com/hackforla/website/pull/4297#event-8991995531) at 2023-04-12 08:03 PM PDT
Adaakal,2023-04-24T18:04:54Z,- Adaakal commented on issue: [3782](https://github.com/hackforla/website/issues/3782#issuecomment-1520607115) at 2023-04-24 11:04 AM PDT
Adaakal,2023-05-16T13:49:45Z,- Adaakal commented on issue: [3782](https://github.com/hackforla/website/issues/3782#issuecomment-1549713160) at 2023-05-16 06:49 AM PDT
adamkendis,2020-07-31T01:59:20Z,- adamkendis commented on issue: [658](https://github.com/hackforla/website/issues/658#issuecomment-666869740) at 2020-07-30 06:59 PM PDT
Adastros,3685,SKILLS ISSUE
Adastros,2022-11-01T02:38:48Z,- Adastros opened issue: [3685](https://github.com/hackforla/website/issues/3685) at 2022-10-31 07:38 PM PDT
Adastros,2022-11-02T03:54:49Z,- Adastros assigned to issue: [3685](https://github.com/hackforla/website/issues/3685) at 2022-11-01 08:54 PM PDT
Adastros,2022-11-05T03:39:15Z,- Adastros assigned to issue: [2858](https://github.com/hackforla/website/issues/2858#issuecomment-1048436585) at 2022-11-04 07:39 PM PST
Adastros,2022-11-05T04:07:28Z,- Adastros commented on issue: [2858](https://github.com/hackforla/website/issues/2858#issuecomment-1304396830) at 2022-11-04 08:07 PM PST
Adastros,2022-11-05T05:07:47Z,- Adastros opened pull request: [3695](https://github.com/hackforla/website/pull/3695) at 2022-11-04 09:07 PM PST
Adastros,2022-11-07T20:08:21Z,- Adastros pull request merged: [3695](https://github.com/hackforla/website/pull/3695#event-7755951560) at 2022-11-07 12:08 PM PST
Adastros,2022-11-08T04:44:10Z,- Adastros commented on issue: [3685](https://github.com/hackforla/website/issues/3685#issuecomment-1306627467) at 2022-11-07 08:44 PM PST
Adastros,2022-11-08T05:53:18Z,- Adastros assigned to issue: [3207](https://github.com/hackforla/website/issues/3207#issuecomment-1145822417) at 2022-11-07 09:53 PM PST
Adastros,2022-11-08T05:55:55Z,- Adastros commented on issue: [3207](https://github.com/hackforla/website/issues/3207#issuecomment-1306674318) at 2022-11-07 09:55 PM PST
Adastros,2022-11-08T06:52:17Z,- Adastros opened pull request: [3699](https://github.com/hackforla/website/pull/3699) at 2022-11-07 10:52 PM PST
Adastros,2022-11-10T05:26:47Z,- Adastros commented on pull request: [3703](https://github.com/hackforla/website/pull/3703#issuecomment-1309795869) at 2022-11-09 09:26 PM PST
Adastros,2022-11-10T06:17:47Z,- Adastros submitted pull request review: [3703](https://github.com/hackforla/website/pull/3703#pullrequestreview-1175131208) at 2022-11-09 10:17 PM PST
Adastros,2022-11-10T18:48:38Z,- Adastros pull request merged: [3699](https://github.com/hackforla/website/pull/3699#event-7786132153) at 2022-11-10 10:48 AM PST
Adastros,2022-11-11T06:33:39Z,- Adastros assigned to issue: [2904](https://github.com/hackforla/website/issues/2904#event-7015838163) at 2022-11-10 10:33 PM PST
Adastros,2022-11-11T06:39:22Z,- Adastros commented on issue: [2904](https://github.com/hackforla/website/issues/2904#issuecomment-1311289580) at 2022-11-10 10:39 PM PST
Adastros,2022-11-14T02:20:20Z,- Adastros commented on issue: [3685](https://github.com/hackforla/website/issues/3685#issuecomment-1312951717) at 2022-11-13 06:20 PM PST
Adastros,2022-11-14T02:23:06Z,- Adastros commented on issue: [3685](https://github.com/hackforla/website/issues/3685#issuecomment-1312953077) at 2022-11-13 06:23 PM PST
Adastros,2022-11-14T02:23:06Z,- Adastros closed issue as completed: [3685](https://github.com/hackforla/website/issues/3685#event-7799822610) at 2022-11-13 06:23 PM PST
Adastros,2022-11-14T04:54:24Z,- Adastros opened pull request: [3717](https://github.com/hackforla/website/pull/3717) at 2022-11-13 08:54 PM PST
Adastros,2022-11-15T05:54:14Z,- Adastros commented on pull request: [3717](https://github.com/hackforla/website/pull/3717#issuecomment-1314809373) at 2022-11-14 09:54 PM PST
Adastros,2022-11-15T08:03:41Z,- Adastros opened issue: [3720](https://github.com/hackforla/website/issues/3720) at 2022-11-15 12:03 AM PST
Adastros,2022-11-17T00:32:47Z,- Adastros pull request merged: [3717](https://github.com/hackforla/website/pull/3717#event-7829148008) at 2022-11-16 04:32 PM PST
Adastros,2022-11-17T05:05:14Z,- Adastros commented on pull request: [3728](https://github.com/hackforla/website/pull/3728#issuecomment-1318082556) at 2022-11-16 09:05 PM PST
Adastros,2022-11-17T06:40:21Z,- Adastros submitted pull request review: [3728](https://github.com/hackforla/website/pull/3728#pullrequestreview-1183743795) at 2022-11-16 10:40 PM PST
Adastros,2022-11-18T04:55:21Z,- Adastros commented on pull request: [3730](https://github.com/hackforla/website/pull/3730#issuecomment-1319545153) at 2022-11-17 08:55 PM PST
Adastros,2022-11-18T07:33:49Z,- Adastros submitted pull request review: [3730](https://github.com/hackforla/website/pull/3730#pullrequestreview-1185611364) at 2022-11-17 11:33 PM PST
Adastros,2022-11-19T06:29:04Z,- Adastros assigned to issue: [3587](https://github.com/hackforla/website/issues/3587#issuecomment-1281492060) at 2022-11-18 10:29 PM PST
Adastros,2022-11-19T06:31:45Z,- Adastros commented on issue: [3587](https://github.com/hackforla/website/issues/3587#issuecomment-1320816199) at 2022-11-18 10:31 PM PST
Adastros,2022-11-22T07:24:32Z,- Adastros opened pull request: [3741](https://github.com/hackforla/website/pull/3741) at 2022-11-21 11:24 PM PST
Adastros,2022-11-22T07:31:40Z,- Adastros commented on pull request: [3737](https://github.com/hackforla/website/pull/3737#issuecomment-1323228621) at 2022-11-21 11:31 PM PST
Adastros,2022-11-22T08:09:09Z,- Adastros submitted pull request review: [3737](https://github.com/hackforla/website/pull/3737#pullrequestreview-1189555320) at 2022-11-22 12:09 AM PST
Adastros,2022-11-22T08:11:08Z,- Adastros commented on pull request: [3736](https://github.com/hackforla/website/pull/3736#issuecomment-1323269285) at 2022-11-22 12:11 AM PST
Adastros,2022-11-23T07:05:30Z,- Adastros submitted pull request review: [3736](https://github.com/hackforla/website/pull/3736#pullrequestreview-1191133282) at 2022-11-22 11:05 PM PST
Adastros,2022-11-27T08:40:04Z,- Adastros commented on pull request: [3741](https://github.com/hackforla/website/pull/3741#issuecomment-1328197035) at 2022-11-27 12:40 AM PST
Adastros,2022-11-27T20:13:27Z,- Adastros unassigned from issue: [2904](https://github.com/hackforla/website/issues/2904#issuecomment-1328329813) at 2022-11-27 12:13 PM PST
Adastros,2022-11-27T20:28:53Z,- Adastros assigned to issue: [3704](https://github.com/hackforla/website/issues/3704#issuecomment-1327102396) at 2022-11-27 12:28 PM PST
Adastros,2022-11-27T20:29:27Z,- Adastros unassigned from issue: [3704](https://github.com/hackforla/website/issues/3704#issuecomment-1328333414) at 2022-11-27 12:29 PM PST
Adastros,2022-11-29T02:39:07Z,- Adastros pull request merged: [3741](https://github.com/hackforla/website/pull/3741#event-7908411412) at 2022-11-28 06:39 PM PST
Adastros,2022-11-29T06:35:41Z,- Adastros commented on pull request: [3741](https://github.com/hackforla/website/pull/3741#issuecomment-1330152281) at 2022-11-28 10:35 PM PST
Adastros,2022-11-29T06:37:11Z,- Adastros commented on pull request: [3753](https://github.com/hackforla/website/pull/3753#issuecomment-1330153232) at 2022-11-28 10:37 PM PST
Adastros,2022-11-29T06:39:50Z,- Adastros commented on issue: [3720](https://github.com/hackforla/website/issues/3720#issuecomment-1330154887) at 2022-11-28 10:39 PM PST
Adastros,2022-11-29T06:42:48Z,- Adastros assigned to issue: [2904](https://github.com/hackforla/website/issues/2904#issuecomment-1328329813) at 2022-11-28 10:42 PM PST
Adastros,2022-11-29T06:44:26Z,- Adastros commented on issue: [2904](https://github.com/hackforla/website/issues/2904#issuecomment-1330157642) at 2022-11-28 10:44 PM PST
Adastros,2022-11-30T05:33:41Z,- Adastros submitted pull request review: [3753](https://github.com/hackforla/website/pull/3753#pullrequestreview-1198706982) at 2022-11-29 09:33 PM PST
Adastros,2022-12-01T07:26:28Z,- Adastros commented on issue: [2904](https://github.com/hackforla/website/issues/2904#issuecomment-1333322527) at 2022-11-30 11:26 PM PST
Adastros,2022-12-06T06:34:54Z,- Adastros commented on issue: [2904](https://github.com/hackforla/website/issues/2904#issuecomment-1338858231) at 2022-12-05 10:34 PM PST
Adastros,2023-01-10T06:25:57Z,- Adastros commented on issue: [2904](https://github.com/hackforla/website/issues/2904#issuecomment-1376790694) at 2023-01-09 10:25 PM PST
Adastros,2023-01-11T06:47:39Z,- Adastros opened pull request: [3809](https://github.com/hackforla/website/pull/3809) at 2023-01-10 10:47 PM PST
Adastros,2023-01-13T18:58:25Z,- Adastros pull request merged: [3809](https://github.com/hackforla/website/pull/3809#event-8223594916) at 2023-01-13 10:58 AM PST
Adastros,2023-01-14T23:45:32Z,- Adastros commented on pull request: [3809](https://github.com/hackforla/website/pull/3809#issuecomment-1382965772) at 2023-01-14 03:45 PM PST
Adastros,2023-01-14T23:58:15Z,- Adastros commented on pull request: [3810](https://github.com/hackforla/website/pull/3810#issuecomment-1382967986) at 2023-01-14 03:58 PM PST
Adastros,2023-01-15T02:45:19Z,- Adastros submitted pull request review: [3810](https://github.com/hackforla/website/pull/3810#pullrequestreview-1249097256) at 2023-01-14 06:45 PM PST
Adastros,2023-01-15T22:17:26Z,- Adastros commented on pull request: [3810](https://github.com/hackforla/website/pull/3810#issuecomment-1383267754) at 2023-01-15 02:17 PM PST
Adastros,2023-01-17T06:30:25Z,- Adastros submitted pull request review: [3810](https://github.com/hackforla/website/pull/3810#pullrequestreview-1250946199) at 2023-01-16 10:30 PM PST
Adastros,2023-01-17T06:35:59Z,- Adastros commented on pull request: [3815](https://github.com/hackforla/website/pull/3815#issuecomment-1384899484) at 2023-01-16 10:35 PM PST
Adastros,2023-01-17T07:29:11Z,- Adastros submitted pull request review: [3815](https://github.com/hackforla/website/pull/3815#pullrequestreview-1251023520) at 2023-01-16 11:29 PM PST
Adastros,2023-01-19T04:14:15Z,- Adastros commented on pull request: [3838](https://github.com/hackforla/website/pull/3838#issuecomment-1396417461) at 2023-01-18 08:14 PM PST
Adastros,2023-01-19T06:50:00Z,- Adastros submitted pull request review: [3838](https://github.com/hackforla/website/pull/3838#pullrequestreview-1261201204) at 2023-01-18 10:50 PM PST
Adastros,2023-01-20T06:52:35Z,- Adastros submitted pull request review: [3838](https://github.com/hackforla/website/pull/3838#pullrequestreview-1263038905) at 2023-01-19 10:52 PM PST
Adastros,2023-01-24T05:34:42Z,- Adastros commented on pull request: [3864](https://github.com/hackforla/website/pull/3864#issuecomment-1401418956) at 2023-01-23 09:34 PM PST
Adastros,2023-01-24T07:42:39Z,- Adastros submitted pull request review: [3864](https://github.com/hackforla/website/pull/3864#pullrequestreview-1266960610) at 2023-01-23 11:42 PM PST
Adastros,2023-01-24T07:51:52Z,- Adastros commented on pull request: [3845](https://github.com/hackforla/website/pull/3845#issuecomment-1401509906) at 2023-01-23 11:51 PM PST
Adastros,2023-01-24T08:22:15Z,- Adastros commented on pull request: [3864](https://github.com/hackforla/website/pull/3864#issuecomment-1401539817) at 2023-01-24 12:22 AM PST
Adastros,2023-01-25T04:40:55Z,- Adastros submitted pull request review: [3864](https://github.com/hackforla/website/pull/3864#pullrequestreview-1268699923) at 2023-01-24 08:40 PM PST
Adastros,2023-01-25T07:11:52Z,- Adastros submitted pull request review: [3845](https://github.com/hackforla/website/pull/3845#pullrequestreview-1268799460) at 2023-01-24 11:11 PM PST
Adastros,2023-01-31T05:42:22Z,- Adastros submitted pull request review: [3845](https://github.com/hackforla/website/pull/3845#pullrequestreview-1276513177) at 2023-01-30 09:42 PM PST
Adastros,2023-01-31T05:53:40Z,- Adastros commented on pull request: [3905](https://github.com/hackforla/website/pull/3905#issuecomment-1409801675) at 2023-01-30 09:53 PM PST
Adastros,2023-01-31T07:07:51Z,- Adastros submitted pull request review: [3905](https://github.com/hackforla/website/pull/3905#pullrequestreview-1276593080) at 2023-01-30 11:07 PM PST
Adastros,2023-02-01T06:20:08Z,- Adastros submitted pull request review: [3905](https://github.com/hackforla/website/pull/3905#pullrequestreview-1278489018) at 2023-01-31 10:20 PM PST
Adastros,2023-02-14T07:38:09Z,- Adastros opened issue: [3973](https://github.com/hackforla/website/issues/3973) at 2023-02-13 11:38 PM PST
Adastros,2023-02-14T08:00:21Z,- Adastros opened issue: [3975](https://github.com/hackforla/website/issues/3975) at 2023-02-14 12:00 AM PST
Adastros,2023-02-14T08:08:35Z,- Adastros commented on issue: [3973](https://github.com/hackforla/website/issues/3973#issuecomment-1429299384) at 2023-02-14 12:08 AM PST
Adastros,2023-02-14T08:22:42Z,- Adastros opened issue: [3976](https://github.com/hackforla/website/issues/3976) at 2023-02-14 12:22 AM PST
Adastros,2023-02-20T01:44:31Z,- Adastros commented on issue: [3975](https://github.com/hackforla/website/issues/3975#issuecomment-1436182330) at 2023-02-19 05:44 PM PST
Adastros,2023-02-21T04:54:03Z,- Adastros commented on pull request: [4011](https://github.com/hackforla/website/pull/4011#issuecomment-1437856138) at 2023-02-20 08:54 PM PST
Adastros,2023-02-21T05:11:30Z,- Adastros submitted pull request review: [4011](https://github.com/hackforla/website/pull/4011#pullrequestreview-1306634001) at 2023-02-20 09:11 PM PST
Adastros,2023-02-23T06:53:25Z,- Adastros submitted pull request review: [4020](https://github.com/hackforla/website/pull/4020#pullrequestreview-1310690492) at 2023-02-22 10:53 PM PST
Adastros,2023-02-23T07:07:02Z,- Adastros submitted pull request review: [4011](https://github.com/hackforla/website/pull/4011#pullrequestreview-1310701444) at 2023-02-22 11:07 PM PST
Adastros,2023-02-23T07:08:41Z,- Adastros closed issue by PR 4011: [4008](https://github.com/hackforla/website/issues/4008#event-8588424157) at 2023-02-22 11:08 PM PST
Adastros,2023-02-28T07:20:56Z,- Adastros submitted pull request review: [4038](https://github.com/hackforla/website/pull/4038#pullrequestreview-1316923625) at 2023-02-27 11:20 PM PST
Adastros,2023-02-28T07:46:24Z,- Adastros commented on pull request: [4048](https://github.com/hackforla/website/pull/4048#issuecomment-1447720283) at 2023-02-27 11:46 PM PST
Adastros,2023-02-28T08:03:07Z,- Adastros closed issue by PR 4048: [4006](https://github.com/hackforla/website/issues/4006#event-8623813933) at 2023-02-28 12:03 AM PST
Adastros,2023-03-01T02:43:34Z,- Adastros commented on issue: [3175](https://github.com/hackforla/website/issues/3175#issuecomment-1449247482) at 2023-02-28 06:43 PM PST
Adastros,2023-03-01T07:16:57Z,- Adastros submitted pull request review: [4038](https://github.com/hackforla/website/pull/4038#pullrequestreview-1319156521) at 2023-02-28 11:16 PM PST
Adastros,2023-03-01T07:17:38Z,- Adastros closed issue by PR 4038: [3952](https://github.com/hackforla/website/issues/3952#event-8634771589) at 2023-02-28 11:17 PM PST
Adastros,2023-03-06T05:43:41Z,- Adastros commented on pull request: [4108](https://github.com/hackforla/website/pull/4108#issuecomment-1455490276) at 2023-03-05 09:43 PM PST
Adastros,2023-03-06T06:09:39Z,- Adastros commented on issue: [3973](https://github.com/hackforla/website/issues/3973#issuecomment-1455512616) at 2023-03-05 10:09 PM PST
Adastros,2023-03-06T06:27:40Z,- Adastros commented on issue: [3973](https://github.com/hackforla/website/issues/3973#issuecomment-1455529648) at 2023-03-05 10:27 PM PST
Adastros,2023-03-06T07:22:52Z,- Adastros submitted pull request review: [4108](https://github.com/hackforla/website/pull/4108#pullrequestreview-1325631531) at 2023-03-05 11:22 PM PST
Adastros,2023-03-06T07:36:05Z,- Adastros commented on pull request: [4108](https://github.com/hackforla/website/pull/4108#issuecomment-1455608075) at 2023-03-05 11:36 PM PST
Adastros,2023-03-07T07:28:02Z,- Adastros commented on pull request: [4108](https://github.com/hackforla/website/pull/4108#issuecomment-1457682510) at 2023-03-06 11:28 PM PST
Adastros,2023-03-07T07:36:15Z,- Adastros commented on pull request: [4115](https://github.com/hackforla/website/pull/4115#issuecomment-1457690979) at 2023-03-06 11:36 PM PST
Adastros,2023-03-07T08:05:25Z,- Adastros submitted pull request review: [4115](https://github.com/hackforla/website/pull/4115#pullrequestreview-1327835344) at 2023-03-07 12:05 AM PST
Adastros,2023-03-08T05:10:20Z,- Adastros commented on pull request: [4115](https://github.com/hackforla/website/pull/4115#issuecomment-1459507458) at 2023-03-07 09:10 PM PST
Adastros,2023-03-08T06:09:42Z,- Adastros commented on pull request: [4115](https://github.com/hackforla/website/pull/4115#issuecomment-1459598026) at 2023-03-07 10:09 PM PST
Adastros,2023-03-08T06:13:28Z,- Adastros commented on pull request: [4131](https://github.com/hackforla/website/pull/4131#issuecomment-1459600783) at 2023-03-07 10:13 PM PST
Adastros,2023-03-08T06:23:41Z,- Adastros commented on pull request: [4121](https://github.com/hackforla/website/pull/4121#issuecomment-1459607942) at 2023-03-07 10:23 PM PST
Adastros,2023-03-08T07:07:42Z,- Adastros submitted pull request review: [4121](https://github.com/hackforla/website/pull/4121#pullrequestreview-1330063876) at 2023-03-07 11:07 PM PST
Adastros,2023-03-09T06:36:27Z,- Adastros submitted pull request review: [4121](https://github.com/hackforla/website/pull/4121#pullrequestreview-1332093879) at 2023-03-08 10:36 PM PST
Adastros,2023-03-09T06:37:32Z,- Adastros closed issue by PR 4121: [4082](https://github.com/hackforla/website/issues/4082#event-8703824200) at 2023-03-08 10:37 PM PST
Adastros,2023-03-09T07:16:22Z,- Adastros submitted pull request review: [4131](https://github.com/hackforla/website/pull/4131#pullrequestreview-1332135120) at 2023-03-08 11:16 PM PST
Adastros,2023-03-09T07:33:36Z,- Adastros opened issue: [4141](https://github.com/hackforla/website/issues/4141) at 2023-03-08 11:33 PM PST
Adastros,2023-03-10T07:56:50Z,- Adastros commented on pull request: [4131](https://github.com/hackforla/website/pull/4131#issuecomment-1463411804) at 2023-03-09 11:56 PM PST
Adastros,2023-03-10T08:12:36Z,- Adastros commented on issue: [3975](https://github.com/hackforla/website/issues/3975#issuecomment-1463429993) at 2023-03-10 12:12 AM PST
Adastros,2023-04-04T06:58:19Z,- Adastros commented on issue: [3975](https://github.com/hackforla/website/issues/3975#issuecomment-1495446939) at 2023-04-03 11:58 PM PDT
Adastros,2023-04-11T04:30:27Z,- Adastros commented on issue: [3975](https://github.com/hackforla/website/issues/3975#issuecomment-1502671608) at 2023-04-10 09:30 PM PDT
Adastros,2023-04-13T06:43:12Z,- Adastros opened issue: [4498](https://github.com/hackforla/website/issues/4498) at 2023-04-12 11:43 PM PDT
Adastros,2023-04-18T05:25:23Z,- Adastros commented on pull request: [4518](https://github.com/hackforla/website/pull/4518#issuecomment-1512453132) at 2023-04-17 10:25 PM PDT
Adastros,2023-04-18T06:19:23Z,- Adastros commented on pull request: [4539](https://github.com/hackforla/website/pull/4539#issuecomment-1512501343) at 2023-04-17 11:19 PM PDT
Adastros,2023-04-18T06:19:57Z,- Adastros submitted pull request review: [4539](https://github.com/hackforla/website/pull/4539#pullrequestreview-1389362993) at 2023-04-17 11:19 PM PDT
Adastros,2023-04-18T06:45:59Z,- Adastros submitted pull request review: [4511](https://github.com/hackforla/website/pull/4511#pullrequestreview-1389398155) at 2023-04-17 11:45 PM PDT
Adastros,2023-04-19T03:25:41Z,- Adastros submitted pull request review: [4539](https://github.com/hackforla/website/pull/4539#pullrequestreview-1391208305) at 2023-04-18 08:25 PM PDT
Adastros,2023-04-19T03:26:08Z,- Adastros closed issue by PR 4539: [4352](https://github.com/hackforla/website/issues/4352#event-9041883220) at 2023-04-18 08:26 PM PDT
Adastros,2023-04-19T03:28:34Z,- Adastros submitted pull request review: [4511](https://github.com/hackforla/website/pull/4511#pullrequestreview-1391209724) at 2023-04-18 08:28 PM PDT
Adastros,2023-04-19T03:42:26Z,- Adastros closed issue by PR 4511: [4396](https://github.com/hackforla/website/issues/4396#event-9041936236) at 2023-04-18 08:42 PM PDT
Adastros,2023-04-21T06:17:29Z,- Adastros commented on pull request: [4518](https://github.com/hackforla/website/pull/4518#issuecomment-1517320812) at 2023-04-20 11:17 PM PDT
Adastros,2023-04-21T07:08:19Z,- Adastros opened issue: [4551](https://github.com/hackforla/website/issues/4551) at 2023-04-21 12:08 AM PDT
Adastros,2023-04-21T07:13:08Z,- Adastros opened issue: [4552](https://github.com/hackforla/website/issues/4552) at 2023-04-21 12:13 AM PDT
Adastros,2023-04-25T05:54:12Z,- Adastros submitted pull request review: [4560](https://github.com/hackforla/website/pull/4560#pullrequestreview-1399175577) at 2023-04-24 10:54 PM PDT
Adastros,2023-04-25T06:06:29Z,- Adastros commented on pull request: [4560](https://github.com/hackforla/website/pull/4560#issuecomment-1521199923) at 2023-04-24 11:06 PM PDT
Adastros,2023-04-25T07:38:40Z,- Adastros commented on pull request: [4554](https://github.com/hackforla/website/pull/4554#issuecomment-1521300777) at 2023-04-25 12:38 AM PDT
Adastros,2023-04-25T07:40:03Z,- Adastros closed issue by PR 4554: [4256](https://github.com/hackforla/website/issues/4256#event-9089034663) at 2023-04-25 12:40 AM PDT
Adastros,2023-04-26T02:26:36Z,- Adastros submitted pull request review: [4560](https://github.com/hackforla/website/pull/4560#pullrequestreview-1401054763) at 2023-04-25 07:26 PM PDT
Adastros,2023-04-26T02:27:11Z,- Adastros closed issue by PR 4560: [4381](https://github.com/hackforla/website/issues/4381#event-9098240165) at 2023-04-25 07:27 PM PDT
Adastros,2023-05-02T05:38:02Z,- Adastros commented on issue: [4552](https://github.com/hackforla/website/issues/4552#issuecomment-1530910009) at 2023-05-01 10:38 PM PDT
Adastros,2023-05-02T07:00:31Z,- Adastros assigned to issue: [4530](https://github.com/hackforla/website/issues/4530#issuecomment-1522657973) at 2023-05-02 12:00 AM PDT
Adastros,2023-05-02T07:04:17Z,- Adastros commented on issue: [4530](https://github.com/hackforla/website/issues/4530#issuecomment-1530985483) at 2023-05-02 12:04 AM PDT
Adastros,2023-05-02T07:35:05Z,- Adastros opened issue: [4593](https://github.com/hackforla/website/issues/4593) at 2023-05-02 12:35 AM PDT
Adastros,2023-05-02T07:40:30Z,- Adastros commented on issue: [4530](https://github.com/hackforla/website/issues/4530#issuecomment-1531024173) at 2023-05-02 12:40 AM PDT
Adastros,2023-05-03T06:10:22Z,- Adastros commented on issue: [4530](https://github.com/hackforla/website/issues/4530#issuecomment-1532493648) at 2023-05-02 11:10 PM PDT
Adastros,2023-05-03T06:10:22Z,- Adastros closed issue as completed: [4530](https://github.com/hackforla/website/issues/4530#event-9151858810) at 2023-05-02 11:10 PM PDT
Adastros,2023-05-04T04:47:48Z,- Adastros commented on issue: [4593](https://github.com/hackforla/website/issues/4593#issuecomment-1534089848) at 2023-05-03 09:47 PM PDT
Adastros,2023-05-04T04:49:56Z,- Adastros assigned to issue: [4498](https://github.com/hackforla/website/issues/4498) at 2023-05-03 09:49 PM PDT
Adastros,2023-05-09T06:06:50Z,- Adastros commented on pull request: [4603](https://github.com/hackforla/website/pull/4603#issuecomment-1539470291) at 2023-05-08 11:06 PM PDT
Adastros,2023-05-09T08:42:26Z,- Adastros submitted pull request review: [4603](https://github.com/hackforla/website/pull/4603#pullrequestreview-1418164765) at 2023-05-09 01:42 AM PDT
Adastros,2023-05-10T02:49:58Z,- Adastros commented on pull request: [4603](https://github.com/hackforla/website/pull/4603#issuecomment-1541229664) at 2023-05-09 07:49 PM PDT
Adastros,2023-05-11T05:21:01Z,- Adastros submitted pull request review: [4603](https://github.com/hackforla/website/pull/4603#pullrequestreview-1421772270) at 2023-05-10 10:21 PM PDT
Adastros,2023-05-11T05:29:30Z,- Adastros commented on pull request: [4643](https://github.com/hackforla/website/pull/4643#issuecomment-1543360849) at 2023-05-10 10:29 PM PDT
Adastros,2023-05-12T04:39:13Z,- Adastros submitted pull request review: [4603](https://github.com/hackforla/website/pull/4603#pullrequestreview-1423761573) at 2023-05-11 09:39 PM PDT
Adastros,2023-05-14T02:02:56Z,- Adastros submitted pull request review: [4603](https://github.com/hackforla/website/pull/4603#pullrequestreview-1425478285) at 2023-05-13 07:02 PM PDT
Adastros,2023-05-14T02:04:49Z,- Adastros closed issue by PR 4603: [4574](https://github.com/hackforla/website/issues/4574#event-9239444309) at 2023-05-13 07:04 PM PDT
Adastros,2023-05-14T02:37:58Z,- Adastros opened issue: [4662](https://github.com/hackforla/website/issues/4662) at 2023-05-13 07:37 PM PDT
Adastros,2023-05-14T02:42:07Z,- Adastros commented on issue: [4498](https://github.com/hackforla/website/issues/4498#issuecomment-1546793167) at 2023-05-13 07:42 PM PDT
Adastros,2023-05-14T02:42:07Z,- Adastros closed issue as completed: [4498](https://github.com/hackforla/website/issues/4498#event-9239474014) at 2023-05-13 07:42 PM PDT
Adastros,2023-05-16T06:03:37Z,- Adastros commented on pull request: [4673](https://github.com/hackforla/website/pull/4673#issuecomment-1549041761) at 2023-05-15 11:03 PM PDT
Adastros,2023-05-16T06:14:29Z,- Adastros commented on pull request: [4664](https://github.com/hackforla/website/pull/4664#issuecomment-1549052703) at 2023-05-15 11:14 PM PDT
Adastros,2023-05-16T06:16:56Z,- Adastros commented on issue: [4264](https://github.com/hackforla/website/issues/4264#issuecomment-1549054904) at 2023-05-15 11:16 PM PDT
Adastros,2023-05-16T07:05:46Z,- Adastros submitted pull request review: [4666](https://github.com/hackforla/website/pull/4666#pullrequestreview-1427866816) at 2023-05-16 12:05 AM PDT
Adastros,2023-05-17T01:47:44Z,- Adastros submitted pull request review: [4666](https://github.com/hackforla/website/pull/4666#pullrequestreview-1429669778) at 2023-05-16 06:47 PM PDT
Adastros,2023-05-17T01:48:00Z,- Adastros closed issue by PR 4666: [4473](https://github.com/hackforla/website/issues/4473#event-9263822503) at 2023-05-16 06:48 PM PDT
Adastros,2023-05-23T06:18:43Z,- Adastros commented on issue: [4136](https://github.com/hackforla/website/issues/4136#issuecomment-1558599739) at 2023-05-22 11:18 PM PDT
Adastros,2023-05-25T04:58:06Z,- Adastros commented on pull request: [4727](https://github.com/hackforla/website/pull/4727#issuecomment-1562267451) at 2023-05-24 09:58 PM PDT
Adastros,2023-05-25T05:00:07Z,- Adastros commented on issue: [4670](https://github.com/hackforla/website/issues/4670#issuecomment-1562269099) at 2023-05-24 10:00 PM PDT
Adastros,2023-05-25T06:44:20Z,- Adastros commented on pull request: [4726](https://github.com/hackforla/website/pull/4726#issuecomment-1562364979) at 2023-05-24 11:44 PM PDT
Adastros,2023-05-25T07:41:39Z,- Adastros submitted pull request review: [4726](https://github.com/hackforla/website/pull/4726#pullrequestreview-1443271892) at 2023-05-25 12:41 AM PDT
Adastros,2023-05-25T07:45:44Z,- Adastros submitted pull request review: [4726](https://github.com/hackforla/website/pull/4726#pullrequestreview-1443278608) at 2023-05-25 12:45 AM PDT
Adastros,2023-05-26T06:59:38Z,- Adastros commented on issue: [4662](https://github.com/hackforla/website/issues/4662#issuecomment-1563898221) at 2023-05-25 11:59 PM PDT
Adastros,2023-05-26T07:11:27Z,- Adastros commented on issue: [4662](https://github.com/hackforla/website/issues/4662#issuecomment-1563912965) at 2023-05-26 12:11 AM PDT
Adastros,2023-05-27T02:25:03Z,- Adastros commented on issue: [4662](https://github.com/hackforla/website/issues/4662#issuecomment-1565165859) at 2023-05-26 07:25 PM PDT
Adastros,2023-05-27T04:06:40Z,- Adastros commented on issue: [3975](https://github.com/hackforla/website/issues/3975#issuecomment-1565195706) at 2023-05-26 09:06 PM PDT
Adastros,2023-05-30T01:03:47Z,- Adastros commented on issue: [4662](https://github.com/hackforla/website/issues/4662#issuecomment-1567634442) at 2023-05-29 06:03 PM PDT
Adastros,2023-05-30T01:03:47Z,- Adastros closed issue as completed: [4662](https://github.com/hackforla/website/issues/4662#event-9372684446) at 2023-05-29 06:03 PM PDT
Adastros,2023-05-30T01:17:37Z,- Adastros closed issue by PR 4747: [4399](https://github.com/hackforla/website/issues/4399#event-9372744434) at 2023-05-29 06:17 PM PDT
Adastros,2023-05-31T03:58:20Z,- Adastros commented on issue: [3975](https://github.com/hackforla/website/issues/3975#issuecomment-1569460062) at 2023-05-30 08:58 PM PDT
Adastros,2023-06-01T04:57:07Z,- Adastros submitted pull request review: [4726](https://github.com/hackforla/website/pull/4726#pullrequestreview-1454557077) at 2023-05-31 09:57 PM PDT
Adastros,2023-06-06T04:22:42Z,- Adastros commented on pull request: [4764](https://github.com/hackforla/website/pull/4764#issuecomment-1577882380) at 2023-06-05 09:22 PM PDT
Adastros,2023-06-08T06:25:11Z,- Adastros submitted pull request review: [4764](https://github.com/hackforla/website/pull/4764#pullrequestreview-1469086516) at 2023-06-07 11:25 PM PDT
Adastros,2023-06-08T06:38:02Z,- Adastros submitted pull request review: [4764](https://github.com/hackforla/website/pull/4764#pullrequestreview-1469104569) at 2023-06-07 11:38 PM PDT
Adastros,2023-06-08T07:03:47Z,- Adastros commented on pull request: [4764](https://github.com/hackforla/website/pull/4764#issuecomment-1582000245) at 2023-06-08 12:03 AM PDT
Adastros,2023-06-08T07:06:20Z,- Adastros commented on pull request: [4764](https://github.com/hackforla/website/pull/4764#issuecomment-1582003633) at 2023-06-08 12:06 AM PDT
Adastros,2023-06-09T07:38:47Z,- Adastros commented on issue: [4769](https://github.com/hackforla/website/issues/4769#issuecomment-1584116605) at 2023-06-09 12:38 AM PDT
Adastros,2023-06-13T08:00:44Z,- Adastros commented on issue: [4769](https://github.com/hackforla/website/issues/4769#issuecomment-1588758037) at 2023-06-13 01:00 AM PDT
Adastros,2023-06-13T08:13:34Z,- Adastros commented on issue: [4769](https://github.com/hackforla/website/issues/4769#issuecomment-1588779300) at 2023-06-13 01:13 AM PDT
Adastros,2023-06-14T06:28:13Z,- Adastros commented on pull request: [4764](https://github.com/hackforla/website/pull/4764#issuecomment-1590553134) at 2023-06-13 11:28 PM PDT
Adastros,2023-06-14T06:35:13Z,- Adastros closed issue by PR 4789: [4758](https://github.com/hackforla/website/issues/4758#event-9524167822) at 2023-06-13 11:35 PM PDT
Adastros,2023-06-20T05:02:32Z,- Adastros closed issue by PR 4764: [3985](https://github.com/hackforla/website/issues/3985#event-9574970722) at 2023-06-19 10:02 PM PDT
Adastros,2023-06-20T05:05:17Z,- Adastros commented on issue: [4551](https://github.com/hackforla/website/issues/4551#issuecomment-1598122157) at 2023-06-19 10:05 PM PDT
Adastros,2023-06-20T05:14:48Z,- Adastros commented on issue: [4136](https://github.com/hackforla/website/issues/4136#issuecomment-1598129971) at 2023-06-19 10:14 PM PDT
Adastros,2023-06-27T05:13:35Z,- Adastros closed issue by PR 4882: [4529](https://github.com/hackforla/website/issues/4529#event-9646988550) at 2023-06-26 10:13 PM PDT
Adastros,2023-07-18T06:09:55Z,- Adastros commented on issue: [4916](https://github.com/hackforla/website/issues/4916#issuecomment-1639551543) at 2023-07-17 11:09 PM PDT
Adastros,2023-07-18T06:20:54Z,- Adastros closed issue by PR 4701: [4592](https://github.com/hackforla/website/issues/4592#event-9846077490) at 2023-07-17 11:20 PM PDT
Adastros,2023-07-18T06:27:35Z,- Adastros assigned to issue: [4769](https://github.com/hackforla/website/issues/4769#issuecomment-1629899672) at 2023-07-17 11:27 PM PDT
Adastros,2023-07-18T06:28:54Z,- Adastros commented on issue: [4769](https://github.com/hackforla/website/issues/4769#issuecomment-1639582479) at 2023-07-17 11:28 PM PDT
Adastros,2023-07-19T04:41:44Z,- Adastros commented on issue: [4903](https://github.com/hackforla/website/issues/4903#issuecomment-1641401166) at 2023-07-18 09:41 PM PDT
Adastros,2023-07-19T04:41:48Z,- Adastros reopened issue: [4903](https://github.com/hackforla/website/issues/4903#issuecomment-1641401166) at 2023-07-18 09:41 PM PDT
Adastros,2023-07-21T07:03:06Z,- Adastros commented on issue: [4769](https://github.com/hackforla/website/issues/4769#issuecomment-1645080163) at 2023-07-21 12:03 AM PDT
Adastros,2023-07-21T07:16:36Z,- Adastros commented on issue: [4916](https://github.com/hackforla/website/issues/4916#issuecomment-1645093533) at 2023-07-21 12:16 AM PDT
Adastros,2023-08-01T05:33:48Z,- Adastros commented on issue: [4769](https://github.com/hackforla/website/issues/4769#issuecomment-1659595835) at 2023-07-31 10:33 PM PDT
Adastros,2023-08-08T06:29:21Z,- Adastros closed issue by PR 5155: [5057](https://github.com/hackforla/website/issues/5057#event-10031404196) at 2023-08-07 11:29 PM PDT
Adastros,2023-08-15T06:21:47Z,- Adastros opened issue: [5233](https://github.com/hackforla/website/issues/5233) at 2023-08-14 11:21 PM PDT
Adastros,2023-08-15T06:22:00Z,- Adastros assigned to issue: [5233](https://github.com/hackforla/website/issues/5233) at 2023-08-14 11:22 PM PDT
Adastros,2023-08-22T06:06:23Z,- Adastros commented on issue: [5233](https://github.com/hackforla/website/issues/5233#issuecomment-1687498617) at 2023-08-21 11:06 PM PDT
Adastros,2023-08-22T06:47:26Z,- Adastros opened issue: [5282](https://github.com/hackforla/website/issues/5282) at 2023-08-21 11:47 PM PDT
Adastros,2023-08-22T06:51:45Z,- Adastros commented on issue: [5233](https://github.com/hackforla/website/issues/5233#issuecomment-1687577786) at 2023-08-21 11:51 PM PDT
Adastros,2023-08-29T05:09:05Z,- Adastros closed issue by PR 5327: [5288](https://github.com/hackforla/website/issues/5288#event-10216322821) at 2023-08-28 10:09 PM PDT
Adastros,2023-08-29T06:23:04Z,- Adastros opened issue: [5333](https://github.com/hackforla/website/issues/5333) at 2023-08-28 11:23 PM PDT
Adastros,2023-08-29T06:25:09Z,- Adastros commented on issue: [5233](https://github.com/hackforla/website/issues/5233#issuecomment-1696841831) at 2023-08-28 11:25 PM PDT
Adastros,2023-09-06T05:01:31Z,- Adastros submitted pull request review: [5401](https://github.com/hackforla/website/pull/5401#pullrequestreview-1612449400) at 2023-09-05 10:01 PM PDT
Adastros,2023-09-07T06:29:43Z,- Adastros commented on pull request: [5298](https://github.com/hackforla/website/pull/5298#issuecomment-1709551544) at 2023-09-06 11:29 PM PDT
Adastros,2023-09-07T06:41:42Z,- Adastros submitted pull request review: [5401](https://github.com/hackforla/website/pull/5401#pullrequestreview-1614682720) at 2023-09-06 11:41 PM PDT
Adastros,2023-09-07T06:42:22Z,- Adastros closed issue by PR 5401: [5175](https://github.com/hackforla/website/issues/5175#event-10303369559) at 2023-09-06 11:42 PM PDT
Adastros,2023-09-12T04:53:53Z,- Adastros submitted pull request review: [5469](https://github.com/hackforla/website/pull/5469#pullrequestreview-1621244432) at 2023-09-11 09:53 PM PDT
Adastros,2023-09-12T07:32:21Z,- Adastros submitted pull request review: [5298](https://github.com/hackforla/website/pull/5298#pullrequestreview-1621518072) at 2023-09-12 12:32 AM PDT
Adastros,2023-09-12T07:38:45Z,- Adastros commented on pull request: [5298](https://github.com/hackforla/website/pull/5298#issuecomment-1715166791) at 2023-09-12 12:38 AM PDT
Adastros,2023-09-19T06:12:57Z,- Adastros closed issue by PR 5553: [5427](https://github.com/hackforla/website/issues/5427#event-10406115403) at 2023-09-18 11:12 PM PDT
Adastros,2023-09-19T06:31:28Z,- Adastros submitted pull request review: [5546](https://github.com/hackforla/website/pull/5546#pullrequestreview-1632506786) at 2023-09-18 11:31 PM PDT
Adastros,2023-09-19T06:35:14Z,- Adastros commented on pull request: [5298](https://github.com/hackforla/website/pull/5298#issuecomment-1724909178) at 2023-09-18 11:35 PM PDT
Adastros,2023-09-21T04:37:27Z,- Adastros submitted pull request review: [5546](https://github.com/hackforla/website/pull/5546#pullrequestreview-1636871528) at 2023-09-20 09:37 PM PDT
Adastros,2023-09-26T04:38:59Z,- Adastros submitted pull request review: [5546](https://github.com/hackforla/website/pull/5546#pullrequestreview-1643328065) at 2023-09-25 09:38 PM PDT
Adastros,2023-09-26T04:39:21Z,- Adastros closed issue by PR 5546: [5324](https://github.com/hackforla/website/issues/5324#event-10469846810) at 2023-09-25 09:39 PM PDT
Adastros,2023-09-26T07:14:38Z,- Adastros submitted pull request review: [5298](https://github.com/hackforla/website/pull/5298#pullrequestreview-1643512834) at 2023-09-26 12:14 AM PDT
Adastros,2023-09-26T07:16:58Z,- Adastros closed issue by PR 5298: [4903](https://github.com/hackforla/website/issues/4903#event-10470990546) at 2023-09-26 12:16 AM PDT
Adastros,2023-10-03T05:27:34Z,- Adastros commented on issue: [4912](https://github.com/hackforla/website/issues/4912#issuecomment-1744236013) at 2023-10-02 10:27 PM PDT
Adastros,2023-10-03T05:27:34Z,- Adastros closed issue as completed: [4912](https://github.com/hackforla/website/issues/4912#event-10533332045) at 2023-10-02 10:27 PM PDT
Adastros,2023-10-03T05:28:57Z,- Adastros commented on issue: [4769](https://github.com/hackforla/website/issues/4769#issuecomment-1744237098) at 2023-10-02 10:28 PM PDT
Adastros,2023-10-03T05:28:57Z,- Adastros closed issue as completed: [4769](https://github.com/hackforla/website/issues/4769#event-10533340983) at 2023-10-02 10:28 PM PDT
Adastros,2023-10-10T06:58:22Z,- Adastros commented on issue: [5233](https://github.com/hackforla/website/issues/5233#issuecomment-1754536411) at 2023-10-09 11:58 PM PDT
Adastros,2023-10-17T05:50:31Z,- Adastros opened issue: [5730](https://github.com/hackforla/website/issues/5730) at 2023-10-16 10:50 PM PDT
Adastros,2023-10-17T06:52:02Z,- Adastros commented on issue: [5233](https://github.com/hackforla/website/issues/5233#issuecomment-1765778095) at 2023-10-16 11:52 PM PDT
Adastros,2023-10-24T06:43:47Z,- Adastros opened issue: [5770](https://github.com/hackforla/website/issues/5770) at 2023-10-23 11:43 PM PDT
Adastros,2023-10-24T06:44:56Z,- Adastros commented on issue: [5233](https://github.com/hackforla/website/issues/5233#issuecomment-1776621003) at 2023-10-23 11:44 PM PDT
Adastros,2023-10-31T06:00:19Z,- Adastros closed issue by PR 5793: [5754](https://github.com/hackforla/website/issues/5754#event-10816023774) at 2023-10-30 11:00 PM PDT
Adastros,2023-11-07T07:01:25Z,- Adastros submitted pull request review: [5858](https://github.com/hackforla/website/pull/5858#pullrequestreview-1716953939) at 2023-11-06 11:01 PM PST
Adastros,2023-11-08T05:24:59Z,- Adastros submitted pull request review: [5858](https://github.com/hackforla/website/pull/5858#pullrequestreview-1719388697) at 2023-11-07 09:24 PM PST
Adastros,2023-11-08T05:25:13Z,- Adastros closed issue by PR 5858: [5790](https://github.com/hackforla/website/issues/5790#event-10895747363) at 2023-11-07 09:25 PM PST
Adastros,2023-11-22T06:55:51Z,- Adastros commented on issue: [5333](https://github.com/hackforla/website/issues/5333#issuecomment-1822210449) at 2023-11-21 10:55 PM PST
Adastros,2024-01-12T06:08:59Z,- Adastros unassigned from issue: [5233](https://github.com/hackforla/website/issues/5233#issuecomment-1776621003) at 2024-01-11 10:08 PM PST
Adastros,2024-06-18T01:57:53Z,- Adastros unassigned from issue: [4530](https://github.com/hackforla/website/issues/4530#issuecomment-2174767374) at 2024-06-17 06:57 PM PDT
Adeola-Adesoba,2020-07-05T22:27:27Z,- Adeola-Adesoba commented on issue: [593](https://github.com/hackforla/website/issues/593#issuecomment-653946741) at 2020-07-05 03:27 PM PDT
adeoyevictor,5480,SKILLS ISSUE
adeoyevictor,2023-09-12T02:53:45Z,- adeoyevictor opened issue: [5480](https://github.com/hackforla/website/issues/5480) at 2023-09-11 07:53 PM PDT
adeoyevictor,2023-09-12T02:54:00Z,- adeoyevictor assigned to issue: [5480](https://github.com/hackforla/website/issues/5480#issuecomment-1714887437) at 2023-09-11 07:54 PM PDT
adevlinb,4171,SKILLS ISSUE
adevlinb,2023-03-14T03:25:04Z,- adevlinb opened issue: [4171](https://github.com/hackforla/website/issues/4171) at 2023-03-13 08:25 PM PDT
adevlinb,2023-03-14T03:25:24Z,- adevlinb assigned to issue: [4171](https://github.com/hackforla/website/issues/4171#issuecomment-1467294616) at 2023-03-13 08:25 PM PDT
adevlinb,2023-03-20T03:10:44Z,- adevlinb assigned to issue: [3874](https://github.com/hackforla/website/issues/3874) at 2023-03-19 08:10 PM PDT
adevlinb,2023-03-20T03:27:22Z,- adevlinb commented on issue: [3874](https://github.com/hackforla/website/issues/3874#issuecomment-1475559447) at 2023-03-19 08:27 PM PDT
adevlinb,2023-03-20T03:37:41Z,- adevlinb commented on issue: [4171](https://github.com/hackforla/website/issues/4171#issuecomment-1475564417) at 2023-03-19 08:37 PM PDT
adevlinb,2023-03-20T03:40:05Z,- adevlinb commented on issue: [3874](https://github.com/hackforla/website/issues/3874#issuecomment-1475568072) at 2023-03-19 08:40 PM PDT
adevlinb,2023-03-20T03:49:11Z,- adevlinb opened pull request: [4215](https://github.com/hackforla/website/pull/4215) at 2023-03-19 08:49 PM PDT
adevlinb,2023-03-21T16:19:58Z,- adevlinb commented on pull request: [4215](https://github.com/hackforla/website/pull/4215#issuecomment-1478160052) at 2023-03-21 09:19 AM PDT
adevlinb,2023-03-23T21:43:47Z,- adevlinb pull request merged: [4215](https://github.com/hackforla/website/pull/4215#event-8832757327) at 2023-03-23 02:43 PM PDT
adevlinb,2023-03-26T17:21:49Z,- adevlinb commented on pull request: [4292](https://github.com/hackforla/website/pull/4292#issuecomment-1484163529) at 2023-03-26 10:21 AM PDT
adevlinb,2023-03-26T19:53:53Z,- adevlinb submitted pull request review: [4292](https://github.com/hackforla/website/pull/4292#pullrequestreview-1358103348) at 2023-03-26 12:53 PM PDT
adevlinb,2023-03-27T23:23:41Z,- adevlinb commented on issue: [4171](https://github.com/hackforla/website/issues/4171#issuecomment-1485990725) at 2023-03-27 04:23 PM PDT
adevlinb,2023-03-27T23:34:08Z,- adevlinb commented on issue: [4239](https://github.com/hackforla/website/issues/4239#issuecomment-1485997658) at 2023-03-27 04:34 PM PDT
adevlinb,2023-03-27T23:43:41Z,- adevlinb assigned to issue: [3868](https://github.com/hackforla/website/issues/3868) at 2023-03-27 04:43 PM PDT
adevlinb,2023-03-28T00:16:18Z,- adevlinb commented on issue: [3868](https://github.com/hackforla/website/issues/3868#issuecomment-1486031394) at 2023-03-27 05:16 PM PDT
adevlinb,2023-03-28T21:06:13Z,- adevlinb opened pull request: [4305](https://github.com/hackforla/website/pull/4305) at 2023-03-28 02:06 PM PDT
adevlinb,2023-03-30T01:43:29Z,- adevlinb commented on pull request: [4305](https://github.com/hackforla/website/pull/4305#issuecomment-1489565683) at 2023-03-29 06:43 PM PDT
adevlinb,2023-03-30T20:12:52Z,- adevlinb pull request merged: [4305](https://github.com/hackforla/website/pull/4305#event-8891475647) at 2023-03-30 01:12 PM PDT
adevlinb,2023-04-06T22:21:56Z,- adevlinb commented on pull request: [4433](https://github.com/hackforla/website/pull/4433#issuecomment-1499698538) at 2023-04-06 03:21 PM PDT
adevlinb,2023-04-06T22:36:37Z,- adevlinb submitted pull request review: [4433](https://github.com/hackforla/website/pull/4433#pullrequestreview-1375653386) at 2023-04-06 03:36 PM PDT
adevlinb,2023-04-06T23:50:33Z,- adevlinb commented on pull request: [4309](https://github.com/hackforla/website/pull/4309#issuecomment-1499767488) at 2023-04-06 04:50 PM PDT
adevlinb,2023-04-06T23:51:02Z,- adevlinb submitted pull request review: [4309](https://github.com/hackforla/website/pull/4309#pullrequestreview-1375691012) at 2023-04-06 04:51 PM PDT
adevlinb,2023-04-18T02:27:13Z,- adevlinb commented on issue: [4171](https://github.com/hackforla/website/issues/4171#issuecomment-1512345959) at 2023-04-17 07:27 PM PDT
adevlinb,2023-04-18T06:11:02Z,- adevlinb commented on issue: [4171](https://github.com/hackforla/website/issues/4171#issuecomment-1512493407) at 2023-04-17 11:11 PM PDT
adevlinb,2023-04-23T23:14:21Z,- adevlinb commented on pull request: [4558](https://github.com/hackforla/website/pull/4558#issuecomment-1519191697) at 2023-04-23 04:14 PM PDT
adevlinb,2023-04-23T23:32:22Z,- adevlinb submitted pull request review: [4558](https://github.com/hackforla/website/pull/4558#pullrequestreview-1397011123) at 2023-04-23 04:32 PM PDT
adevlinb,2023-05-14T17:30:13Z,- adevlinb closed issue as completed: [4171](https://github.com/hackforla/website/issues/4171#event-9240490167) at 2023-05-14 10:30 AM PDT
ADITYAS1000,6882,SKILLS ISSUE
ADITYAS1000,2024-05-22T03:02:39Z,- ADITYAS1000 opened issue: [6882](https://github.com/hackforla/website/issues/6882) at 2024-05-21 08:02 PM PDT
ADITYAS1000,2024-05-22T03:14:22Z,- ADITYAS1000 assigned to issue: [6882](https://github.com/hackforla/website/issues/6882#issuecomment-2123782766) at 2024-05-21 08:14 PM PDT
ADITYAS1000,2024-07-20T00:36:24Z,- ADITYAS1000 assigned to issue: [6933](https://github.com/hackforla/website/issues/6933#issuecomment-2237891433) at 2024-07-19 05:36 PM PDT
ADITYAS1000,2024-07-20T00:38:37Z,- ADITYAS1000 unassigned from issue: [6933](https://github.com/hackforla/website/issues/6933#issuecomment-2237891433) at 2024-07-19 05:38 PM PDT
ADITYAS1000,2024-08-03T00:11:40Z,- ADITYAS1000 assigned to issue: [6933](https://github.com/hackforla/website/issues/6933#issuecomment-2237891433) at 2024-08-02 05:11 PM PDT
ADITYAS1000,2024-08-03T00:14:15Z,- ADITYAS1000 unassigned from issue: [6933](https://github.com/hackforla/website/issues/6933#issuecomment-2266290875) at 2024-08-02 05:14 PM PDT
adom2128,6244,SKILLS ISSUE
adom2128,2024-02-06T03:24:43Z,- adom2128 opened issue: [6244](https://github.com/hackforla/website/issues/6244) at 2024-02-05 07:24 PM PST
adom2128,2024-02-06T03:24:46Z,- adom2128 assigned to issue: [6244](https://github.com/hackforla/website/issues/6244) at 2024-02-05 07:24 PM PST
adrian-zaragoza,2021-08-13T03:54:49Z,- adrian-zaragoza opened pull request: [2107](https://github.com/hackforla/website/pull/2107) at 2021-08-12 08:54 PM PDT
adrian-zaragoza,2021-08-16T07:02:06Z,- adrian-zaragoza pull request merged: [2107](https://github.com/hackforla/website/pull/2107#event-5161243973) at 2021-08-16 12:02 AM PDT
adrian-zaragoza,2021-08-19T02:30:26Z,- adrian-zaragoza submitted pull request review: [2120](https://github.com/hackforla/website/pull/2120#pullrequestreview-733498905) at 2021-08-18 07:30 PM PDT
adrian-zaragoza,2021-08-19T03:14:18Z,- adrian-zaragoza assigned to issue: [2093](https://github.com/hackforla/website/issues/2093) at 2021-08-18 08:14 PM PDT
adrian-zaragoza,2021-08-20T03:48:34Z,- adrian-zaragoza opened pull request: [2131](https://github.com/hackforla/website/pull/2131) at 2021-08-19 08:48 PM PDT
adrian-zaragoza,2021-08-20T23:10:19Z,- adrian-zaragoza assigned to issue: [2082](https://github.com/hackforla/website/issues/2082) at 2021-08-20 04:10 PM PDT
adrian-zaragoza,2021-08-20T23:35:24Z,- adrian-zaragoza opened pull request: [2150](https://github.com/hackforla/website/pull/2150) at 2021-08-20 04:35 PM PDT
adrian-zaragoza,2021-08-21T00:16:19Z,- adrian-zaragoza commented on pull request: [2150](https://github.com/hackforla/website/pull/2150#issuecomment-903017615) at 2021-08-20 05:16 PM PDT
adrian-zaragoza,2021-08-21T00:36:26Z,- adrian-zaragoza opened issue: [2151](https://github.com/hackforla/website/issues/2151) at 2021-08-20 05:36 PM PDT
adrian-zaragoza,2021-08-21T21:43:00Z,- adrian-zaragoza pull request merged: [2131](https://github.com/hackforla/website/pull/2131#event-5190216236) at 2021-08-21 02:43 PM PDT
adrian-zaragoza,2021-08-24T02:30:42Z,- adrian-zaragoza submitted pull request review: [2136](https://github.com/hackforla/website/pull/2136#pullrequestreview-736725614) at 2021-08-23 07:30 PM PDT
adrian-zaragoza,2021-08-24T02:55:33Z,- adrian-zaragoza submitted pull request review: [2157](https://github.com/hackforla/website/pull/2157#pullrequestreview-736735057) at 2021-08-23 07:55 PM PDT
adrian-zaragoza,2021-08-24T05:29:55Z,- adrian-zaragoza opened issue: [2170](https://github.com/hackforla/website/issues/2170) at 2021-08-23 10:29 PM PDT
adrian-zaragoza,2021-08-24T05:38:32Z,- adrian-zaragoza submitted pull request review: [2136](https://github.com/hackforla/website/pull/2136#pullrequestreview-736802278) at 2021-08-23 10:38 PM PDT
adrian-zaragoza,2021-08-25T00:07:28Z,- adrian-zaragoza commented on issue: [2170](https://github.com/hackforla/website/issues/2170#issuecomment-905056240) at 2021-08-24 05:07 PM PDT
adrian-zaragoza,2021-08-27T18:09:26Z,- adrian-zaragoza submitted pull request review: [2157](https://github.com/hackforla/website/pull/2157#pullrequestreview-740776101) at 2021-08-27 11:09 AM PDT
adrian-zaragoza,2021-08-27T18:21:03Z,- adrian-zaragoza commented on pull request: [2150](https://github.com/hackforla/website/pull/2150#issuecomment-907388637) at 2021-08-27 11:21 AM PDT
adrian-zaragoza,2021-08-27T18:21:03Z,- adrian-zaragoza pull request closed w/o merging: [2150](https://github.com/hackforla/website/pull/2150#event-5220067407) at 2021-08-27 11:21 AM PDT
adrian-zaragoza,2021-08-27T18:53:29Z,- adrian-zaragoza opened pull request: [2189](https://github.com/hackforla/website/pull/2189) at 2021-08-27 11:53 AM PDT
adrian-zaragoza,2021-08-27T18:56:44Z,- adrian-zaragoza commented on issue: [2082](https://github.com/hackforla/website/issues/2082#issuecomment-907407980) at 2021-08-27 11:56 AM PDT
adrian-zaragoza,2021-08-27T20:22:42Z,- adrian-zaragoza commented on issue: [2151](https://github.com/hackforla/website/issues/2151#issuecomment-907456020) at 2021-08-27 01:22 PM PDT
adrian-zaragoza,2021-08-28T05:54:10Z,- adrian-zaragoza pull request merged: [2189](https://github.com/hackforla/website/pull/2189#event-5221351896) at 2021-08-27 10:54 PM PDT
adrian-zaragoza,2021-08-31T03:13:43Z,- adrian-zaragoza commented on issue: [2082](https://github.com/hackforla/website/issues/2082#issuecomment-908863243) at 2021-08-30 08:13 PM PDT
adrian-zaragoza,2021-08-31T03:13:44Z,- adrian-zaragoza closed issue by PR 2189: [2082](https://github.com/hackforla/website/issues/2082#event-5229762852) at 2021-08-30 08:13 PM PDT
adrian-zaragoza,2021-08-31T03:35:39Z,- adrian-zaragoza submitted pull request review: [2196](https://github.com/hackforla/website/pull/2196#pullrequestreview-742246339) at 2021-08-30 08:35 PM PDT
adrian-zaragoza,2021-08-31T03:47:28Z,- adrian-zaragoza submitted pull request review: [2195](https://github.com/hackforla/website/pull/2195#pullrequestreview-742250277) at 2021-08-30 08:47 PM PDT
adrian-zaragoza,2021-08-31T03:53:21Z,- adrian-zaragoza assigned to issue: [2129](https://github.com/hackforla/website/issues/2129#issuecomment-902306108) at 2021-08-30 08:53 PM PDT
adrian-zaragoza,2021-09-01T02:39:55Z,- adrian-zaragoza assigned to issue: [2128](https://github.com/hackforla/website/issues/2128#issuecomment-901372018) at 2021-08-31 07:39 PM PDT
adrian-zaragoza,2021-09-03T01:47:06Z,- adrian-zaragoza submitted pull request review: [2209](https://github.com/hackforla/website/pull/2209#pullrequestreview-745644589) at 2021-09-02 06:47 PM PDT
adrian-zaragoza,2021-09-03T01:53:24Z,- adrian-zaragoza unassigned from issue: [2129](https://github.com/hackforla/website/issues/2129#issuecomment-902306108) at 2021-09-02 06:53 PM PDT
adrian-zaragoza,2021-09-03T05:09:43Z,- adrian-zaragoza commented on issue: [2128](https://github.com/hackforla/website/issues/2128#issuecomment-912259479) at 2021-09-02 10:09 PM PDT
adrian-zaragoza,2021-09-04T03:37:41Z,- adrian-zaragoza commented on issue: [2128](https://github.com/hackforla/website/issues/2128#issuecomment-912900469) at 2021-09-03 08:37 PM PDT
adrian-zaragoza,2021-09-04T03:41:22Z,- adrian-zaragoza commented on issue: [2128](https://github.com/hackforla/website/issues/2128#issuecomment-912900752) at 2021-09-03 08:41 PM PDT
adrian-zaragoza,2021-09-08T01:24:50Z,- adrian-zaragoza commented on issue: [2128](https://github.com/hackforla/website/issues/2128#issuecomment-914775037) at 2021-09-07 06:24 PM PDT
adrian-zaragoza,2021-09-10T03:27:11Z,- adrian-zaragoza submitted pull request review: [2223](https://github.com/hackforla/website/pull/2223#pullrequestreview-751017947) at 2021-09-09 08:27 PM PDT
adrian-zaragoza,2021-09-12T20:20:26Z,- adrian-zaragoza commented on issue: [2027](https://github.com/hackforla/website/issues/2027#issuecomment-917703807) at 2021-09-12 01:20 PM PDT
adrian-zaragoza,2021-09-16T04:43:27Z,- adrian-zaragoza opened issue: [2283](https://github.com/hackforla/website/issues/2283) at 2021-09-15 09:43 PM PDT
adrian-zaragoza,2021-09-17T03:43:55Z,- adrian-zaragoza submitted pull request review: [2262](https://github.com/hackforla/website/pull/2262#pullrequestreview-757028777) at 2021-09-16 08:43 PM PDT
adrian-zaragoza,2021-09-19T17:06:49Z,- adrian-zaragoza assigned to issue: [2176](https://github.com/hackforla/website/issues/2176) at 2021-09-19 10:06 AM PDT
adrian-zaragoza,2021-09-21T04:33:50Z,- adrian-zaragoza opened issue: [2290](https://github.com/hackforla/website/issues/2290) at 2021-09-20 09:33 PM PDT
adrian-zaragoza,2021-09-21T04:48:30Z,- adrian-zaragoza opened issue: [2291](https://github.com/hackforla/website/issues/2291) at 2021-09-20 09:48 PM PDT
adrian-zaragoza,2021-09-21T04:54:58Z,- adrian-zaragoza opened issue: [2292](https://github.com/hackforla/website/issues/2292) at 2021-09-20 09:54 PM PDT
adrian-zaragoza,2021-09-21T04:59:45Z,- adrian-zaragoza opened issue: [2293](https://github.com/hackforla/website/issues/2293) at 2021-09-20 09:59 PM PDT
adrian-zaragoza,2021-09-21T05:08:37Z,- adrian-zaragoza opened issue: [2295](https://github.com/hackforla/website/issues/2295) at 2021-09-20 10:08 PM PDT
adrian-zaragoza,2021-09-21T05:16:15Z,- adrian-zaragoza commented on issue: [2027](https://github.com/hackforla/website/issues/2027#issuecomment-923633721) at 2021-09-20 10:16 PM PDT
adrian-zaragoza,2021-09-22T00:27:38Z,- adrian-zaragoza commented on issue: [2128](https://github.com/hackforla/website/issues/2128#issuecomment-924485952) at 2021-09-21 05:27 PM PDT
adrian-zaragoza,2021-09-22T00:27:39Z,- adrian-zaragoza closed issue as completed: [2128](https://github.com/hackforla/website/issues/2128#event-5339578013) at 2021-09-21 05:27 PM PDT
adrian-zaragoza,2021-09-24T23:54:54Z,- adrian-zaragoza commented on issue: [2283](https://github.com/hackforla/website/issues/2283#issuecomment-926974064) at 2021-09-24 04:54 PM PDT
adrian-zaragoza,2021-10-01T17:30:34Z,- adrian-zaragoza commented on issue: [2176](https://github.com/hackforla/website/issues/2176#issuecomment-932423967) at 2021-10-01 10:30 AM PDT
adrian-zaragoza,2021-10-04T00:03:58Z,- adrian-zaragoza assigned to issue: [2202](https://github.com/hackforla/website/issues/2202#issuecomment-933053132) at 2021-10-03 05:03 PM PDT
adrian-zaragoza,2021-10-06T05:33:35Z,- adrian-zaragoza opened pull request: [2340](https://github.com/hackforla/website/pull/2340) at 2021-10-05 10:33 PM PDT
adrian-zaragoza,2021-10-10T20:07:12Z,- adrian-zaragoza commented on issue: [2202](https://github.com/hackforla/website/issues/2202#issuecomment-939544677) at 2021-10-10 01:07 PM PDT
adrian-zaragoza,2021-10-10T23:09:12Z,- adrian-zaragoza assigned to issue: [2291](https://github.com/hackforla/website/issues/2291#issuecomment-923621047) at 2021-10-10 04:09 PM PDT
adrian-zaragoza,2021-10-10T23:10:26Z,- adrian-zaragoza unassigned from issue: [2291](https://github.com/hackforla/website/issues/2291#issuecomment-923621047) at 2021-10-10 04:10 PM PDT
adrian-zaragoza,2021-10-11T19:23:02Z,- adrian-zaragoza commented on issue: [2202](https://github.com/hackforla/website/issues/2202#issuecomment-940381356) at 2021-10-11 12:23 PM PDT
adrian-zaragoza,2021-10-13T02:19:12Z,- adrian-zaragoza commented on issue: [2363](https://github.com/hackforla/website/issues/2363#issuecomment-941853468) at 2021-10-12 07:19 PM PDT
adrian-zaragoza,2021-10-13T02:20:14Z,- adrian-zaragoza commented on issue: [2363](https://github.com/hackforla/website/issues/2363#issuecomment-941853942) at 2021-10-12 07:20 PM PDT
adrian-zaragoza,2021-10-13T02:23:47Z,- adrian-zaragoza commented on issue: [2363](https://github.com/hackforla/website/issues/2363#issuecomment-941855332) at 2021-10-12 07:23 PM PDT
adrian-zaragoza,2021-10-13T02:26:05Z,- adrian-zaragoza commented on issue: [2363](https://github.com/hackforla/website/issues/2363#issuecomment-941856241) at 2021-10-12 07:26 PM PDT
adrian-zaragoza,2021-10-13T02:27:22Z,- adrian-zaragoza commented on issue: [2363](https://github.com/hackforla/website/issues/2363#issuecomment-941856760) at 2021-10-12 07:27 PM PDT
adrian-zaragoza,2021-10-13T02:34:15Z,- adrian-zaragoza commented on issue: [2363](https://github.com/hackforla/website/issues/2363#issuecomment-941859545) at 2021-10-12 07:34 PM PDT
adrian-zaragoza,2021-10-13T02:36:23Z,- adrian-zaragoza commented on issue: [2363](https://github.com/hackforla/website/issues/2363#issuecomment-941860353) at 2021-10-12 07:36 PM PDT
adrian-zaragoza,2021-10-18T23:58:59Z,- adrian-zaragoza commented on issue: [2176](https://github.com/hackforla/website/issues/2176#issuecomment-946256419) at 2021-10-18 04:58 PM PDT
adrian-zaragoza,2021-10-19T22:59:51Z,- adrian-zaragoza pull request merged: [2340](https://github.com/hackforla/website/pull/2340#event-5488342355) at 2021-10-19 03:59 PM PDT
adrian-zaragoza,2021-10-20T02:54:25Z,- adrian-zaragoza assigned to issue: [2162](https://github.com/hackforla/website/issues/2162#issuecomment-918763090) at 2021-10-19 07:54 PM PDT
adrian-zaragoza,2021-10-20T03:30:52Z,- adrian-zaragoza commented on issue: [2162](https://github.com/hackforla/website/issues/2162#issuecomment-947294058) at 2021-10-19 08:30 PM PDT
adrian-zaragoza,2021-10-20T03:42:21Z,- adrian-zaragoza opened pull request: [2377](https://github.com/hackforla/website/pull/2377) at 2021-10-19 08:42 PM PDT
adrian-zaragoza,2021-10-20T05:54:19Z,- adrian-zaragoza pull request merged: [2377](https://github.com/hackforla/website/pull/2377#event-5489448869) at 2021-10-19 10:54 PM PDT
adrian-zaragoza,2021-10-29T16:22:01Z,- adrian-zaragoza commented on issue: [2128](https://github.com/hackforla/website/issues/2128#issuecomment-954877365) at 2021-10-29 09:22 AM PDT
adrian-zaragoza,2021-10-29T16:24:00Z,- adrian-zaragoza commented on issue: [2202](https://github.com/hackforla/website/issues/2202#issuecomment-954878854) at 2021-10-29 09:24 AM PDT
adrian-zaragoza,2021-10-30T22:37:00Z,- adrian-zaragoza assigned to issue: [2357](https://github.com/hackforla/website/issues/2357#issuecomment-939432794) at 2021-10-30 03:37 PM PDT
adrian-zaragoza,2021-10-31T19:40:38Z,- adrian-zaragoza opened pull request: [2412](https://github.com/hackforla/website/pull/2412) at 2021-10-31 12:40 PM PDT
adrian-zaragoza,2021-10-31T19:46:37Z,- adrian-zaragoza commented on issue: [2357](https://github.com/hackforla/website/issues/2357#issuecomment-955780737) at 2021-10-31 12:46 PM PDT
adrian-zaragoza,2021-11-03T01:09:34Z,- adrian-zaragoza submitted pull request review: [2411](https://github.com/hackforla/website/pull/2411#pullrequestreview-796036865) at 2021-11-02 06:09 PM PDT
adrian-zaragoza,2021-11-03T01:10:05Z,- adrian-zaragoza closed issue by PR 2411: [1571](https://github.com/hackforla/website/issues/1571#event-5559010036) at 2021-11-02 06:10 PM PDT
adrian-zaragoza,2021-11-03T02:25:37Z,- adrian-zaragoza assigned to issue: [2173](https://github.com/hackforla/website/issues/2173#issuecomment-904894268) at 2021-11-02 07:25 PM PDT
adrian-zaragoza,2021-11-08T17:03:22Z,- adrian-zaragoza pull request merged: [2412](https://github.com/hackforla/website/pull/2412#event-5584370713) at 2021-11-08 09:03 AM PST
adrian-zaragoza,2021-11-13T19:01:05Z,- adrian-zaragoza submitted pull request review: [2470](https://github.com/hackforla/website/pull/2470#pullrequestreview-805394627) at 2021-11-13 11:01 AM PST
adrian-zaragoza,2021-11-15T05:49:16Z,- adrian-zaragoza opened issue: [2489](https://github.com/hackforla/website/issues/2489) at 2021-11-14 09:49 PM PST
adrian-zaragoza,2021-11-15T05:55:03Z,- adrian-zaragoza opened issue: [2490](https://github.com/hackforla/website/issues/2490) at 2021-11-14 09:55 PM PST
adrian-zaragoza,2021-11-28T17:56:44Z,- adrian-zaragoza unassigned from issue: [2173](https://github.com/hackforla/website/issues/2173#issuecomment-979746752) at 2021-11-28 09:56 AM PST
adrian-zaragoza,2021-11-28T19:58:59Z,- adrian-zaragoza commented on issue: [2173](https://github.com/hackforla/website/issues/2173#issuecomment-981142519) at 2021-11-28 11:58 AM PST
adrianang,4718,SKILLS ISSUE
adrianang,2023-05-24T03:14:14Z,- adrianang opened issue: [4718](https://github.com/hackforla/website/issues/4718) at 2023-05-23 08:14 PM PDT
adrianang,2023-05-24T03:14:15Z,- adrianang assigned to issue: [4718](https://github.com/hackforla/website/issues/4718) at 2023-05-23 08:14 PM PDT
adrianang,2023-06-19T01:32:53Z,- adrianang assigned to issue: [4841](https://github.com/hackforla/website/issues/4841) at 2023-06-18 06:32 PM PDT
adrianang,2023-06-19T01:39:52Z,- adrianang unassigned from issue: [4841](https://github.com/hackforla/website/issues/4841#issuecomment-1596357347) at 2023-06-18 06:39 PM PDT
adrianang,2023-06-19T01:46:34Z,- adrianang assigned to issue: [4790](https://github.com/hackforla/website/issues/4790#issuecomment-1586221219) at 2023-06-18 06:46 PM PDT
adrianang,2023-06-19T15:56:22Z,- adrianang commented on issue: [4790](https://github.com/hackforla/website/issues/4790#issuecomment-1597423288) at 2023-06-19 08:56 AM PDT
adrianang,2023-06-19T16:00:54Z,- adrianang commented on issue: [4718](https://github.com/hackforla/website/issues/4718#issuecomment-1597430022) at 2023-06-19 09:00 AM PDT
adrianang,2023-06-23T08:51:38Z,- adrianang commented on issue: [4790](https://github.com/hackforla/website/issues/4790#issuecomment-1603951213) at 2023-06-23 01:51 AM PDT
adrianang,2023-06-23T18:17:51Z,- adrianang assigned to issue: [4529](https://github.com/hackforla/website/issues/4529#issuecomment-1594228537) at 2023-06-23 11:17 AM PDT
adrianang,2023-06-23T19:11:10Z,- adrianang commented on issue: [4529](https://github.com/hackforla/website/issues/4529#issuecomment-1604753427) at 2023-06-23 12:11 PM PDT
adrianang,2023-06-26T05:41:36Z,- adrianang opened pull request: [4882](https://github.com/hackforla/website/pull/4882) at 2023-06-25 10:41 PM PDT
adrianang,2023-06-27T05:13:33Z,- adrianang pull request merged: [4882](https://github.com/hackforla/website/pull/4882#event-9646988394) at 2023-06-26 10:13 PM PDT
adrianang,2023-06-27T05:47:41Z,- adrianang assigned to issue: [2288](https://github.com/hackforla/website/issues/2288#issuecomment-1586250052) at 2023-06-26 10:47 PM PDT
adrianang,2023-06-27T08:23:54Z,- adrianang commented on issue: [2288](https://github.com/hackforla/website/issues/2288#issuecomment-1609029424) at 2023-06-27 01:23 AM PDT
adrianang,2023-06-28T08:03:58Z,- adrianang commented on pull request: [4890](https://github.com/hackforla/website/pull/4890#issuecomment-1610955087) at 2023-06-28 01:03 AM PDT
adrianang,2023-06-30T08:08:39Z,- adrianang submitted pull request review: [4890](https://github.com/hackforla/website/pull/4890#pullrequestreview-1506721997) at 2023-06-30 01:08 AM PDT
adrianang,2023-07-02T09:13:44Z,- adrianang commented on issue: [2288](https://github.com/hackforla/website/issues/2288#issuecomment-1616504956) at 2023-07-02 02:13 AM PDT
adrianang,2023-07-05T00:11:51Z,- adrianang opened pull request: [4911](https://github.com/hackforla/website/pull/4911) at 2023-07-04 05:11 PM PDT
adrianang,2023-07-05T01:44:35Z,- adrianang submitted pull request review: [4896](https://github.com/hackforla/website/pull/4896#pullrequestreview-1513542749) at 2023-07-04 06:44 PM PDT
adrianang,2023-07-05T05:33:25Z,- adrianang submitted pull request review: [4896](https://github.com/hackforla/website/pull/4896#pullrequestreview-1513688283) at 2023-07-04 10:33 PM PDT
adrianang,2023-07-05T19:55:53Z,- adrianang pull request merged: [4911](https://github.com/hackforla/website/pull/4911#event-9735853515) at 2023-07-05 12:55 PM PDT
adrianang,2023-07-07T07:50:04Z,- adrianang submitted pull request review: [4896](https://github.com/hackforla/website/pull/4896#pullrequestreview-1518207502) at 2023-07-07 12:50 AM PDT
adrianang,2023-07-07T08:14:07Z,- adrianang commented on issue: [4718](https://github.com/hackforla/website/issues/4718#issuecomment-1624992650) at 2023-07-07 01:14 AM PDT
adrianang,2023-07-07T08:48:17Z,- adrianang assigned to issue: [4507](https://github.com/hackforla/website/issues/4507#issuecomment-1517320880) at 2023-07-07 01:48 AM PDT
adrianang,2023-07-07T09:44:28Z,- adrianang commented on issue: [4507](https://github.com/hackforla/website/issues/4507#issuecomment-1625148299) at 2023-07-07 02:44 AM PDT
adrianang,2023-07-08T23:15:21Z,- adrianang commented on pull request: [4896](https://github.com/hackforla/website/pull/4896#issuecomment-1627540829) at 2023-07-08 04:15 PM PDT
adrianang,2023-07-09T09:14:48Z,- adrianang opened pull request: [4926](https://github.com/hackforla/website/pull/4926) at 2023-07-09 02:14 AM PDT
adrianang,2023-07-10T07:24:16Z,- adrianang commented on pull request: [4896](https://github.com/hackforla/website/pull/4896#issuecomment-1628386893) at 2023-07-10 12:24 AM PDT
adrianang,2023-07-10T08:20:12Z,- adrianang commented on pull request: [4925](https://github.com/hackforla/website/pull/4925#issuecomment-1628475438) at 2023-07-10 01:20 AM PDT
adrianang,2023-07-10T08:39:46Z,- adrianang commented on pull request: [4925](https://github.com/hackforla/website/pull/4925#issuecomment-1628506366) at 2023-07-10 01:39 AM PDT
adrianang,2023-07-11T04:38:13Z,- adrianang commented on pull request: [4928](https://github.com/hackforla/website/pull/4928#issuecomment-1630103314) at 2023-07-10 09:38 PM PDT
adrianang,2023-07-11T04:48:35Z,- adrianang commented on pull request: [4896](https://github.com/hackforla/website/pull/4896#issuecomment-1630110611) at 2023-07-10 09:48 PM PDT
adrianang,2023-07-11T07:56:21Z,- adrianang submitted pull request review: [4928](https://github.com/hackforla/website/pull/4928#pullrequestreview-1523669818) at 2023-07-11 12:56 AM PDT
adrianang,2023-07-12T06:52:19Z,- adrianang submitted pull request review: [4896](https://github.com/hackforla/website/pull/4896#pullrequestreview-1525639502) at 2023-07-11 11:52 PM PDT
adrianang,2023-07-15T09:11:36Z,- adrianang commented on pull request: [4928](https://github.com/hackforla/website/pull/4928#issuecomment-1636716912) at 2023-07-15 02:11 AM PDT
adrianang,2023-07-16T03:06:49Z,- adrianang pull request merged: [4926](https://github.com/hackforla/website/pull/4926#event-9830276834) at 2023-07-15 08:06 PM PDT
adrianang,2023-07-16T09:09:05Z,- adrianang submitted pull request review: [4928](https://github.com/hackforla/website/pull/4928#pullrequestreview-1531707387) at 2023-07-16 02:09 AM PDT
adrianang,2023-07-16T11:09:13Z,- adrianang assigned to issue: [2306](https://github.com/hackforla/website/issues/2306#issuecomment-1554142329) at 2023-07-16 04:09 AM PDT
adrianang,2023-07-16T11:12:19Z,- adrianang commented on issue: [2306](https://github.com/hackforla/website/issues/2306#issuecomment-1637055358) at 2023-07-16 04:12 AM PDT
adrianang,2023-07-17T06:42:33Z,- adrianang commented on pull request: [4950](https://github.com/hackforla/website/pull/4950#issuecomment-1637465475) at 2023-07-16 11:42 PM PDT
adrianang,2023-07-17T18:35:30Z,- adrianang submitted pull request review: [4925](https://github.com/hackforla/website/pull/4925#pullrequestreview-1533439791) at 2023-07-17 11:35 AM PDT
adrianang,2023-07-20T10:21:47Z,- adrianang submitted pull request review: [4950](https://github.com/hackforla/website/pull/4950#pullrequestreview-1538938476) at 2023-07-20 03:21 AM PDT
adrianang,2023-07-20T10:42:24Z,- adrianang closed issue by PR 4950: [3732](https://github.com/hackforla/website/issues/3732#event-9872854848) at 2023-07-20 03:42 AM PDT
adrianang,2023-07-22T10:36:46Z,- adrianang submitted pull request review: [5006](https://github.com/hackforla/website/pull/5006#pullrequestreview-1542079769) at 2023-07-22 03:36 AM PDT
adrianang,2023-07-22T10:37:19Z,- adrianang closed issue by PR 5006: [4954](https://github.com/hackforla/website/issues/4954#event-9890911332) at 2023-07-22 03:37 AM PDT
adrianang,2023-07-22T11:11:43Z,- adrianang commented on pull request: [5043](https://github.com/hackforla/website/pull/5043#issuecomment-1646559597) at 2023-07-22 04:11 AM PDT
adrianang,2023-07-22T11:30:32Z,- adrianang submitted pull request review: [5043](https://github.com/hackforla/website/pull/5043#pullrequestreview-1542084036) at 2023-07-22 04:30 AM PDT
adrianang,2023-07-22T11:38:20Z,- adrianang commented on pull request: [5044](https://github.com/hackforla/website/pull/5044#issuecomment-1646563617) at 2023-07-22 04:38 AM PDT
adrianang,2023-07-22T11:57:48Z,- adrianang commented on issue: [4919](https://github.com/hackforla/website/issues/4919#issuecomment-1646566548) at 2023-07-22 04:57 AM PDT
adrianang,2023-07-22T12:05:41Z,- adrianang commented on pull request: [5046](https://github.com/hackforla/website/pull/5046#issuecomment-1646568104) at 2023-07-22 05:05 AM PDT
adrianang,2023-07-22T12:18:49Z,- adrianang commented on pull request: [5047](https://github.com/hackforla/website/pull/5047#issuecomment-1646570722) at 2023-07-22 05:18 AM PDT
adrianang,2023-07-22T19:42:37Z,- adrianang commented on pull request: [5047](https://github.com/hackforla/website/pull/5047#issuecomment-1646657935) at 2023-07-22 12:42 PM PDT
adrianang,2023-07-23T17:10:56Z,- adrianang commented on pull request: [5050](https://github.com/hackforla/website/pull/5050#issuecomment-1646894135) at 2023-07-23 10:10 AM PDT
adrianang,2023-07-26T01:39:07Z,- adrianang commented on pull request: [5051](https://github.com/hackforla/website/pull/5051#issuecomment-1650835444) at 2023-07-25 06:39 PM PDT
adrianang,2023-07-27T03:19:25Z,- adrianang submitted pull request review: [5043](https://github.com/hackforla/website/pull/5043#pullrequestreview-1548934839) at 2023-07-26 08:19 PM PDT
adrianang,2023-07-27T03:21:49Z,- adrianang closed issue by PR 5043: [5027](https://github.com/hackforla/website/issues/5027#event-9930866277) at 2023-07-26 08:21 PM PDT
adrianang,2023-07-27T04:55:13Z,- adrianang submitted pull request review: [5051](https://github.com/hackforla/website/pull/5051#pullrequestreview-1548998641) at 2023-07-26 09:55 PM PDT
adrianang,2023-07-27T11:00:54Z,- adrianang commented on pull request: [5037](https://github.com/hackforla/website/pull/5037#issuecomment-1653389377) at 2023-07-27 04:00 AM PDT
adrianang,2023-07-28T11:25:08Z,- adrianang commented on issue: [4718](https://github.com/hackforla/website/issues/4718#issuecomment-1655522780) at 2023-07-28 04:25 AM PDT
adrianang,2023-07-28T11:27:05Z,- adrianang commented on issue: [2306](https://github.com/hackforla/website/issues/2306#issuecomment-1655524921) at 2023-07-28 04:27 AM PDT
adrianang,2023-07-28T11:55:22Z,- adrianang submitted pull request review: [5049](https://github.com/hackforla/website/pull/5049#pullrequestreview-1551981675) at 2023-07-28 04:55 AM PDT
adrianang,2023-07-28T11:55:41Z,- adrianang closed issue by PR 5049: [4415](https://github.com/hackforla/website/issues/4415#event-9947301425) at 2023-07-28 04:55 AM PDT
adrianang,2023-07-28T12:04:40Z,- adrianang submitted pull request review: [5056](https://github.com/hackforla/website/pull/5056#pullrequestreview-1551993112) at 2023-07-28 05:04 AM PDT
adrianang,2023-07-28T12:05:53Z,- adrianang closed issue by PR 5056: [4939](https://github.com/hackforla/website/issues/4939#event-9947377316) at 2023-07-28 05:05 AM PDT
adrianang,2023-07-28T12:20:45Z,- adrianang commented on pull request: [5058](https://github.com/hackforla/website/pull/5058#issuecomment-1655591755) at 2023-07-28 05:20 AM PDT
adrianang,2023-07-29T05:21:44Z,- adrianang submitted pull request review: [5058](https://github.com/hackforla/website/pull/5058#pullrequestreview-1553206639) at 2023-07-28 10:21 PM PDT
adrianang,2023-07-29T06:04:23Z,- adrianang submitted pull request review: [5061](https://github.com/hackforla/website/pull/5061#pullrequestreview-1553214803) at 2023-07-28 11:04 PM PDT
adrianang,2023-07-29T06:04:58Z,- adrianang closed issue by PR 5061: [4809](https://github.com/hackforla/website/issues/4809#event-9953848402) at 2023-07-28 11:04 PM PDT
adrianang,2023-07-29T10:42:40Z,- adrianang submitted pull request review: [5063](https://github.com/hackforla/website/pull/5063#pullrequestreview-1553264162) at 2023-07-29 03:42 AM PDT
adrianang,2023-07-29T10:43:11Z,- adrianang closed issue by PR 5063: [4813](https://github.com/hackforla/website/issues/4813#event-9954270812) at 2023-07-29 03:43 AM PDT
adrianang,2023-07-29T11:01:00Z,- adrianang submitted pull request review: [5093](https://github.com/hackforla/website/pull/5093#pullrequestreview-1553265458) at 2023-07-29 04:01 AM PDT
adrianang,2023-07-29T11:01:12Z,- adrianang closed issue by PR 5093: [4798](https://github.com/hackforla/website/issues/4798#event-9954289132) at 2023-07-29 04:01 AM PDT
adrianang,2023-07-29T11:12:40Z,- adrianang submitted pull request review: [5097](https://github.com/hackforla/website/pull/5097#pullrequestreview-1553266367) at 2023-07-29 04:12 AM PDT
adrianang,2023-07-29T11:12:59Z,- adrianang closed issue by PR 5097: [4802](https://github.com/hackforla/website/issues/4802#event-9954302255) at 2023-07-29 04:12 AM PDT
adrianang,2023-07-29T11:30:19Z,- adrianang commented on pull request: [5103](https://github.com/hackforla/website/pull/5103#issuecomment-1656709785) at 2023-07-29 04:30 AM PDT
adrianang,2023-07-29T11:39:47Z,- adrianang submitted pull request review: [5107](https://github.com/hackforla/website/pull/5107#pullrequestreview-1553268590) at 2023-07-29 04:39 AM PDT
adrianang,2023-07-30T02:21:33Z,- adrianang submitted pull request review: [5051](https://github.com/hackforla/website/pull/5051#pullrequestreview-1553537594) at 2023-07-29 07:21 PM PDT
adrianang,2023-07-30T02:41:28Z,- adrianang submitted pull request review: [5058](https://github.com/hackforla/website/pull/5058#pullrequestreview-1553538512) at 2023-07-29 07:41 PM PDT
adrianang,2023-07-30T02:43:09Z,- adrianang closed issue by PR 5058: [5038](https://github.com/hackforla/website/issues/5038#event-9955919021) at 2023-07-29 07:43 PM PDT
adrianang,2023-07-30T03:04:20Z,- adrianang commented on pull request: [5095](https://github.com/hackforla/website/pull/5095#issuecomment-1657003717) at 2023-07-29 08:04 PM PDT
adrianang,2023-07-30T04:32:56Z,- adrianang commented on pull request: [5055](https://github.com/hackforla/website/pull/5055#issuecomment-1657040122) at 2023-07-29 09:32 PM PDT
adrianang,2023-07-30T05:10:46Z,- adrianang submitted pull request review: [5055](https://github.com/hackforla/website/pull/5055#pullrequestreview-1553578780) at 2023-07-29 10:10 PM PDT
adrianang,2023-07-31T00:21:26Z,- adrianang submitted pull request review: [5095](https://github.com/hackforla/website/pull/5095#pullrequestreview-1553738935) at 2023-07-30 05:21 PM PDT
adrianang,2023-07-31T00:22:41Z,- adrianang closed issue by PR 5095: [4917](https://github.com/hackforla/website/issues/4917#event-9957754663) at 2023-07-30 05:22 PM PDT
adrianang,2023-07-31T02:49:02Z,- adrianang submitted pull request review: [5037](https://github.com/hackforla/website/pull/5037#pullrequestreview-1553850783) at 2023-07-30 07:49 PM PDT
adrianang,2023-07-31T03:04:51Z,- adrianang commented on pull request: [5107](https://github.com/hackforla/website/pull/5107#issuecomment-1657430221) at 2023-07-30 08:04 PM PDT
adrianang,2023-08-02T10:05:29Z,- adrianang commented on pull request: [5107](https://github.com/hackforla/website/pull/5107#issuecomment-1661926213) at 2023-08-02 03:05 AM PDT
adrianang,2023-08-02T10:20:22Z,- adrianang commented on pull request: [5055](https://github.com/hackforla/website/pull/5055#issuecomment-1661947666) at 2023-08-02 03:20 AM PDT
adrianang,2023-08-05T06:42:59Z,- adrianang submitted pull request review: [5112](https://github.com/hackforla/website/pull/5112#pullrequestreview-1563794463) at 2023-08-04 11:42 PM PDT
adrianang,2023-08-05T06:44:26Z,- adrianang closed issue by PR 5112: [5003](https://github.com/hackforla/website/issues/5003#event-10014600284) at 2023-08-04 11:44 PM PDT
adrianang,2023-08-05T21:47:12Z,- adrianang submitted pull request review: [5122](https://github.com/hackforla/website/pull/5122#pullrequestreview-1564021040) at 2023-08-05 02:47 PM PDT
adrianang,2023-08-05T21:47:22Z,- adrianang closed issue by PR 5122: [4804](https://github.com/hackforla/website/issues/4804#event-10016137352) at 2023-08-05 02:47 PM PDT
adrianang,2023-08-05T22:21:06Z,- adrianang submitted pull request review: [5128](https://github.com/hackforla/website/pull/5128#pullrequestreview-1564024479) at 2023-08-05 03:21 PM PDT
adrianang,2023-08-05T22:21:18Z,- adrianang closed issue by PR 5128: [4913](https://github.com/hackforla/website/issues/4913#event-10016174398) at 2023-08-05 03:21 PM PDT
adrianang,2023-08-06T01:20:19Z,- adrianang submitted pull request review: [5130](https://github.com/hackforla/website/pull/5130#pullrequestreview-1564042398) at 2023-08-05 06:20 PM PDT
adrianang,2023-08-06T01:21:11Z,- adrianang submitted pull request review: [5130](https://github.com/hackforla/website/pull/5130#pullrequestreview-1564042457) at 2023-08-05 06:21 PM PDT
adrianang,2023-08-06T01:21:37Z,- adrianang closed issue by PR 5130: [4299](https://github.com/hackforla/website/issues/4299#event-10016360927) at 2023-08-05 06:21 PM PDT
adrianang,2023-08-06T01:37:14Z,- adrianang submitted pull request review: [5133](https://github.com/hackforla/website/pull/5133#pullrequestreview-1564043992) at 2023-08-05 06:37 PM PDT
adrianang,2023-08-06T01:37:27Z,- adrianang closed issue by PR 5133: [4805](https://github.com/hackforla/website/issues/4805#event-10016377452) at 2023-08-05 06:37 PM PDT
adrianang,2023-08-06T01:49:52Z,- adrianang submitted pull request review: [5142](https://github.com/hackforla/website/pull/5142#pullrequestreview-1564044877) at 2023-08-05 06:49 PM PDT
adrianang,2023-08-06T01:50:05Z,- adrianang closed issue by PR 5142: [5139](https://github.com/hackforla/website/issues/5139#event-10016391340) at 2023-08-05 06:50 PM PDT
adrianang,2023-08-06T02:27:04Z,- adrianang submitted pull request review: [5144](https://github.com/hackforla/website/pull/5144#pullrequestreview-1564048152) at 2023-08-05 07:27 PM PDT
adrianang,2023-08-06T02:36:32Z,- adrianang submitted pull request review: [5145](https://github.com/hackforla/website/pull/5145#pullrequestreview-1564049049) at 2023-08-05 07:36 PM PDT
adrianang,2023-08-06T02:36:54Z,- adrianang closed issue by PR 5145: [5138](https://github.com/hackforla/website/issues/5138#event-10016436832) at 2023-08-05 07:36 PM PDT
adrianang,2023-08-06T02:58:20Z,- adrianang submitted pull request review: [5123](https://github.com/hackforla/website/pull/5123#pullrequestreview-1564051900) at 2023-08-05 07:58 PM PDT
adrianang,2023-08-06T03:38:05Z,- adrianang commented on pull request: [5055](https://github.com/hackforla/website/pull/5055#issuecomment-1666698231) at 2023-08-05 08:38 PM PDT
adrianang,2023-08-06T11:38:55Z,- adrianang closed issue by PR 5144: [4808](https://github.com/hackforla/website/issues/4808#event-10017148705) at 2023-08-06 04:38 AM PDT
adrianang,2023-08-09T07:52:26Z,- adrianang submitted pull request review: [5123](https://github.com/hackforla/website/pull/5123#pullrequestreview-1568960214) at 2023-08-09 12:52 AM PDT
adrianang,2023-08-09T07:52:48Z,- adrianang closed issue by PR 5123: [4801](https://github.com/hackforla/website/issues/4801#event-10043593072) at 2023-08-09 12:52 AM PDT
adrianang,2023-08-09T08:02:38Z,- adrianang submitted pull request review: [5055](https://github.com/hackforla/website/pull/5055#pullrequestreview-1568978189) at 2023-08-09 01:02 AM PDT
adrianang,2023-08-10T09:41:48Z,- adrianang submitted pull request review: [5055](https://github.com/hackforla/website/pull/5055#pullrequestreview-1571476989) at 2023-08-10 02:41 AM PDT
adrianang,2023-08-10T09:43:18Z,- adrianang closed issue by PR 5055: [4504](https://github.com/hackforla/website/issues/4504#event-10057111736) at 2023-08-10 02:43 AM PDT
adrianang,2023-08-19T23:04:06Z,- adrianang commented on pull request: [5235](https://github.com/hackforla/website/pull/5235#issuecomment-1685127905) at 2023-08-19 04:04 PM PDT
adrianang,2023-08-19T23:04:31Z,- adrianang closed issue by PR 5235: [5031](https://github.com/hackforla/website/issues/5031#event-10137159611) at 2023-08-19 04:04 PM PDT
adrianang,2023-08-19T23:48:24Z,- adrianang submitted pull request review: [5240](https://github.com/hackforla/website/pull/5240#pullrequestreview-1585767407) at 2023-08-19 04:48 PM PDT
adrianang,2023-08-19T23:48:37Z,- adrianang closed issue by PR 5240: [5201](https://github.com/hackforla/website/issues/5201#event-10137191549) at 2023-08-19 04:48 PM PDT
adrianang,2023-08-19T23:58:22Z,- adrianang submitted pull request review: [5241](https://github.com/hackforla/website/pull/5241#pullrequestreview-1585767842) at 2023-08-19 04:58 PM PDT
adrianang,2023-08-19T23:59:03Z,- adrianang closed issue by PR 5241: [5197](https://github.com/hackforla/website/issues/5197#event-10137198073) at 2023-08-19 04:59 PM PDT
adrianang,2023-08-20T00:06:49Z,- adrianang submitted pull request review: [5243](https://github.com/hackforla/website/pull/5243#pullrequestreview-1585768359) at 2023-08-19 05:06 PM PDT
adrianang,2023-08-20T00:07:02Z,- adrianang closed issue by PR 5243: [5147](https://github.com/hackforla/website/issues/5147#event-10137207260) at 2023-08-19 05:07 PM PDT
adrianang,2023-08-20T02:33:27Z,- adrianang submitted pull request review: [5245](https://github.com/hackforla/website/pull/5245#pullrequestreview-1585775354) at 2023-08-19 07:33 PM PDT
adrianang,2023-08-20T02:58:33Z,- adrianang submitted pull request review: [5247](https://github.com/hackforla/website/pull/5247#pullrequestreview-1585776358) at 2023-08-19 07:58 PM PDT
adrianang,2023-08-20T02:58:54Z,- adrianang closed issue by PR 5247: [5150](https://github.com/hackforla/website/issues/5150#event-10137355023) at 2023-08-19 07:58 PM PDT
adrianang,2023-08-20T03:23:43Z,- adrianang submitted pull request review: [5250](https://github.com/hackforla/website/pull/5250#pullrequestreview-1585777471) at 2023-08-19 08:23 PM PDT
adrianang,2023-08-22T04:18:59Z,- adrianang submitted pull request review: [5245](https://github.com/hackforla/website/pull/5245#pullrequestreview-1588245099) at 2023-08-21 09:18 PM PDT
adrianang,2023-08-22T04:19:07Z,- adrianang closed issue by PR 5245: [5186](https://github.com/hackforla/website/issues/5186#event-10152774426) at 2023-08-21 09:19 PM PDT
adrianang,2023-08-27T02:17:28Z,- adrianang submitted pull request review: [5263](https://github.com/hackforla/website/pull/5263#pullrequestreview-1597063686) at 2023-08-26 07:17 PM PDT
adrianang,2023-08-27T02:18:04Z,- adrianang closed issue by PR 5263: [5184](https://github.com/hackforla/website/issues/5184#event-10201003687) at 2023-08-26 07:18 PM PDT
adrianang,2023-08-27T02:29:19Z,- adrianang submitted pull request review: [5276](https://github.com/hackforla/website/pull/5276#pullrequestreview-1597064296) at 2023-08-26 07:29 PM PDT
adrianang,2023-08-27T02:29:52Z,- adrianang closed issue by PR 5276: [5267](https://github.com/hackforla/website/issues/5267#event-10201014294) at 2023-08-26 07:29 PM PDT
adrianang,2023-08-27T02:40:59Z,- adrianang submitted pull request review: [5283](https://github.com/hackforla/website/pull/5283#pullrequestreview-1597064865) at 2023-08-26 07:40 PM PDT
adrianang,2023-08-27T02:41:23Z,- adrianang closed issue by PR 5283: [5199](https://github.com/hackforla/website/issues/5199#event-10201023611) at 2023-08-26 07:41 PM PDT
adrianang,2023-08-27T02:57:42Z,- adrianang submitted pull request review: [5284](https://github.com/hackforla/website/pull/5284#pullrequestreview-1597065755) at 2023-08-26 07:57 PM PDT
adrianang,2023-08-27T02:57:53Z,- adrianang closed issue by PR 5284: [5256](https://github.com/hackforla/website/issues/5256#event-10201036442) at 2023-08-26 07:57 PM PDT
adrianang,2023-08-27T03:07:15Z,- adrianang submitted pull request review: [5262](https://github.com/hackforla/website/pull/5262#pullrequestreview-1597066262) at 2023-08-26 08:07 PM PDT
adrianang,2023-08-27T03:08:56Z,- adrianang closed issue by PR 5262: [5185](https://github.com/hackforla/website/issues/5185#event-10201045922) at 2023-08-26 08:08 PM PDT
adrianang,2023-08-27T03:32:45Z,- adrianang submitted pull request review: [5294](https://github.com/hackforla/website/pull/5294#pullrequestreview-1597067585) at 2023-08-26 08:32 PM PDT
adrianang,2023-08-27T03:33:02Z,- adrianang closed issue by PR 5294: [5173](https://github.com/hackforla/website/issues/5173#event-10201065596) at 2023-08-26 08:33 PM PDT
adrianang,2023-08-27T03:47:54Z,- adrianang submitted pull request review: [5295](https://github.com/hackforla/website/pull/5295#pullrequestreview-1597068313) at 2023-08-26 08:47 PM PDT
adrianang,2023-08-27T03:48:16Z,- adrianang closed issue by PR 5295: [5140](https://github.com/hackforla/website/issues/5140#event-10201076178) at 2023-08-26 08:48 PM PDT
adrianang,2023-08-27T03:57:08Z,- adrianang commented on pull request: [5296](https://github.com/hackforla/website/pull/5296#issuecomment-1694562699) at 2023-08-26 08:57 PM PDT
adrianang,2023-08-27T11:13:52Z,- adrianang commented on issue: [2306](https://github.com/hackforla/website/issues/2306#issuecomment-1694639204) at 2023-08-27 04:13 AM PDT
adrianang,2023-09-03T00:00:47Z,- adrianang submitted pull request review: [5397](https://github.com/hackforla/website/pull/5397#pullrequestreview-1608393726) at 2023-09-02 05:00 PM PDT
adrianang,2023-09-03T00:00:57Z,- adrianang closed issue by PR 5397: [5369](https://github.com/hackforla/website/issues/5369#event-10265025978) at 2023-09-02 05:00 PM PDT
adrianang,2023-09-03T00:14:33Z,- adrianang submitted pull request review: [5398](https://github.com/hackforla/website/pull/5398#pullrequestreview-1608394787) at 2023-09-02 05:14 PM PDT
adrianang,2023-09-03T00:25:34Z,- adrianang submitted pull request review: [5399](https://github.com/hackforla/website/pull/5399#pullrequestreview-1608395485) at 2023-09-02 05:25 PM PDT
adrianang,2023-09-03T00:26:53Z,- adrianang closed issue by PR 5399: [5153](https://github.com/hackforla/website/issues/5153#event-10265059643) at 2023-09-02 05:26 PM PDT
adrianang,2023-09-03T00:35:51Z,- adrianang commented on pull request: [5400](https://github.com/hackforla/website/pull/5400#issuecomment-1703973538) at 2023-09-02 05:35 PM PDT
adrianang,2023-09-04T10:34:42Z,- adrianang submitted pull request review: [5398](https://github.com/hackforla/website/pull/5398#pullrequestreview-1609254118) at 2023-09-04 03:34 AM PDT
adrianang,2023-09-04T10:34:54Z,- adrianang closed issue by PR 5398: [4466](https://github.com/hackforla/website/issues/4466#event-10272381851) at 2023-09-04 03:34 AM PDT
adrianang,2023-10-08T08:50:55Z,- adrianang submitted pull request review: [5643](https://github.com/hackforla/website/pull/5643#pullrequestreview-1663189975) at 2023-10-08 01:50 AM PDT
adrianang,2023-10-08T08:51:10Z,- adrianang closed issue by PR 5643: [5177](https://github.com/hackforla/website/issues/5177#event-10583601265) at 2023-10-08 01:51 AM PDT
adrianang,2023-10-08T09:15:20Z,- adrianang submitted pull request review: [5659](https://github.com/hackforla/website/pull/5659#pullrequestreview-1663193343) at 2023-10-08 02:15 AM PDT
adrianang,2023-10-08T09:15:42Z,- adrianang closed issue by PR 5659: [5631](https://github.com/hackforla/website/issues/5631#event-10583640417) at 2023-10-08 02:15 AM PDT
adrianang,2023-10-08T09:39:48Z,- adrianang submitted pull request review: [5663](https://github.com/hackforla/website/pull/5663#pullrequestreview-1663198975) at 2023-10-08 02:39 AM PDT
adrianang,2023-10-08T09:41:18Z,- adrianang closed issue by PR 5663: [5628](https://github.com/hackforla/website/issues/5628#event-10583687044) at 2023-10-08 02:41 AM PDT
adrianang,2023-10-08T10:04:56Z,- adrianang submitted pull request review: [5664](https://github.com/hackforla/website/pull/5664#pullrequestreview-1663202578) at 2023-10-08 03:04 AM PDT
adrianang,2023-10-08T10:05:11Z,- adrianang closed issue by PR 5664: [5319](https://github.com/hackforla/website/issues/5319#event-10583722928) at 2023-10-08 03:05 AM PDT
adrianang,2023-10-08T10:23:21Z,- adrianang submitted pull request review: [5658](https://github.com/hackforla/website/pull/5658#pullrequestreview-1663205403) at 2023-10-08 03:23 AM PDT
adrianang,2023-10-08T10:36:17Z,- adrianang commented on pull request: [5667](https://github.com/hackforla/website/pull/5667#issuecomment-1751993138) at 2023-10-08 03:36 AM PDT
adrianang,2023-10-11T01:35:26Z,- adrianang submitted pull request review: [5658](https://github.com/hackforla/website/pull/5658#pullrequestreview-1669593507) at 2023-10-10 06:35 PM PDT
adrianang,2023-10-11T01:35:35Z,- adrianang closed issue by PR 5658: [5588](https://github.com/hackforla/website/issues/5588#event-10611988566) at 2023-10-10 06:35 PM PDT
adrianang,2023-10-22T11:07:37Z,- adrianang commented on issue: [5747](https://github.com/hackforla/website/issues/5747#issuecomment-1774063999) at 2023-10-22 04:07 AM PDT
adrianang,2023-10-22T11:07:37Z,- adrianang closed issue as completed: [5747](https://github.com/hackforla/website/issues/5747#event-10733078149) at 2023-10-22 04:07 AM PDT
adrianang,2023-10-22T11:08:50Z,- adrianang reopened issue: [5747](https://github.com/hackforla/website/issues/5747#event-10733078149) at 2023-10-22 04:08 AM PDT
adrianang,2023-10-22T11:10:05Z,- adrianang commented on pull request: [5748](https://github.com/hackforla/website/pull/5748#issuecomment-1774064441) at 2023-10-22 04:10 AM PDT
adrianang,2023-10-22T11:11:40Z,- adrianang commented on issue: [5747](https://github.com/hackforla/website/issues/5747#issuecomment-1774064796) at 2023-10-22 04:11 AM PDT
adrianang,2023-10-22T11:11:40Z,- adrianang closed issue as not planned: [5747](https://github.com/hackforla/website/issues/5747#event-10733084482) at 2023-10-22 04:11 AM PDT
adrianang,2023-11-03T09:02:10Z,- adrianang opened pull request: [5834](https://github.com/hackforla/website/pull/5834) at 2023-11-03 02:02 AM PDT
adrianang,2023-11-05T11:32:42Z,- adrianang commented on pull request: [5834](https://github.com/hackforla/website/pull/5834#issuecomment-1793710886) at 2023-11-05 03:32 AM PST
adrianang,2023-11-08T21:43:12Z,- adrianang pull request merged: [5834](https://github.com/hackforla/website/pull/5834#event-10906130262) at 2023-11-08 01:43 PM PST
agosmou,3787,SKILLS ISSUE
agosmou,2023-01-04T04:47:58Z,- agosmou opened issue: [3787](https://github.com/hackforla/website/issues/3787) at 2023-01-03 08:47 PM PST
agosmou,2023-02-13T09:41:29Z,- agosmou commented on issue: [3787](https://github.com/hackforla/website/issues/3787#issuecomment-1427628560) at 2023-02-13 01:41 AM PST
agosmou,2023-02-16T01:56:08Z,- agosmou commented on issue: [3787](https://github.com/hackforla/website/issues/3787#issuecomment-1432358642) at 2023-02-15 05:56 PM PST
agosmou,2023-02-21T04:36:57Z,- agosmou assigned to issue: [3787](https://github.com/hackforla/website/issues/3787#issuecomment-1437772588) at 2023-02-20 08:36 PM PST
agosmou,2023-02-21T04:37:39Z,- agosmou unassigned from issue: [3787](https://github.com/hackforla/website/issues/3787#issuecomment-1437772588) at 2023-02-20 08:37 PM PST
agosmou,2023-02-21T04:37:42Z,- agosmou assigned to issue: [3787](https://github.com/hackforla/website/issues/3787#issuecomment-1437772588) at 2023-02-20 08:37 PM PST
agosmou,2023-02-21T04:38:41Z,- agosmou unassigned from issue: [3787](https://github.com/hackforla/website/issues/3787#issuecomment-1437772588) at 2023-02-20 08:38 PM PST
agosmou,2023-02-21T04:38:42Z,- agosmou assigned to issue: [3787](https://github.com/hackforla/website/issues/3787#issuecomment-1437772588) at 2023-02-20 08:38 PM PST
agosmou,2023-02-21T05:17:44Z,- agosmou commented on issue: [3787](https://github.com/hackforla/website/issues/3787#issuecomment-1437874914) at 2023-02-20 09:17 PM PST
agosmou,2023-03-06T09:02:33Z,- agosmou commented on issue: [3787](https://github.com/hackforla/website/issues/3787#issuecomment-1455739090) at 2023-03-06 01:02 AM PST
agosmou,2023-03-06T09:06:47Z,- agosmou commented on issue: [3787](https://github.com/hackforla/website/issues/3787#issuecomment-1455745973) at 2023-03-06 01:06 AM PST
agosmou,2023-03-15T01:26:24Z,- agosmou assigned to issue: [3987](https://github.com/hackforla/website/issues/3987) at 2023-03-14 06:26 PM PDT
agosmou,2023-03-15T01:44:50Z,- agosmou commented on issue: [3987](https://github.com/hackforla/website/issues/3987#issuecomment-1469155989) at 2023-03-14 06:44 PM PDT
agosmou,2023-03-15T03:03:12Z,- agosmou opened pull request: [4191](https://github.com/hackforla/website/pull/4191) at 2023-03-14 08:03 PM PDT
agosmou,2023-03-20T03:28:53Z,- agosmou pull request merged: [4191](https://github.com/hackforla/website/pull/4191#event-8789834228) at 2023-03-19 08:28 PM PDT
agosmou,2023-04-14T21:19:22Z,- agosmou assigned to issue: [4450](https://github.com/hackforla/website/issues/4450) at 2023-04-14 02:19 PM PDT
agosmou,2023-04-14T22:58:46Z,- agosmou commented on issue: [3787](https://github.com/hackforla/website/issues/3787#issuecomment-1509373629) at 2023-04-14 03:58 PM PDT
agosmou,2023-04-14T23:03:11Z,- agosmou unassigned from issue: [4450](https://github.com/hackforla/website/issues/4450#issuecomment-1509285200) at 2023-04-14 04:03 PM PDT
agosmou,2023-04-14T23:03:35Z,- agosmou commented on issue: [4450](https://github.com/hackforla/website/issues/4450#issuecomment-1509376520) at 2023-04-14 04:03 PM PDT
agosmou,2023-04-14T23:04:34Z,- agosmou assigned to issue: [4382](https://github.com/hackforla/website/issues/4382) at 2023-04-14 04:04 PM PDT
agosmou,2023-04-14T23:37:33Z,- agosmou opened pull request: [4519](https://github.com/hackforla/website/pull/4519) at 2023-04-14 04:37 PM PDT
agosmou,2023-04-14T23:49:54Z,- agosmou commented on issue: [4382](https://github.com/hackforla/website/issues/4382#issuecomment-1509400329) at 2023-04-14 04:49 PM PDT
agosmou,2023-04-15T04:31:57Z,- agosmou commented on pull request: [4519](https://github.com/hackforla/website/pull/4519#issuecomment-1509498707) at 2023-04-14 09:31 PM PDT
agosmou,2023-04-15T22:23:22Z,- agosmou commented on pull request: [4519](https://github.com/hackforla/website/pull/4519#issuecomment-1509989606) at 2023-04-15 03:23 PM PDT
agosmou,2023-04-17T21:46:32Z,- agosmou pull request merged: [4519](https://github.com/hackforla/website/pull/4519#event-9029423084) at 2023-04-17 02:46 PM PDT
agosmou,2023-04-17T23:46:31Z,- agosmou commented on issue: [3787](https://github.com/hackforla/website/issues/3787#issuecomment-1512243501) at 2023-04-17 04:46 PM PDT
agosmou,2023-04-19T03:30:15Z,- agosmou assigned to issue: [4450](https://github.com/hackforla/website/issues/4450#issuecomment-1509376520) at 2023-04-18 08:30 PM PDT
agosmou,2023-04-19T03:31:32Z,- agosmou commented on issue: [4450](https://github.com/hackforla/website/issues/4450#issuecomment-1514082577) at 2023-04-18 08:31 PM PDT
agosmou,2023-04-19T19:09:14Z,- agosmou opened pull request: [4548](https://github.com/hackforla/website/pull/4548) at 2023-04-19 12:09 PM PDT
agosmou,2023-04-19T19:16:52Z,- agosmou commented on issue: [4450](https://github.com/hackforla/website/issues/4450#issuecomment-1515246447) at 2023-04-19 12:16 PM PDT
agosmou,2023-04-20T19:28:22Z,- agosmou pull request merged: [4548](https://github.com/hackforla/website/pull/4548#event-9060817451) at 2023-04-20 12:28 PM PDT
agosmou,2023-04-24T00:08:26Z,- agosmou commented on issue: [3787](https://github.com/hackforla/website/issues/3787#issuecomment-1519203754) at 2023-04-23 05:08 PM PDT
agosmou,2023-04-26T18:53:42Z,- agosmou commented on issue: [3787](https://github.com/hackforla/website/issues/3787#issuecomment-1523895984) at 2023-04-26 11:53 AM PDT
agosmou,2023-04-27T08:43:13Z,- agosmou opened pull request: [4573](https://github.com/hackforla/website/pull/4573) at 2023-04-27 01:43 AM PDT
agosmou,2023-04-27T08:59:13Z,- agosmou submitted pull request review: [4569](https://github.com/hackforla/website/pull/4569#pullrequestreview-1403544518) at 2023-04-27 01:59 AM PDT
agosmou,2023-04-27T09:01:30Z,- agosmou submitted pull request review: [4570](https://github.com/hackforla/website/pull/4570#pullrequestreview-1403551816) at 2023-04-27 02:01 AM PDT
agosmou,2023-04-28T18:21:16Z,- agosmou commented on pull request: [4573](https://github.com/hackforla/website/pull/4573#issuecomment-1527931681) at 2023-04-28 11:21 AM PDT
agosmou,2023-04-28T18:27:43Z,- agosmou commented on pull request: [4573](https://github.com/hackforla/website/pull/4573#issuecomment-1527937801) at 2023-04-28 11:27 AM PDT
agosmou,2023-04-28T19:53:59Z,- agosmou commented on pull request: [4573](https://github.com/hackforla/website/pull/4573#issuecomment-1528020138) at 2023-04-28 12:53 PM PDT
agosmou,2023-04-28T21:45:38Z,- agosmou commented on pull request: [4573](https://github.com/hackforla/website/pull/4573#issuecomment-1528125064) at 2023-04-28 02:45 PM PDT
agosmou,2023-05-02T04:19:06Z,- agosmou pull request merged: [4573](https://github.com/hackforla/website/pull/4573#event-9141592994) at 2023-05-01 09:19 PM PDT
agosmou,2023-05-02T06:27:45Z,- agosmou commented on issue: [3787](https://github.com/hackforla/website/issues/3787#issuecomment-1530950659) at 2023-05-01 11:27 PM PDT
agosmou,2023-05-08T05:51:32Z,- agosmou assigned to issue: [4593](https://github.com/hackforla/website/issues/4593#issuecomment-1534089848) at 2023-05-07 10:51 PM PDT
agosmou,2023-05-08T05:53:27Z,- agosmou commented on issue: [4593](https://github.com/hackforla/website/issues/4593#issuecomment-1537790486) at 2023-05-07 10:53 PM PDT
agosmou,2023-05-08T06:00:46Z,- agosmou commented on issue: [3787](https://github.com/hackforla/website/issues/3787#issuecomment-1537796637) at 2023-05-07 11:00 PM PDT
agosmou,2023-05-16T06:11:56Z,- agosmou commented on issue: [4593](https://github.com/hackforla/website/issues/4593#issuecomment-1549050520) at 2023-05-15 11:11 PM PDT
agosmou,2023-05-18T03:53:52Z,- agosmou commented on issue: [4593](https://github.com/hackforla/website/issues/4593#issuecomment-1552364944) at 2023-05-17 08:53 PM PDT
agosmou,2023-05-18T19:12:16Z,- agosmou commented on issue: [4593](https://github.com/hackforla/website/issues/4593#issuecomment-1553519289) at 2023-05-18 12:12 PM PDT
agosmou,2023-05-18T21:26:36Z,- agosmou opened pull request: [4694](https://github.com/hackforla/website/pull/4694) at 2023-05-18 02:26 PM PDT
agosmou,2023-05-18T21:31:24Z,- agosmou commented on issue: [3787](https://github.com/hackforla/website/issues/3787#issuecomment-1553671300) at 2023-05-18 02:31 PM PDT
agosmou,2023-05-19T05:52:06Z,- agosmou opened issue: [4699](https://github.com/hackforla/website/issues/4699) at 2023-05-18 10:52 PM PDT
agosmou,2023-05-21T04:25:48Z,- agosmou commented on pull request: [4694](https://github.com/hackforla/website/pull/4694#issuecomment-1556079615) at 2023-05-20 09:25 PM PDT
agosmou,2023-05-21T06:15:11Z,- agosmou pull request merged: [4694](https://github.com/hackforla/website/pull/4694#event-9295443462) at 2023-05-20 11:15 PM PDT
agosmou,2023-05-22T00:00:45Z,- agosmou commented on issue: [3787](https://github.com/hackforla/website/issues/3787#issuecomment-1556334390) at 2023-05-21 05:00 PM PDT
agosmou,2023-05-22T00:02:26Z,- agosmou commented on issue: [3787](https://github.com/hackforla/website/issues/3787#issuecomment-1556335233) at 2023-05-21 05:02 PM PDT
agosmou,2023-05-30T04:58:36Z,- agosmou assigned to issue: [4753](https://github.com/hackforla/website/issues/4753) at 2023-05-29 09:58 PM PDT
agosmou,2023-05-30T04:59:15Z,- agosmou commented on issue: [4753](https://github.com/hackforla/website/issues/4753#issuecomment-1567755228) at 2023-05-29 09:59 PM PDT
agosmou,2023-05-31T05:35:10Z,- agosmou opened pull request: [4760](https://github.com/hackforla/website/pull/4760) at 2023-05-30 10:35 PM PDT
agosmou,2023-06-01T04:43:23Z,- agosmou commented on pull request: [4760](https://github.com/hackforla/website/pull/4760#issuecomment-1571329647) at 2023-05-31 09:43 PM PDT
agosmou,2023-06-01T14:50:36Z,- agosmou commented on pull request: [4760](https://github.com/hackforla/website/pull/4760#issuecomment-1572204493) at 2023-06-01 07:50 AM PDT
agosmou,2023-06-01T19:40:11Z,- agosmou pull request merged: [4760](https://github.com/hackforla/website/pull/4760#event-9407247915) at 2023-06-01 12:40 PM PDT
agosmou,2023-06-02T03:27:13Z,- agosmou opened issue: [4769](https://github.com/hackforla/website/issues/4769) at 2023-06-01 08:27 PM PDT
agosmou,2023-06-02T03:35:04Z,- agosmou opened issue: [4770](https://github.com/hackforla/website/issues/4770) at 2023-06-01 08:35 PM PDT
agosmou,2023-06-12T23:25:30Z,- agosmou commented on issue: [3787](https://github.com/hackforla/website/issues/3787#issuecomment-1588242939) at 2023-06-12 04:25 PM PDT
agosmou,2023-07-05T21:47:28Z,- agosmou commented on issue: [3787](https://github.com/hackforla/website/issues/3787#issuecomment-1622571219) at 2023-07-05 02:47 PM PDT
agosmou,2024-02-20T23:39:43Z,- agosmou unassigned from issue: [4593](https://github.com/hackforla/website/issues/4593#issuecomment-1955364698) at 2024-02-20 03:39 PM PST
aguilar-victor,8007,SKILLS ISSUE
aguilar-victor,2025-03-19T03:43:18Z,- aguilar-victor opened issue: [8007](https://github.com/hackforla/website/issues/8007) at 2025-03-18 08:43 PM PDT
aguilar-victor,2025-03-19T03:43:19Z,- aguilar-victor assigned to issue: [8007](https://github.com/hackforla/website/issues/8007) at 2025-03-18 08:43 PM PDT
agutiernc,4984,SKILLS ISSUE
agutiernc,2023-07-18T01:58:24Z,- agutiernc opened issue: [4984](https://github.com/hackforla/website/issues/4984) at 2023-07-17 06:58 PM PDT
agutiernc,2023-07-18T02:29:04Z,- agutiernc assigned to issue: [4984](https://github.com/hackforla/website/issues/4984) at 2023-07-17 07:29 PM PDT
agutiernc,2023-08-03T23:22:32Z,- agutiernc commented on issue: [4984](https://github.com/hackforla/website/issues/4984#issuecomment-1664755529) at 2023-08-03 04:22 PM PDT
agutiernc,2023-08-04T19:46:32Z,- agutiernc assigned to issue: [5137](https://github.com/hackforla/website/issues/5137) at 2023-08-04 12:46 PM PDT
agutiernc,2023-08-08T01:05:44Z,- agutiernc opened pull request: [5161](https://github.com/hackforla/website/pull/5161) at 2023-08-07 06:05 PM PDT
agutiernc,2023-08-08T21:36:11Z,- agutiernc commented on pull request: [5161](https://github.com/hackforla/website/pull/5161#issuecomment-1670341054) at 2023-08-08 02:36 PM PDT
agutiernc,2023-08-09T03:33:53Z,- agutiernc pull request merged: [5161](https://github.com/hackforla/website/pull/5161#event-10041971345) at 2023-08-08 08:33 PM PDT
agutiernc,2023-08-13T21:52:54Z,- agutiernc assigned to issue: [4248](https://github.com/hackforla/website/issues/4248#issuecomment-1676457241) at 2023-08-13 02:52 PM PDT
agutiernc,2023-08-14T23:00:30Z,- agutiernc commented on issue: [4984](https://github.com/hackforla/website/issues/4984#issuecomment-1678197362) at 2023-08-14 04:00 PM PDT
agutiernc,2023-08-14T23:49:23Z,- agutiernc commented on issue: [4248](https://github.com/hackforla/website/issues/4248#issuecomment-1678238961) at 2023-08-14 04:49 PM PDT
agutiernc,2023-08-15T00:48:07Z,- agutiernc opened pull request: [5203](https://github.com/hackforla/website/pull/5203) at 2023-08-14 05:48 PM PDT
agutiernc,2023-08-17T19:50:20Z,- agutiernc pull request merged: [5203](https://github.com/hackforla/website/pull/5203#event-10123356903) at 2023-08-17 12:50 PM PDT
agutiernc,2023-08-23T21:22:04Z,- agutiernc commented on pull request: [5262](https://github.com/hackforla/website/pull/5262#issuecomment-1690658292) at 2023-08-23 02:22 PM PDT
agutiernc,2023-08-24T05:55:09Z,- agutiernc submitted pull request review: [5262](https://github.com/hackforla/website/pull/5262#pullrequestreview-1592827347) at 2023-08-23 10:55 PM PDT
agutiernc,2023-09-03T02:27:57Z,- agutiernc commented on issue: [4984](https://github.com/hackforla/website/issues/4984#issuecomment-1703990075) at 2023-09-02 07:27 PM PDT
agutiernc,2023-09-05T02:09:24Z,- agutiernc commented on pull request: [5423](https://github.com/hackforla/website/pull/5423#issuecomment-1705847412) at 2023-09-04 07:09 PM PDT
agutiernc,2023-09-05T20:25:18Z,- agutiernc assigned to issue: [5411](https://github.com/hackforla/website/issues/5411#issuecomment-1707202389) at 2023-09-05 01:25 PM PDT
agutiernc,2023-09-05T20:29:59Z,- agutiernc commented on issue: [5411](https://github.com/hackforla/website/issues/5411#issuecomment-1707269145) at 2023-09-05 01:29 PM PDT
agutiernc,2023-09-05T22:19:56Z,- agutiernc submitted pull request review: [5423](https://github.com/hackforla/website/pull/5423#pullrequestreview-1612029387) at 2023-09-05 03:19 PM PDT
agutiernc,2023-09-05T22:30:48Z,- agutiernc commented on pull request: [5449](https://github.com/hackforla/website/pull/5449#issuecomment-1707397297) at 2023-09-05 03:30 PM PDT
agutiernc,2023-09-05T23:04:01Z,- agutiernc submitted pull request review: [5449](https://github.com/hackforla/website/pull/5449#pullrequestreview-1612061073) at 2023-09-05 04:04 PM PDT
agutiernc,2023-09-07T04:52:10Z,- agutiernc opened pull request: [5454](https://github.com/hackforla/website/pull/5454) at 2023-09-06 09:52 PM PDT
agutiernc,2023-09-09T23:37:33Z,- agutiernc commented on pull request: [5465](https://github.com/hackforla/website/pull/5465#issuecomment-1712662540) at 2023-09-09 04:37 PM PDT
agutiernc,2023-09-10T04:07:31Z,- agutiernc pull request merged: [5454](https://github.com/hackforla/website/pull/5454#event-10325447782) at 2023-09-09 09:07 PM PDT
agutiernc,2023-09-10T04:58:55Z,- agutiernc submitted pull request review: [5465](https://github.com/hackforla/website/pull/5465#pullrequestreview-1618728952) at 2023-09-09 09:58 PM PDT
agutiernc,2023-09-16T00:54:42Z,- agutiernc commented on pull request: [5523](https://github.com/hackforla/website/pull/5523#issuecomment-1722086030) at 2023-09-15 05:54 PM PDT
agutiernc,2023-09-16T03:36:32Z,- agutiernc submitted pull request review: [5523](https://github.com/hackforla/website/pull/5523#pullrequestreview-1629895504) at 2023-09-15 08:36 PM PDT
agutiernc,2023-09-20T05:00:08Z,- agutiernc commented on issue: [4984](https://github.com/hackforla/website/issues/4984#issuecomment-1726972041) at 2023-09-19 10:00 PM PDT
agutiernc,2023-09-20T05:00:08Z,- agutiernc closed issue as completed: [4984](https://github.com/hackforla/website/issues/4984#event-10417881185) at 2023-09-19 10:00 PM PDT
agutiernc,2023-09-22T01:48:00Z,- agutiernc commented on pull request: [5568](https://github.com/hackforla/website/pull/5568#issuecomment-1730675110) at 2023-09-21 06:48 PM PDT
agutiernc,2023-09-23T23:42:45Z,- agutiernc submitted pull request review: [5568](https://github.com/hackforla/website/pull/5568#pullrequestreview-1640957102) at 2023-09-23 04:42 PM PDT
agutiernc,2023-10-02T23:21:23Z,- agutiernc commented on pull request: [5645](https://github.com/hackforla/website/pull/5645#issuecomment-1743908053) at 2023-10-02 04:21 PM PDT
agutiernc,2023-10-03T06:51:53Z,- agutiernc assigned to issue: [5629](https://github.com/hackforla/website/issues/5629#issuecomment-1740163998) at 2023-10-02 11:51 PM PDT
agutiernc,2023-10-03T06:53:24Z,- agutiernc commented on issue: [5629](https://github.com/hackforla/website/issues/5629#issuecomment-1744316021) at 2023-10-02 11:53 PM PDT
agutiernc,2023-10-04T02:31:14Z,- agutiernc submitted pull request review: [5645](https://github.com/hackforla/website/pull/5645#pullrequestreview-1656553151) at 2023-10-03 07:31 PM PDT
agutiernc,2023-10-06T22:58:30Z,- agutiernc opened pull request: [5668](https://github.com/hackforla/website/pull/5668) at 2023-10-06 03:58 PM PDT
agutiernc,2023-10-12T01:30:50Z,- agutiernc commented on pull request: [5668](https://github.com/hackforla/website/pull/5668#issuecomment-1758775400) at 2023-10-11 06:30 PM PDT
agutiernc,2023-10-14T01:33:27Z,- agutiernc commented on pull request: [5668](https://github.com/hackforla/website/pull/5668#issuecomment-1762465345) at 2023-10-13 06:33 PM PDT
agutiernc,2023-10-18T03:45:33Z,- agutiernc pull request merged: [5668](https://github.com/hackforla/website/pull/5668#event-10686704824) at 2023-10-17 08:45 PM PDT
agutiernc,2023-11-03T20:40:19Z,- agutiernc assigned to issue: [5830](https://github.com/hackforla/website/issues/5830#issuecomment-1791925003) at 2023-11-03 01:40 PM PDT
agutiernc,2023-11-03T20:42:12Z,- agutiernc commented on issue: [5830](https://github.com/hackforla/website/issues/5830#issuecomment-1793070980) at 2023-11-03 01:42 PM PDT
agutiernc,2023-11-06T02:24:52Z,- agutiernc commented on pull request: [5820](https://github.com/hackforla/website/pull/5820#issuecomment-1793981847) at 2023-11-05 06:24 PM PST
agutiernc,2023-11-06T03:32:45Z,- agutiernc commented on pull request: [5820](https://github.com/hackforla/website/pull/5820#issuecomment-1794032114) at 2023-11-05 07:32 PM PST
agutiernc,2023-11-06T22:41:08Z,- agutiernc submitted pull request review: [5858](https://github.com/hackforla/website/pull/5858#pullrequestreview-1716435981) at 2023-11-06 02:41 PM PST
agutiernc,2023-11-12T06:41:16Z,- agutiernc opened pull request: [5892](https://github.com/hackforla/website/pull/5892) at 2023-11-11 10:41 PM PST
agutiernc,2023-11-12T07:28:18Z,- agutiernc commented on pull request: [5892](https://github.com/hackforla/website/pull/5892#issuecomment-1807037402) at 2023-11-11 11:28 PM PST
agutiernc,2023-11-12T07:28:18Z,- agutiernc pull request closed w/o merging: [5892](https://github.com/hackforla/website/pull/5892#event-10933910651) at 2023-11-11 11:28 PM PST
agutiernc,2023-11-14T00:26:22Z,- agutiernc opened pull request: [5900](https://github.com/hackforla/website/pull/5900) at 2023-11-13 04:26 PM PST
agutiernc,2023-11-16T00:06:51Z,- agutiernc commented on pull request: [5900](https://github.com/hackforla/website/pull/5900#issuecomment-1813494314) at 2023-11-15 04:06 PM PST
agutiernc,2023-11-16T00:07:57Z,- agutiernc commented on pull request: [5900](https://github.com/hackforla/website/pull/5900#issuecomment-1813495279) at 2023-11-15 04:07 PM PST
agutiernc,2023-11-16T00:13:16Z,- agutiernc commented on pull request: [5896](https://github.com/hackforla/website/pull/5896#issuecomment-1813499906) at 2023-11-15 04:13 PM PST
agutiernc,2023-11-18T03:40:37Z,- agutiernc submitted pull request review: [5896](https://github.com/hackforla/website/pull/5896#pullrequestreview-1738188018) at 2023-11-17 07:40 PM PST
agutiernc,2023-11-29T02:15:08Z,- agutiernc commented on pull request: [5940](https://github.com/hackforla/website/pull/5940#issuecomment-1831094299) at 2023-11-28 06:15 PM PST
agutiernc,2023-11-29T22:28:18Z,- agutiernc commented on pull request: [5900](https://github.com/hackforla/website/pull/5900#issuecomment-1832800938) at 2023-11-29 02:28 PM PST
agutiernc,2023-11-30T06:18:35Z,- agutiernc submitted pull request review: [5940](https://github.com/hackforla/website/pull/5940#pullrequestreview-1756715771) at 2023-11-29 10:18 PM PST
agutiernc,2024-01-11T01:24:05Z,- agutiernc opened pull request: [6098](https://github.com/hackforla/website/pull/6098) at 2024-01-10 05:24 PM PST
agutiernc,2024-01-15T20:23:57Z,- agutiernc pull request merged: [6098](https://github.com/hackforla/website/pull/6098#event-11491882225) at 2024-01-15 12:23 PM PST
agutiernc,2024-01-20T21:25:50Z,- agutiernc commented on pull request: [6133](https://github.com/hackforla/website/pull/6133#issuecomment-1902268605) at 2024-01-20 01:25 PM PST
agutiernc,2024-01-22T04:15:59Z,- agutiernc submitted pull request review: [6133](https://github.com/hackforla/website/pull/6133#pullrequestreview-1835615951) at 2024-01-21 08:15 PM PST
agutiernc,2024-01-23T03:17:00Z,- agutiernc commented on pull request: [6141](https://github.com/hackforla/website/pull/6141#issuecomment-1905222133) at 2024-01-22 07:17 PM PST
agutiernc,2024-01-23T03:21:04Z,- agutiernc submitted pull request review: [6141](https://github.com/hackforla/website/pull/6141#pullrequestreview-1837794241) at 2024-01-22 07:21 PM PST
agutiernc,2024-01-25T00:36:18Z,- agutiernc commented on pull request: [6141](https://github.com/hackforla/website/pull/6141#issuecomment-1909154150) at 2024-01-24 04:36 PM PST
agutiernc,2024-01-26T01:49:10Z,- agutiernc commented on pull request: [6141](https://github.com/hackforla/website/pull/6141#issuecomment-1911281225) at 2024-01-25 05:49 PM PST
agutiernc,2024-01-26T01:54:14Z,- agutiernc submitted pull request review: [6141](https://github.com/hackforla/website/pull/6141#pullrequestreview-1844975679) at 2024-01-25 05:54 PM PST
agutiernc,2024-03-10T09:33:16Z,- agutiernc commented on pull request: [6441](https://github.com/hackforla/website/pull/6441#issuecomment-1987159923) at 2024-03-10 02:33 AM PDT
agutiernc,2024-03-12T03:28:35Z,- agutiernc commented on pull request: [6456](https://github.com/hackforla/website/pull/6456#issuecomment-1990032576) at 2024-03-11 08:28 PM PDT
agutiernc,2024-03-13T01:43:44Z,- agutiernc commented on pull request: [6456](https://github.com/hackforla/website/pull/6456#issuecomment-1993057824) at 2024-03-12 06:43 PM PDT
ahdithebomb,2020-11-29T20:00:05Z,- ahdithebomb assigned to issue: [796](https://github.com/hackforla/website/issues/796#issuecomment-735443196) at 2020-11-29 12:00 PM PST
ahdithebomb,2020-12-06T18:54:17Z,- ahdithebomb opened issue: [831](https://github.com/hackforla/website/issues/831) at 2020-12-06 10:54 AM PST
ahdithebomb,2020-12-06T18:57:42Z,- ahdithebomb unassigned from issue: [796](https://github.com/hackforla/website/issues/796#issuecomment-735443196) at 2020-12-06 10:57 AM PST
ahdithebomb,2020-12-08T21:10:59Z,- ahdithebomb assigned to issue: [538](https://github.com/hackforla/website/issues/538#issuecomment-643688618) at 2020-12-08 01:10 PM PST
ahdithebomb,2020-12-08T21:12:48Z,- ahdithebomb closed issue as completed: [538](https://github.com/hackforla/website/issues/538#event-4086783598) at 2020-12-08 01:12 PM PST
ahdithebomb,2020-12-08T21:12:58Z,- ahdithebomb reopened issue: [538](https://github.com/hackforla/website/issues/538#event-4086783598) at 2020-12-08 01:12 PM PST
ahdithebomb,2020-12-08T21:43:22Z,- ahdithebomb commented on issue: [275](https://github.com/hackforla/website/issues/275#issuecomment-741080714) at 2020-12-08 01:43 PM PST
ahdithebomb,2020-12-08T21:51:26Z,- ahdithebomb assigned to issue: [209](https://github.com/hackforla/website/issues/209#issuecomment-719046150) at 2020-12-08 01:51 PM PST
ahdithebomb,2020-12-08T21:54:12Z,- ahdithebomb unassigned from issue: [209](https://github.com/hackforla/website/issues/209#issuecomment-719046150) at 2020-12-08 01:54 PM PST
ahdithebomb,2020-12-08T21:55:41Z,- ahdithebomb assigned to issue: [209](https://github.com/hackforla/website/issues/209#issuecomment-719046150) at 2020-12-08 01:55 PM PST
ahdithebomb,2020-12-08T21:56:50Z,- ahdithebomb commented on issue: [209](https://github.com/hackforla/website/issues/209#issuecomment-741097431) at 2020-12-08 01:56 PM PST
ahdithebomb,2020-12-13T18:13:45Z,- ahdithebomb commented on issue: [804](https://github.com/hackforla/website/issues/804#issuecomment-744046496) at 2020-12-13 10:13 AM PST
ahdithebomb,2020-12-13T18:15:32Z,- ahdithebomb assigned to issue: [747](https://github.com/hackforla/website/issues/747) at 2020-12-13 10:15 AM PST
ahdithebomb,2020-12-13T18:17:12Z,- ahdithebomb commented on issue: [747](https://github.com/hackforla/website/issues/747#issuecomment-744046997) at 2020-12-13 10:17 AM PST
ahdithebomb,2020-12-13T18:17:39Z,- ahdithebomb commented on issue: [747](https://github.com/hackforla/website/issues/747#issuecomment-744047060) at 2020-12-13 10:17 AM PST
ahdithebomb,2020-12-15T21:04:45Z,- ahdithebomb commented on issue: [804](https://github.com/hackforla/website/issues/804#issuecomment-745566450) at 2020-12-15 01:04 PM PST
ahdithebomb,2020-12-15T21:09:50Z,- ahdithebomb commented on issue: [386](https://github.com/hackforla/website/issues/386#issuecomment-745569057) at 2020-12-15 01:09 PM PST
ahdithebomb,2020-12-15T21:21:59Z,- ahdithebomb assigned to issue: [603](https://github.com/hackforla/website/issues/603#issuecomment-744704836) at 2020-12-15 01:21 PM PST
ahdithebomb,2020-12-15T21:29:05Z,- ahdithebomb commented on issue: [803](https://github.com/hackforla/website/issues/803#issuecomment-745579069) at 2020-12-15 01:29 PM PST
ahdithebomb,2020-12-15T21:41:27Z,- ahdithebomb commented on issue: [603](https://github.com/hackforla/website/issues/603#issuecomment-745585299) at 2020-12-15 01:41 PM PST
ahdithebomb,2020-12-16T03:25:19Z,- ahdithebomb opened pull request: [850](https://github.com/hackforla/website/pull/850) at 2020-12-15 07:25 PM PST
ahdithebomb,2020-12-16T03:26:52Z,- ahdithebomb pull request merged: [850](https://github.com/hackforla/website/pull/850#event-4117650708) at 2020-12-15 07:26 PM PST
ahdithebomb,2020-12-20T18:36:35Z,- ahdithebomb commented on issue: [538](https://github.com/hackforla/website/issues/538#issuecomment-748644377) at 2020-12-20 10:36 AM PST
ahdithebomb,2020-12-20T18:37:54Z,- ahdithebomb commented on issue: [209](https://github.com/hackforla/website/issues/209#issuecomment-748644518) at 2020-12-20 10:37 AM PST
ahdithebomb,2020-12-20T19:48:46Z,- ahdithebomb commented on issue: [602](https://github.com/hackforla/website/issues/602#issuecomment-748652644) at 2020-12-20 11:48 AM PST
ahdithebomb,2020-12-20T19:50:48Z,- ahdithebomb commented on issue: [602](https://github.com/hackforla/website/issues/602#issuecomment-748652850) at 2020-12-20 11:50 AM PST
ahdithebomb,2020-12-20T20:08:55Z,- ahdithebomb commented on issue: [833](https://github.com/hackforla/website/issues/833#issuecomment-748664731) at 2020-12-20 12:08 PM PST
ahdithebomb,2020-12-20T20:15:56Z,- ahdithebomb commented on issue: [833](https://github.com/hackforla/website/issues/833#issuecomment-748665437) at 2020-12-20 12:15 PM PST
ahdithebomb,2020-12-20T20:39:32Z,- ahdithebomb commented on issue: [833](https://github.com/hackforla/website/issues/833#issuecomment-748667928) at 2020-12-20 12:39 PM PST
ahdithebomb,2020-12-20T20:46:50Z,- ahdithebomb commented on issue: [833](https://github.com/hackforla/website/issues/833#issuecomment-748668725) at 2020-12-20 12:46 PM PST
ahdithebomb,2020-12-20T20:48:40Z,- ahdithebomb unassigned from issue: [603](https://github.com/hackforla/website/issues/603#issuecomment-745978371) at 2020-12-20 12:48 PM PST
ahdithebomb,2020-12-20T20:48:40Z,- ahdithebomb unassigned from issue: [603](https://github.com/hackforla/website/issues/603#issuecomment-745978371) at 2020-12-20 12:48 PM PST
ahdithebomb,2020-12-20T21:11:29Z,- ahdithebomb opened issue: [927](https://github.com/hackforla/website/issues/927) at 2020-12-20 01:11 PM PST
ahdithebomb,2020-12-20T21:14:14Z,- ahdithebomb assigned to issue: [927](https://github.com/hackforla/website/issues/927) at 2020-12-20 01:14 PM PST
ahdithebomb,2020-12-20T21:19:27Z,- ahdithebomb opened issue: [957](https://github.com/hackforla/website/issues/957) at 2020-12-20 01:19 PM PST
ahdithebomb,2020-12-20T21:20:08Z,- ahdithebomb assigned to issue: [957](https://github.com/hackforla/website/issues/957) at 2020-12-20 01:20 PM PST
ahdithebomb,2020-12-20T21:30:30Z,- ahdithebomb unassigned from issue: [927](https://github.com/hackforla/website/issues/927) at 2020-12-20 01:30 PM PST
ahdithebomb,2020-12-21T22:54:39Z,- ahdithebomb unassigned from issue: [538](https://github.com/hackforla/website/issues/538#issuecomment-748644377) at 2020-12-21 02:54 PM PST
ahdithebomb,2020-12-22T19:07:39Z,- ahdithebomb opened issue: [939](https://github.com/hackforla/website/issues/939) at 2020-12-22 11:07 AM PST
ahdithebomb,2020-12-22T19:07:39Z,- ahdithebomb assigned to issue: [939](https://github.com/hackforla/website/issues/939) at 2020-12-22 11:07 AM PST
ahdithebomb,2020-12-22T19:28:50Z,- ahdithebomb opened issue: [940](https://github.com/hackforla/website/issues/940) at 2020-12-22 11:28 AM PST
ahdithebomb,2020-12-22T19:28:50Z,- ahdithebomb assigned to issue: [940](https://github.com/hackforla/website/issues/940) at 2020-12-22 11:28 AM PST
ahdithebomb,2020-12-22T22:03:51Z,- ahdithebomb opened issue: [867](https://github.com/hackforla/website/issues/867) at 2020-12-22 02:03 PM PST
ahdithebomb,2020-12-29T19:19:25Z,- ahdithebomb commented on issue: [940](https://github.com/hackforla/website/issues/940#issuecomment-752212279) at 2020-12-29 11:19 AM PST
ahdithebomb,2020-12-29T21:33:07Z,- ahdithebomb opened issue: [879](https://github.com/hackforla/website/issues/879) at 2020-12-29 01:33 PM PST
ahdithebomb,2020-12-29T21:33:07Z,- ahdithebomb assigned to issue: [879](https://github.com/hackforla/website/issues/879) at 2020-12-29 01:33 PM PST
ahdithebomb,2020-12-29T21:39:54Z,- ahdithebomb opened issue: [937](https://github.com/hackforla/website/issues/937) at 2020-12-29 01:39 PM PST
ahdithebomb,2020-12-29T21:41:01Z,- ahdithebomb opened issue: [938](https://github.com/hackforla/website/issues/938) at 2020-12-29 01:41 PM PST
ahdithebomb,2020-12-29T21:46:02Z,- ahdithebomb submitted pull request review: [883](https://github.com/hackforla/website/pull/883#pullrequestreview-559713626) at 2020-12-29 01:46 PM PST
ahdithebomb,2020-12-29T21:49:00Z,- ahdithebomb opened pull request: [884](https://github.com/hackforla/website/pull/884) at 2020-12-29 01:49 PM PST
ahdithebomb,2020-12-29T21:50:09Z,- ahdithebomb pull request merged: [884](https://github.com/hackforla/website/pull/884#event-4155796509) at 2020-12-29 01:50 PM PST
ahdithebomb,2020-12-29T21:52:21Z,- ahdithebomb opened issue: [885](https://github.com/hackforla/website/issues/885) at 2020-12-29 01:52 PM PST
ahdithebomb,2020-12-29T21:59:30Z,- ahdithebomb opened issue: [949](https://github.com/hackforla/website/issues/949) at 2020-12-29 01:59 PM PST
ahdithebomb,2020-12-29T22:01:16Z,- ahdithebomb opened issue: [954](https://github.com/hackforla/website/issues/954) at 2020-12-29 02:01 PM PST
ahdithebomb,2020-12-29T22:11:38Z,- ahdithebomb opened issue: [889](https://github.com/hackforla/website/issues/889) at 2020-12-29 02:11 PM PST
ahdithebomb,2020-12-30T04:59:53Z,- ahdithebomb opened issue: [897](https://github.com/hackforla/website/issues/897) at 2020-12-29 08:59 PM PST
ahdithebomb,2021-01-03T18:09:11Z,- ahdithebomb commented on issue: [833](https://github.com/hackforla/website/issues/833#issuecomment-753655120) at 2021-01-03 10:09 AM PST
ahdithebomb,2021-01-03T18:09:12Z,- ahdithebomb closed issue by PR 1421: [833](https://github.com/hackforla/website/issues/833#event-4162680051) at 2021-01-03 10:09 AM PST
ahdithebomb,2021-01-03T18:09:16Z,- ahdithebomb reopened issue: [833](https://github.com/hackforla/website/issues/833#event-4162680051) at 2021-01-03 10:09 AM PST
ahdithebomb,2021-01-03T18:16:34Z,- ahdithebomb submitted pull request review: [898](https://github.com/hackforla/website/pull/898#pullrequestreview-560716087) at 2021-01-03 10:16 AM PST
ahdithebomb,2021-01-03T18:16:56Z,- ahdithebomb closed issue by PR 898: [891](https://github.com/hackforla/website/issues/891#event-4162685812) at 2021-01-03 10:16 AM PST
ahdithebomb,2021-01-03T18:22:45Z,- ahdithebomb commented on issue: [902](https://github.com/hackforla/website/issues/902#issuecomment-753657049) at 2021-01-03 10:22 AM PST
ahdithebomb,2021-01-03T19:29:43Z,- ahdithebomb commented on issue: [603](https://github.com/hackforla/website/issues/603#issuecomment-753665296) at 2021-01-03 11:29 AM PST
ahdithebomb,2021-01-03T19:33:54Z,- ahdithebomb reopened issue: [632](https://github.com/hackforla/website/issues/632#event-4150753854) at 2021-01-03 11:33 AM PST
ahdithebomb,2021-01-03T19:50:52Z,- ahdithebomb commented on issue: [632](https://github.com/hackforla/website/issues/632#issuecomment-753667535) at 2021-01-03 11:50 AM PST
ahdithebomb,2021-01-03T20:22:19Z,- ahdithebomb opened issue: [904](https://github.com/hackforla/website/issues/904) at 2021-01-03 12:22 PM PST
ahdithebomb,2021-01-03T20:26:20Z,- ahdithebomb opened issue: [905](https://github.com/hackforla/website/issues/905) at 2021-01-03 12:26 PM PST
ahdithebomb,2021-01-03T20:29:08Z,- ahdithebomb opened issue: [906](https://github.com/hackforla/website/issues/906) at 2021-01-03 12:29 PM PST
ahdithebomb,2021-01-03T20:42:47Z,- ahdithebomb opened issue: [911](https://github.com/hackforla/website/issues/911) at 2021-01-03 12:42 PM PST
ahdithebomb,2021-01-05T17:49:55Z,- ahdithebomb commented on issue: [939](https://github.com/hackforla/website/issues/939#issuecomment-754793177) at 2021-01-05 09:49 AM PST
ahdithebomb,2021-01-05T18:29:39Z,- ahdithebomb commented on issue: [957](https://github.com/hackforla/website/issues/957#issuecomment-754817328) at 2021-01-05 10:29 AM PST
ahdithebomb,2021-01-05T21:22:23Z,- ahdithebomb opened issue: [915](https://github.com/hackforla/website/issues/915) at 2021-01-05 01:22 PM PST
ahdithebomb,2021-01-10T20:39:09Z,- ahdithebomb unassigned from issue: [209](https://github.com/hackforla/website/issues/209#issuecomment-757533816) at 2021-01-10 12:39 PM PST
ahdithebomb,2021-01-13T16:06:10Z,- ahdithebomb commented on issue: [879](https://github.com/hackforla/website/issues/879#issuecomment-759550284) at 2021-01-13 08:06 AM PST
ahdithebomb,2021-01-13T18:16:47Z,- ahdithebomb assigned to issue: [209](https://github.com/hackforla/website/issues/209#issuecomment-759628170) at 2021-01-13 10:16 AM PST
ahdithebomb,2021-01-13T19:23:45Z,- ahdithebomb commented on issue: [938](https://github.com/hackforla/website/issues/938#issuecomment-759665047) at 2021-01-13 11:23 AM PST
ahdithebomb,2021-01-13T19:23:45Z,- ahdithebomb closed issue as completed: [938](https://github.com/hackforla/website/issues/938#event-4202846278) at 2021-01-13 11:23 AM PST
ahdithebomb,2021-01-13T19:24:40Z,- ahdithebomb commented on issue: [938](https://github.com/hackforla/website/issues/938#issuecomment-759665527) at 2021-01-13 11:24 AM PST
ahdithebomb,2021-01-13T19:24:40Z,- ahdithebomb reopened issue: [938](https://github.com/hackforla/website/issues/938#issuecomment-759665527) at 2021-01-13 11:24 AM PST
ahdithebomb,2021-01-13T19:39:50Z,- ahdithebomb commented on issue: [957](https://github.com/hackforla/website/issues/957#issuecomment-759688205) at 2021-01-13 11:39 AM PST
ahdithebomb,2021-01-13T19:55:19Z,- ahdithebomb commented on issue: [957](https://github.com/hackforla/website/issues/957#issuecomment-759703476) at 2021-01-13 11:55 AM PST
ahdithebomb,2021-01-13T19:59:16Z,- ahdithebomb unassigned from issue: [939](https://github.com/hackforla/website/issues/939#issuecomment-756473615) at 2021-01-13 11:59 AM PST
ahdithebomb,2021-01-13T20:13:24Z,- ahdithebomb commented on issue: [957](https://github.com/hackforla/website/issues/957#issuecomment-759712640) at 2021-01-13 12:13 PM PST
ahdithebomb,2021-01-13T20:14:34Z,- ahdithebomb commented on issue: [957](https://github.com/hackforla/website/issues/957#issuecomment-759713198) at 2021-01-13 12:14 PM PST
ahdithebomb,2021-01-13T20:22:15Z,- ahdithebomb commented on issue: [940](https://github.com/hackforla/website/issues/940#issuecomment-759717096) at 2021-01-13 12:22 PM PST
ahdithebomb,2021-01-13T20:22:33Z,- ahdithebomb unassigned from issue: [940](https://github.com/hackforla/website/issues/940#issuecomment-759717096) at 2021-01-13 12:22 PM PST
ahdithebomb,2021-01-13T20:23:44Z,- ahdithebomb commented on issue: [879](https://github.com/hackforla/website/issues/879#issuecomment-759717860) at 2021-01-13 12:23 PM PST
ahdithebomb,2021-01-13T20:32:26Z,- ahdithebomb assigned to issue: [618](https://github.com/hackforla/website/issues/618#issuecomment-759721995) at 2021-01-13 12:32 PM PST
ahdithebomb,2021-01-17T17:49:36Z,- ahdithebomb assigned to issue: [799](https://github.com/hackforla/website/issues/799#issuecomment-715560606) at 2021-01-17 09:49 AM PST
ahdithebomb,2021-01-17T18:09:13Z,- ahdithebomb commented on issue: [799](https://github.com/hackforla/website/issues/799#issuecomment-761854543) at 2021-01-17 10:09 AM PST
ahdithebomb,2021-01-20T18:06:50Z,- ahdithebomb commented on issue: [879](https://github.com/hackforla/website/issues/879#issuecomment-763832169) at 2021-01-20 10:06 AM PST
ahdithebomb,2021-01-20T18:21:50Z,- ahdithebomb commented on issue: [890](https://github.com/hackforla/website/issues/890#issuecomment-763840918) at 2021-01-20 10:21 AM PST
ahdithebomb,2021-01-20T18:54:58Z,- ahdithebomb commented on issue: [799](https://github.com/hackforla/website/issues/799#issuecomment-763860190) at 2021-01-20 10:54 AM PST
ahdithebomb,2021-01-20T18:56:16Z,- ahdithebomb commented on issue: [799](https://github.com/hackforla/website/issues/799#issuecomment-763860976) at 2021-01-20 10:56 AM PST
ahdithebomb,2021-01-24T05:58:55Z,- ahdithebomb commented on issue: [799](https://github.com/hackforla/website/issues/799#issuecomment-766297466) at 2021-01-23 09:58 PM PST
ahdithebomb,2021-01-24T07:38:44Z,- ahdithebomb commented on issue: [957](https://github.com/hackforla/website/issues/957#issuecomment-766306063) at 2021-01-23 11:38 PM PST
ahdithebomb,2021-01-24T07:53:55Z,- ahdithebomb unassigned from issue: [957](https://github.com/hackforla/website/issues/957#issuecomment-766306063) at 2021-01-23 11:53 PM PST
ahdithebomb,2021-01-24T07:58:54Z,- ahdithebomb commented on issue: [879](https://github.com/hackforla/website/issues/879#issuecomment-766307893) at 2021-01-23 11:58 PM PST
ahdithebomb,2021-01-24T17:51:15Z,- ahdithebomb commented on issue: [618](https://github.com/hackforla/website/issues/618#issuecomment-766402247) at 2021-01-24 09:51 AM PST
ahdithebomb,2021-01-24T17:58:31Z,- ahdithebomb commented on issue: [618](https://github.com/hackforla/website/issues/618#issuecomment-766403277) at 2021-01-24 09:58 AM PST
ahdithebomb,2021-01-24T20:55:39Z,- ahdithebomb commented on issue: [965](https://github.com/hackforla/website/issues/965#issuecomment-766430442) at 2021-01-24 12:55 PM PST
ahdithebomb,2021-01-27T17:00:51Z,- ahdithebomb commented on issue: [799](https://github.com/hackforla/website/issues/799#issuecomment-768427153) at 2021-01-27 09:00 AM PST
ahdithebomb,2021-01-27T17:01:16Z,- ahdithebomb commented on issue: [618](https://github.com/hackforla/website/issues/618#issuecomment-768427443) at 2021-01-27 09:01 AM PST
ahdithebomb,2021-01-31T05:06:49Z,- ahdithebomb commented on issue: [799](https://github.com/hackforla/website/issues/799#issuecomment-770327320) at 2021-01-30 09:06 PM PST
ahdithebomb,2021-01-31T08:01:10Z,- ahdithebomb opened issue: [979](https://github.com/hackforla/website/issues/979) at 2021-01-31 12:01 AM PST
ahdithebomb,2021-01-31T18:27:51Z,- ahdithebomb opened issue: [981](https://github.com/hackforla/website/issues/981) at 2021-01-31 10:27 AM PST
ahdithebomb,2021-01-31T18:46:36Z,- ahdithebomb commented on issue: [618](https://github.com/hackforla/website/issues/618#issuecomment-770429690) at 2021-01-31 10:46 AM PST
ahdithebomb,2021-02-02T23:11:40Z,- ahdithebomb commented on issue: [905](https://github.com/hackforla/website/issues/905#issuecomment-772079072) at 2021-02-02 03:11 PM PST
ahdithebomb,2021-02-03T16:58:17Z,- ahdithebomb assigned to issue: [969](https://github.com/hackforla/website/issues/969#issuecomment-768414388) at 2021-02-03 08:58 AM PST
ahdithebomb,2021-02-04T00:37:33Z,- ahdithebomb assigned to issue: [854](https://github.com/hackforla/website/issues/854) at 2021-02-03 04:37 PM PST
ahdithebomb,2021-02-07T06:47:03Z,- ahdithebomb commented on issue: [799](https://github.com/hackforla/website/issues/799#issuecomment-774616014) at 2021-02-06 10:47 PM PST
ahdithebomb,2021-02-07T17:09:14Z,- ahdithebomb commented on issue: [879](https://github.com/hackforla/website/issues/879#issuecomment-774710509) at 2021-02-07 09:09 AM PST
ahdithebomb,2021-02-07T19:42:37Z,- ahdithebomb opened issue: [1010](https://github.com/hackforla/website/issues/1010) at 2021-02-07 11:42 AM PST
ahdithebomb,2021-02-07T20:42:46Z,- ahdithebomb commented on issue: [618](https://github.com/hackforla/website/issues/618#issuecomment-774757119) at 2021-02-07 12:42 PM PST
ahdithebomb,2021-02-14T06:37:11Z,- ahdithebomb commented on issue: [969](https://github.com/hackforla/website/issues/969#issuecomment-778735793) at 2021-02-13 10:37 PM PST
ahdithebomb,2021-02-14T18:47:57Z,- ahdithebomb assigned to issue: [1054](https://github.com/hackforla/website/issues/1054) at 2021-02-14 10:47 AM PST
ahdithebomb,2021-02-16T23:48:22Z,- ahdithebomb commented on issue: [879](https://github.com/hackforla/website/issues/879#issuecomment-780192046) at 2021-02-16 03:48 PM PST
ahdithebomb,2021-02-16T23:48:23Z,- ahdithebomb closed issue as completed: [879](https://github.com/hackforla/website/issues/879#event-4338764521) at 2021-02-16 03:48 PM PST
ahdithebomb,2021-02-16T23:56:58Z,- ahdithebomb commented on issue: [799](https://github.com/hackforla/website/issues/799#issuecomment-780195129) at 2021-02-16 03:56 PM PST
ahdithebomb,2021-02-16T23:57:59Z,- ahdithebomb unassigned from issue: [209](https://github.com/hackforla/website/issues/209#issuecomment-780045608) at 2021-02-16 03:57 PM PST
ahdithebomb,2021-02-17T02:02:54Z,- ahdithebomb commented on issue: [1010](https://github.com/hackforla/website/issues/1010#issuecomment-780243980) at 2021-02-16 06:02 PM PST
ahdithebomb,2021-02-17T07:22:43Z,- ahdithebomb opened pull request: [1072](https://github.com/hackforla/website/pull/1072) at 2021-02-16 11:22 PM PST
ahdithebomb,2021-02-17T18:13:48Z,- ahdithebomb commented on issue: [854](https://github.com/hackforla/website/issues/854#issuecomment-780748613) at 2021-02-17 10:13 AM PST
ahdithebomb,2021-02-17T19:02:37Z,- ahdithebomb commented on issue: [959](https://github.com/hackforla/website/issues/959#issuecomment-780779339) at 2021-02-17 11:02 AM PST
ahdithebomb,2021-02-17T19:05:43Z,- ahdithebomb commented on issue: [959](https://github.com/hackforla/website/issues/959#issuecomment-780781197) at 2021-02-17 11:05 AM PST
ahdithebomb,2021-02-17T19:19:26Z,- ahdithebomb commented on issue: [1054](https://github.com/hackforla/website/issues/1054#issuecomment-780790561) at 2021-02-17 11:19 AM PST
ahdithebomb,2021-02-17T19:23:16Z,- ahdithebomb commented on issue: [799](https://github.com/hackforla/website/issues/799#issuecomment-780792914) at 2021-02-17 11:23 AM PST
ahdithebomb,2021-02-17T19:36:40Z,- ahdithebomb commented on pull request: [1072](https://github.com/hackforla/website/pull/1072#issuecomment-780800783) at 2021-02-17 11:36 AM PST
ahdithebomb,2021-02-18T05:54:56Z,- ahdithebomb opened issue: [1074](https://github.com/hackforla/website/issues/1074) at 2021-02-17 09:54 PM PST
ahdithebomb,2021-02-18T06:06:15Z,- ahdithebomb opened pull request: [1075](https://github.com/hackforla/website/pull/1075) at 2021-02-17 10:06 PM PST
ahdithebomb,2021-02-18T06:31:20Z,- ahdithebomb opened issue: [1076](https://github.com/hackforla/website/issues/1076) at 2021-02-17 10:31 PM PST
ahdithebomb,2021-02-21T17:40:17Z,- ahdithebomb commented on issue: [618](https://github.com/hackforla/website/issues/618#issuecomment-782895070) at 2021-02-21 09:40 AM PST
ahdithebomb,2021-02-21T17:57:48Z,- ahdithebomb commented on issue: [799](https://github.com/hackforla/website/issues/799#issuecomment-782897725) at 2021-02-21 09:57 AM PST
ahdithebomb,2021-02-21T19:58:36Z,- ahdithebomb pull request closed w/o merging: [1075](https://github.com/hackforla/website/pull/1075#event-4356721117) at 2021-02-21 11:58 AM PST
ahdithebomb,2021-02-21T20:16:50Z,- ahdithebomb pull request closed w/o merging: [1072](https://github.com/hackforla/website/pull/1072#event-4356740446) at 2021-02-21 12:16 PM PST
ahdithebomb,2021-02-24T18:08:27Z,- ahdithebomb commented on issue: [799](https://github.com/hackforla/website/issues/799#issuecomment-785269054) at 2021-02-24 10:08 AM PST
ahdithebomb,2021-02-24T18:11:34Z,- ahdithebomb commented on issue: [618](https://github.com/hackforla/website/issues/618#issuecomment-785270888) at 2021-02-24 10:11 AM PST
ahdithebomb,2021-02-28T17:29:12Z,- ahdithebomb commented on issue: [854](https://github.com/hackforla/website/issues/854#issuecomment-787487959) at 2021-02-28 09:29 AM PST
ahdithebomb,2021-02-28T17:30:05Z,- ahdithebomb commented on issue: [799](https://github.com/hackforla/website/issues/799#issuecomment-787488094) at 2021-02-28 09:30 AM PST
ahdithebomb,2021-02-28T17:31:08Z,- ahdithebomb commented on issue: [618](https://github.com/hackforla/website/issues/618#issuecomment-787488238) at 2021-02-28 09:31 AM PST
ahdithebomb,2021-03-01T18:49:26Z,- ahdithebomb unassigned from issue: [854](https://github.com/hackforla/website/issues/854#issuecomment-788182866) at 2021-03-01 10:49 AM PST
ahdithebomb,2021-03-07T18:59:16Z,- ahdithebomb unassigned from issue: [618](https://github.com/hackforla/website/issues/618#issuecomment-787488238) at 2021-03-07 10:59 AM PST
ahdithebomb,2021-03-07T19:23:46Z,- ahdithebomb unassigned from issue: [969](https://github.com/hackforla/website/issues/969#issuecomment-780758267) at 2021-03-07 11:23 AM PST
ahdithebomb,2021-03-07T19:24:33Z,- ahdithebomb unassigned from issue: [1054](https://github.com/hackforla/website/issues/1054#issuecomment-780790561) at 2021-03-07 11:24 AM PST
ahdithebomb,2021-03-10T20:15:43Z,- ahdithebomb unassigned from issue: [799](https://github.com/hackforla/website/issues/799#issuecomment-795601197) at 2021-03-10 12:15 PM PST
ahdithebomb,2021-03-19T02:00:00Z,- ahdithebomb opened issue: [1261](https://github.com/hackforla/website/issues/1261) at 2021-03-18 07:00 PM PDT
ahoang94,2021-07-26T23:57:51Z,- ahoang94 assigned to issue: [1845](https://github.com/hackforla/website/issues/1845) at 2021-07-26 04:57 PM PDT
ahoang94,2021-07-26T23:58:18Z,- ahoang94 commented on issue: [1845](https://github.com/hackforla/website/issues/1845#issuecomment-887106358) at 2021-07-26 04:58 PM PDT
ahoang94,2021-07-30T01:03:17Z,- ahoang94 assigned to issue: [1823](https://github.com/hackforla/website/issues/1823#issuecomment-887670543) at 2021-07-29 06:03 PM PDT
ahoang94,2021-08-01T05:03:25Z,- ahoang94 commented on issue: [1823](https://github.com/hackforla/website/issues/1823#issuecomment-890451229) at 2021-07-31 10:03 PM PDT
ahoang94,2021-08-02T18:49:49Z,- ahoang94 commented on issue: [1845](https://github.com/hackforla/website/issues/1845#issuecomment-891252128) at 2021-08-02 11:49 AM PDT
ahoang94,2021-08-06T20:00:53Z,- ahoang94 commented on issue: [1823](https://github.com/hackforla/website/issues/1823#issuecomment-894488776) at 2021-08-06 01:00 PM PDT
ahoang94,2021-08-08T18:38:52Z,- ahoang94 commented on issue: [1343](https://github.com/hackforla/website/issues/1343#issuecomment-894837811) at 2021-08-08 11:38 AM PDT
ahoang94,2021-08-08T22:39:44Z,- ahoang94 commented on issue: [1823](https://github.com/hackforla/website/issues/1823#issuecomment-894866019) at 2021-08-08 03:39 PM PDT
ahoang94,2021-08-10T19:59:17Z,- ahoang94 unassigned from issue: [1823](https://github.com/hackforla/website/issues/1823#issuecomment-895436933) at 2021-08-10 12:59 PM PDT
ahoang94,2021-08-10T19:59:29Z,- ahoang94 assigned to issue: [1823](https://github.com/hackforla/website/issues/1823#issuecomment-895436933) at 2021-08-10 12:59 PM PDT
ahoang94,2021-08-13T01:00:15Z,- ahoang94 assigned to issue: [1051](https://github.com/hackforla/website/issues/1051#issuecomment-861754890) at 2021-08-12 06:00 PM PDT
ahoang94,2021-08-13T16:49:20Z,- ahoang94 commented on issue: [1051](https://github.com/hackforla/website/issues/1051#issuecomment-898592387) at 2021-08-13 09:49 AM PDT
ahoang94,2021-08-20T18:05:42Z,- ahoang94 commented on issue: [1051](https://github.com/hackforla/website/issues/1051#issuecomment-902865866) at 2021-08-20 11:05 AM PDT
ahoang94,2021-08-22T05:29:16Z,- ahoang94 commented on issue: [1051](https://github.com/hackforla/website/issues/1051#issuecomment-903216090) at 2021-08-21 10:29 PM PDT
ahoang94,2021-08-25T04:18:59Z,- ahoang94 commented on issue: [2169](https://github.com/hackforla/website/issues/2169#issuecomment-905170040) at 2021-08-24 09:18 PM PDT
ahoang94,2021-08-28T00:27:43Z,- ahoang94 commented on issue: [1051](https://github.com/hackforla/website/issues/1051#issuecomment-907537146) at 2021-08-27 05:27 PM PDT
ahoang94,2021-09-10T20:29:05Z,- ahoang94 assigned to issue: [2213](https://github.com/hackforla/website/issues/2213#issuecomment-910342111) at 2021-09-10 01:29 PM PDT
ahoang94,2021-09-26T00:18:19Z,- ahoang94 assigned to issue: [1842](https://github.com/hackforla/website/issues/1842#issuecomment-917083414) at 2021-09-25 05:18 PM PDT
ahoang94,2021-10-03T16:10:28Z,- ahoang94 commented on issue: [2255](https://github.com/hackforla/website/issues/2255#issuecomment-932980607) at 2021-10-03 09:10 AM PDT
ahoang94,2021-10-04T22:29:33Z,- ahoang94 commented on issue: [2255](https://github.com/hackforla/website/issues/2255#issuecomment-933904580) at 2021-10-04 03:29 PM PDT
ahoang94,2021-10-04T22:54:26Z,- ahoang94 commented on issue: [2213](https://github.com/hackforla/website/issues/2213#issuecomment-933915307) at 2021-10-04 03:54 PM PDT
ahoang94,2021-10-12T17:36:40Z,- ahoang94 assigned to issue: [2311](https://github.com/hackforla/website/issues/2311#issuecomment-929336691) at 2021-10-12 10:36 AM PDT
ahoang94,2021-10-13T00:21:23Z,- ahoang94 commented on issue: [2311](https://github.com/hackforla/website/issues/2311#issuecomment-941790458) at 2021-10-12 05:21 PM PDT
ahoang94,2021-10-17T16:28:55Z,- ahoang94 commented on issue: [2311](https://github.com/hackforla/website/issues/2311#issuecomment-945154402) at 2021-10-17 09:28 AM PDT
ahoang94,2021-10-23T00:45:59Z,- ahoang94 commented on issue: [2311](https://github.com/hackforla/website/issues/2311#issuecomment-950029160) at 2021-10-22 05:45 PM PDT
ahoang94,2021-10-23T00:46:20Z,- ahoang94 unassigned from issue: [2311](https://github.com/hackforla/website/issues/2311#issuecomment-950029160) at 2021-10-22 05:46 PM PDT
ahoang94,2021-10-28T21:08:34Z,- ahoang94 assigned to issue: [2154](https://github.com/hackforla/website/issues/2154) at 2021-10-28 02:08 PM PDT
ahoang94,2021-10-28T23:50:29Z,- ahoang94 commented on issue: [2154](https://github.com/hackforla/website/issues/2154#issuecomment-954304242) at 2021-10-28 04:50 PM PDT
ahoang94,2021-11-02T21:10:47Z,- ahoang94 commented on issue: [2154](https://github.com/hackforla/website/issues/2154#issuecomment-958169278) at 2021-11-02 02:10 PM PDT
ahoang94,2021-11-04T19:24:47Z,- ahoang94 assigned to issue: [2129](https://github.com/hackforla/website/issues/2129#issuecomment-941352359) at 2021-11-04 12:24 PM PDT
ahoang94,2021-11-05T00:24:56Z,- ahoang94 commented on issue: [2129](https://github.com/hackforla/website/issues/2129#issuecomment-961534197) at 2021-11-04 05:24 PM PDT
ahoang94,2021-11-19T01:57:36Z,- ahoang94 assigned to issue: [2486](https://github.com/hackforla/website/issues/2486#issuecomment-968499442) at 2021-11-18 05:57 PM PST
ahoang94,2021-11-27T04:43:16Z,- ahoang94 commented on issue: [2486](https://github.com/hackforla/website/issues/2486#issuecomment-980501448) at 2021-11-26 08:43 PM PST
ahoang94,2021-11-29T03:06:50Z,- ahoang94 commented on issue: [2486](https://github.com/hackforla/website/issues/2486#issuecomment-981248855) at 2021-11-28 07:06 PM PST
ahoang94,2021-12-01T20:00:54Z,- ahoang94 commented on issue: [2486](https://github.com/hackforla/website/issues/2486#issuecomment-984007511) at 2021-12-01 12:00 PM PST
ahoang94,2021-12-13T00:41:56Z,- ahoang94 assigned to issue: [2311](https://github.com/hackforla/website/issues/2311#issuecomment-950029160) at 2021-12-12 04:41 PM PST
AHP15,4625,SKILLS ISSUE
AHP15,2023-05-09T03:31:22Z,- AHP15 opened issue: [4625](https://github.com/hackforla/website/issues/4625) at 2023-05-08 08:31 PM PDT
AHP15,2023-05-09T03:58:54Z,- AHP15 assigned to issue: [4625](https://github.com/hackforla/website/issues/4625) at 2023-05-08 08:58 PM PDT
AHP15,2023-05-23T09:35:08Z,- AHP15 assigned to issue: [4685](https://github.com/hackforla/website/issues/4685) at 2023-05-23 02:35 AM PDT
AHP15,2023-05-23T10:01:54Z,- AHP15 commented on issue: [4685](https://github.com/hackforla/website/issues/4685#issuecomment-1558959156) at 2023-05-23 03:01 AM PDT
AHP15,2023-05-23T10:18:36Z,- AHP15 opened pull request: [4708](https://github.com/hackforla/website/pull/4708) at 2023-05-23 03:18 AM PDT
AHP15,2023-05-24T09:04:24Z,- AHP15 commented on pull request: [4708](https://github.com/hackforla/website/pull/4708#issuecomment-1560729233) at 2023-05-24 02:04 AM PDT
AHP15,2023-05-25T07:59:04Z,- AHP15 assigned to issue: [2148](https://github.com/hackforla/website/issues/2148#issuecomment-1411369489) at 2023-05-25 12:59 AM PDT
AHP15,2023-05-25T08:00:44Z,- AHP15 commented on issue: [2148](https://github.com/hackforla/website/issues/2148#issuecomment-1562458328) at 2023-05-25 01:00 AM PDT
AHP15,2023-05-25T23:03:33Z,- AHP15 unassigned from issue: [2148](https://github.com/hackforla/website/issues/2148#issuecomment-1563612703) at 2023-05-25 04:03 PM PDT
AHP15,2023-05-26T08:05:21Z,- AHP15 commented on issue: [4625](https://github.com/hackforla/website/issues/4625#issuecomment-1563978097) at 2023-05-26 01:05 AM PDT
AHP15,2023-05-26T08:13:46Z,- AHP15 commented on issue: [2148](https://github.com/hackforla/website/issues/2148#issuecomment-1563991116) at 2023-05-26 01:13 AM PDT
AHP15,2023-05-27T07:39:12Z,- AHP15 assigned to issue: [4481](https://github.com/hackforla/website/issues/4481) at 2023-05-27 12:39 AM PDT
AHP15,2023-05-27T07:40:38Z,- AHP15 commented on issue: [4481](https://github.com/hackforla/website/issues/4481#issuecomment-1565254416) at 2023-05-27 12:40 AM PDT
AHP15,2023-05-28T16:38:32Z,- AHP15 pull request merged: [4708](https://github.com/hackforla/website/pull/4708#event-9362617395) at 2023-05-28 09:38 AM PDT
AHP15,2023-05-31T08:43:12Z,- AHP15 commented on issue: [4481](https://github.com/hackforla/website/issues/4481#issuecomment-1569757364) at 2023-05-31 01:43 AM PDT
AHP15,2023-05-31T09:22:51Z,- AHP15 opened pull request: [4763](https://github.com/hackforla/website/pull/4763) at 2023-05-31 02:22 AM PDT
AHP15,2023-06-01T10:12:45Z,- AHP15 commented on pull request: [4763](https://github.com/hackforla/website/pull/4763#issuecomment-1571755849) at 2023-06-01 03:12 AM PDT
AHP15,2023-06-02T10:41:38Z,- AHP15 assigned to issue: [2114](https://github.com/hackforla/website/issues/2114#issuecomment-1312770682) at 2023-06-02 03:41 AM PDT
AHP15,2023-06-02T10:43:11Z,- AHP15 commented on issue: [2114](https://github.com/hackforla/website/issues/2114#issuecomment-1573526321) at 2023-06-02 03:43 AM PDT
AHP15,2023-06-02T16:42:13Z,- AHP15 pull request merged: [4763](https://github.com/hackforla/website/pull/4763#event-9416252247) at 2023-06-02 09:42 AM PDT
AHP15,2023-06-05T09:33:00Z,- AHP15 commented on issue: [2114](https://github.com/hackforla/website/issues/2114#issuecomment-1576457991) at 2023-06-05 02:33 AM PDT
AHP15,2023-06-05T09:36:04Z,- AHP15 commented on issue: [2114](https://github.com/hackforla/website/issues/2114#issuecomment-1576462207) at 2023-06-05 02:36 AM PDT
AHP15,2023-06-05T09:40:10Z,- AHP15 commented on issue: [2114](https://github.com/hackforla/website/issues/2114#issuecomment-1576467643) at 2023-06-05 02:40 AM PDT
AHP15,2023-06-05T09:43:45Z,- AHP15 commented on issue: [2114](https://github.com/hackforla/website/issues/2114#issuecomment-1576472441) at 2023-06-05 02:43 AM PDT
AHP15,2023-06-05T09:47:31Z,- AHP15 commented on issue: [2114](https://github.com/hackforla/website/issues/2114#issuecomment-1576477371) at 2023-06-05 02:47 AM PDT
AHP15,2023-06-05T09:51:02Z,- AHP15 commented on issue: [2114](https://github.com/hackforla/website/issues/2114#issuecomment-1576482002) at 2023-06-05 02:51 AM PDT
AHP15,2023-06-05T10:13:03Z,- AHP15 commented on issue: [2114](https://github.com/hackforla/website/issues/2114#issuecomment-1576516137) at 2023-06-05 03:13 AM PDT
AHP15,2023-06-05T10:18:50Z,- AHP15 commented on issue: [2114](https://github.com/hackforla/website/issues/2114#issuecomment-1576524246) at 2023-06-05 03:18 AM PDT
AHP15,2023-06-05T10:34:51Z,- AHP15 commented on issue: [2114](https://github.com/hackforla/website/issues/2114#issuecomment-1576544314) at 2023-06-05 03:34 AM PDT
AHP15,2023-06-05T10:40:31Z,- AHP15 commented on issue: [2114](https://github.com/hackforla/website/issues/2114#issuecomment-1576551611) at 2023-06-05 03:40 AM PDT
AHP15,2023-06-05T10:50:41Z,- AHP15 opened pull request: [4783](https://github.com/hackforla/website/pull/4783) at 2023-06-05 03:50 AM PDT
AHP15,2023-06-07T08:30:07Z,- AHP15 commented on issue: [2114](https://github.com/hackforla/website/issues/2114#issuecomment-1580194266) at 2023-06-07 01:30 AM PDT
AHP15,2023-06-07T08:36:53Z,- AHP15 commented on pull request: [4783](https://github.com/hackforla/website/pull/4783#issuecomment-1580204905) at 2023-06-07 01:36 AM PDT
AHP15,2023-06-12T08:39:18Z,- AHP15 commented on pull request: [4783](https://github.com/hackforla/website/pull/4783#issuecomment-1586858165) at 2023-06-12 01:39 AM PDT
AHP15,2023-06-12T08:42:49Z,- AHP15 commented on pull request: [4783](https://github.com/hackforla/website/pull/4783#issuecomment-1586865060) at 2023-06-12 01:42 AM PDT
AHP15,2023-06-14T17:59:59Z,- AHP15 pull request merged: [4783](https://github.com/hackforla/website/pull/4783#event-9531782092) at 2023-06-14 10:59 AM PDT
Ahtaxam,2023-04-30T03:32:12Z,- Ahtaxam commented on issue: [4483](https://github.com/hackforla/website/issues/4483#issuecomment-1528930041) at 2023-04-29 08:32 PM PDT
Ahtaxam,2023-04-30T18:29:57Z,- Ahtaxam commented on issue: [4529](https://github.com/hackforla/website/issues/4529#issuecomment-1529109509) at 2023-04-30 11:29 AM PDT
aidanwsimmons,5722,SKILLS ISSUE
aidanwsimmons,2023-10-17T02:38:17Z,- aidanwsimmons opened issue: [5722](https://github.com/hackforla/website/issues/5722) at 2023-10-16 07:38 PM PDT
aidanwsimmons,2023-10-17T02:51:37Z,- aidanwsimmons assigned to issue: [5722](https://github.com/hackforla/website/issues/5722) at 2023-10-16 07:51 PM PDT
aidanwsimmons,2024-02-06T03:24:42Z,- aidanwsimmons reopened issue: [5722](https://github.com/hackforla/website/issues/5722#event-11679252273) at 2024-02-05 07:24 PM PST
aidanwsimmons,2024-02-09T22:50:01Z,- aidanwsimmons assigned to issue: [6053](https://github.com/hackforla/website/issues/6053#issuecomment-1875041068) at 2024-02-09 02:50 PM PST
aidanwsimmons,2024-02-09T22:50:51Z,- aidanwsimmons assigned to issue: [6054](https://github.com/hackforla/website/issues/6054#issuecomment-1875047290) at 2024-02-09 02:50 PM PST
aidanwsimmons,2024-02-09T22:51:54Z,- aidanwsimmons unassigned from issue: [6053](https://github.com/hackforla/website/issues/6053#issuecomment-1936706395) at 2024-02-09 02:51 PM PST
aidanwsimmons,2024-02-09T23:07:27Z,- aidanwsimmons commented on issue: [6054](https://github.com/hackforla/website/issues/6054#issuecomment-1936720342) at 2024-02-09 03:07 PM PST
aidanwsimmons,2024-02-09T23:08:46Z,- aidanwsimmons commented on issue: [5722](https://github.com/hackforla/website/issues/5722#issuecomment-1936721304) at 2024-02-09 03:08 PM PST
aidanwsimmons,2024-02-09T23:10:31Z,- aidanwsimmons commented on issue: [6054](https://github.com/hackforla/website/issues/6054#issuecomment-1936722539) at 2024-02-09 03:10 PM PST
aidanwsimmons,2024-02-09T23:35:18Z,- aidanwsimmons opened pull request: [6273](https://github.com/hackforla/website/pull/6273) at 2024-02-09 03:35 PM PST
aidanwsimmons,2024-02-09T23:44:27Z,- aidanwsimmons closed issue as completed: [5722](https://github.com/hackforla/website/issues/5722#event-11763331139) at 2024-02-09 03:44 PM PST
aidanwsimmons,2024-02-10T22:50:12Z,- aidanwsimmons assigned to issue: [6053](https://github.com/hackforla/website/issues/6053#issuecomment-1937320455) at 2024-02-10 02:50 PM PST
aidanwsimmons,2024-02-10T22:55:32Z,- aidanwsimmons unassigned from issue: [6053](https://github.com/hackforla/website/issues/6053#issuecomment-1937335130) at 2024-02-10 02:55 PM PST
aidanwsimmons,2024-02-10T23:41:30Z,- aidanwsimmons commented on pull request: [6273](https://github.com/hackforla/website/pull/6273#issuecomment-1937354976) at 2024-02-10 03:41 PM PST
aidanwsimmons,2024-02-12T18:55:30Z,- aidanwsimmons assigned to issue: [5171](https://github.com/hackforla/website/issues/5171#issuecomment-1720890386) at 2024-02-12 10:55 AM PST
aidanwsimmons,2024-02-12T19:03:18Z,- aidanwsimmons commented on issue: [5171](https://github.com/hackforla/website/issues/5171#issuecomment-1939357451) at 2024-02-12 11:03 AM PST
aidanwsimmons,2024-02-12T19:11:36Z,- aidanwsimmons commented on issue: [5171](https://github.com/hackforla/website/issues/5171#issuecomment-1939368703) at 2024-02-12 11:11 AM PST
aidanwsimmons,2024-02-12T19:32:00Z,- aidanwsimmons pull request closed w/o merging: [6273](https://github.com/hackforla/website/pull/6273#event-11778969500) at 2024-02-12 11:32 AM PST
aidanwsimmons,2024-02-12T20:10:18Z,- aidanwsimmons opened pull request: [6282](https://github.com/hackforla/website/pull/6282) at 2024-02-12 12:10 PM PST
aidanwsimmons,2024-02-12T20:11:48Z,- aidanwsimmons commented on pull request: [6282](https://github.com/hackforla/website/pull/6282#issuecomment-1939483844) at 2024-02-12 12:11 PM PST
aidanwsimmons,2024-02-12T20:12:45Z,- aidanwsimmons unassigned from issue: [5171](https://github.com/hackforla/website/issues/5171#issuecomment-1939368703) at 2024-02-12 12:12 PM PST
aidanwsimmons,2024-02-12T20:13:29Z,- aidanwsimmons commented on issue: [5171](https://github.com/hackforla/website/issues/5171#issuecomment-1939492244) at 2024-02-12 12:13 PM PST
aidanwsimmons,2024-02-12T21:21:14Z,- aidanwsimmons pull request merged: [6282](https://github.com/hackforla/website/pull/6282#event-11780010005) at 2024-02-12 01:21 PM PST
aidanwsimmons,2024-02-13T00:17:42Z,- aidanwsimmons assigned to issue: [5178](https://github.com/hackforla/website/issues/5178#issuecomment-1765488579) at 2024-02-12 04:17 PM PST
aidanwsimmons,2024-02-13T00:19:34Z,- aidanwsimmons commented on issue: [5178](https://github.com/hackforla/website/issues/5178#issuecomment-1939858302) at 2024-02-12 04:19 PM PST
aidanwsimmons,2024-02-13T00:35:28Z,- aidanwsimmons opened pull request: [6283](https://github.com/hackforla/website/pull/6283) at 2024-02-12 04:35 PM PST
aidanwsimmons,2024-02-13T00:37:49Z,- aidanwsimmons commented on pull request: [6281](https://github.com/hackforla/website/pull/6281#issuecomment-1939890101) at 2024-02-12 04:37 PM PST
aidanwsimmons,2024-02-13T00:43:00Z,- aidanwsimmons submitted pull request review: [6281](https://github.com/hackforla/website/pull/6281#pullrequestreview-1876646950) at 2024-02-12 04:43 PM PST
aidanwsimmons,2024-02-13T00:43:08Z,- aidanwsimmons commented on pull request: [6281](https://github.com/hackforla/website/pull/6281#issuecomment-1939910208) at 2024-02-12 04:43 PM PST
aidanwsimmons,2024-02-13T07:42:37Z,- aidanwsimmons commented on pull request: [6283](https://github.com/hackforla/website/pull/6283#issuecomment-1940613719) at 2024-02-12 11:42 PM PST
aidanwsimmons,2024-02-14T03:36:25Z,- aidanwsimmons commented on pull request: [6279](https://github.com/hackforla/website/pull/6279#issuecomment-1943034010) at 2024-02-13 07:36 PM PST
aidanwsimmons,2024-02-15T01:20:10Z,- aidanwsimmons submitted pull request review: [6279](https://github.com/hackforla/website/pull/6279#pullrequestreview-1881588551) at 2024-02-14 05:20 PM PST
aidanwsimmons,2024-02-15T06:53:44Z,- aidanwsimmons pull request merged: [6283](https://github.com/hackforla/website/pull/6283#event-11811037717) at 2024-02-14 10:53 PM PST
aidanwsimmons,2024-02-27T22:16:29Z,- aidanwsimmons commented on issue: [5178](https://github.com/hackforla/website/issues/5178#issuecomment-1967731895) at 2024-02-27 02:16 PM PST
aidanwsimmons,2024-02-27T23:54:59Z,- aidanwsimmons unassigned from issue: [5178](https://github.com/hackforla/website/issues/5178#issuecomment-1967731895) at 2024-02-27 03:54 PM PST
aidanwsimmons,2024-02-28T00:00:02Z,- aidanwsimmons assigned to issue: [6375](https://github.com/hackforla/website/issues/6375#issuecomment-1963127100) at 2024-02-27 04:00 PM PST
aidanwsimmons,2024-02-28T00:09:08Z,- aidanwsimmons commented on issue: [6375](https://github.com/hackforla/website/issues/6375#issuecomment-1967944565) at 2024-02-27 04:09 PM PST
aidanwsimmons,2024-02-28T00:37:06Z,- aidanwsimmons opened pull request: [6386](https://github.com/hackforla/website/pull/6386) at 2024-02-27 04:37 PM PST
aidanwsimmons,2024-02-28T18:12:16Z,- aidanwsimmons commented on pull request: [6384](https://github.com/hackforla/website/pull/6384#issuecomment-1969563986) at 2024-02-28 10:12 AM PST
aidanwsimmons,2024-02-28T18:12:38Z,- aidanwsimmons commented on pull request: [6362](https://github.com/hackforla/website/pull/6362#issuecomment-1969564548) at 2024-02-28 10:12 AM PST
aidanwsimmons,2024-02-28T23:29:03Z,- aidanwsimmons submitted pull request review: [6362](https://github.com/hackforla/website/pull/6362#pullrequestreview-1907642805) at 2024-02-28 03:29 PM PST
aidanwsimmons,2024-02-29T00:02:50Z,- aidanwsimmons submitted pull request review: [6384](https://github.com/hackforla/website/pull/6384#pullrequestreview-1907679194) at 2024-02-28 04:02 PM PST
aidanwsimmons,2024-03-02T00:38:12Z,- aidanwsimmons commented on pull request: [6386](https://github.com/hackforla/website/pull/6386#issuecomment-1974135587) at 2024-03-01 04:38 PM PST
aidanwsimmons,2024-03-04T01:49:56Z,- aidanwsimmons pull request merged: [6386](https://github.com/hackforla/website/pull/6386#event-11992263633) at 2024-03-03 05:49 PM PST
aidanwsimmons,2024-03-05T02:04:26Z,- aidanwsimmons assigned to issue: [5843](https://github.com/hackforla/website/issues/5843#issuecomment-1920547949) at 2024-03-04 06:04 PM PST
aidanwsimmons,2024-03-05T02:05:14Z,- aidanwsimmons commented on issue: [5843](https://github.com/hackforla/website/issues/5843#issuecomment-1977815356) at 2024-03-04 06:05 PM PST
aidanwsimmons,2024-03-05T02:27:01Z,- aidanwsimmons opened pull request: [6417](https://github.com/hackforla/website/pull/6417) at 2024-03-04 06:27 PM PST
aidanwsimmons,2024-03-07T01:44:39Z,- aidanwsimmons pull request merged: [6417](https://github.com/hackforla/website/pull/6417#event-12035475518) at 2024-03-06 05:44 PM PST
aidanwsimmons,2024-03-07T22:34:33Z,- aidanwsimmons assigned to issue: [5997](https://github.com/hackforla/website/issues/5997) at 2024-03-07 02:34 PM PST
aidanwsimmons,2024-03-07T22:35:09Z,- aidanwsimmons commented on issue: [5997](https://github.com/hackforla/website/issues/5997#issuecomment-1984667493) at 2024-03-07 02:35 PM PST
aidanwsimmons,2024-03-25T19:22:05Z,- aidanwsimmons assigned to issue: [6510](https://github.com/hackforla/website/issues/6510) at 2024-03-25 12:22 PM PDT
aidanwsimmons,2024-03-25T19:22:53Z,- aidanwsimmons commented on issue: [6510](https://github.com/hackforla/website/issues/6510#issuecomment-2018743611) at 2024-03-25 12:22 PM PDT
aidanwsimmons,2024-03-27T00:17:28Z,- aidanwsimmons opened pull request: [6521](https://github.com/hackforla/website/pull/6521) at 2024-03-26 05:17 PM PDT
aidanwsimmons,2024-03-27T17:03:57Z,- aidanwsimmons commented on pull request: [6518](https://github.com/hackforla/website/pull/6518#issuecomment-2023325054) at 2024-03-27 10:03 AM PDT
aidanwsimmons,2024-03-27T17:04:11Z,- aidanwsimmons commented on pull request: [6503](https://github.com/hackforla/website/pull/6503#issuecomment-2023325451) at 2024-03-27 10:04 AM PDT
aidanwsimmons,2024-03-27T20:01:12Z,- aidanwsimmons submitted pull request review: [6518](https://github.com/hackforla/website/pull/6518#pullrequestreview-1964628762) at 2024-03-27 01:01 PM PDT
aidanwsimmons,2024-03-31T03:11:02Z,- aidanwsimmons pull request merged: [6521](https://github.com/hackforla/website/pull/6521#event-12302225921) at 2024-03-30 08:11 PM PDT
aidanwsimmons,2024-04-04T21:28:15Z,- aidanwsimmons submitted pull request review: [6566](https://github.com/hackforla/website/pull/6566#pullrequestreview-1981218047) at 2024-04-04 02:28 PM PDT
aidanwsimmons,2024-04-04T21:29:33Z,- aidanwsimmons commented on pull request: [6566](https://github.com/hackforla/website/pull/6566#issuecomment-2038262081) at 2024-04-04 02:29 PM PDT
aidanwsimmons,2024-04-10T02:25:22Z,- aidanwsimmons submitted pull request review: [6566](https://github.com/hackforla/website/pull/6566#pullrequestreview-1990656273) at 2024-04-09 07:25 PM PDT
aidanwsimmons,2024-04-12T20:03:27Z,- aidanwsimmons assigned to issue: [6622](https://github.com/hackforla/website/issues/6622#issuecomment-2049043631) at 2024-04-12 01:03 PM PDT
aidanwsimmons,2024-04-12T20:04:42Z,- aidanwsimmons commented on issue: [6622](https://github.com/hackforla/website/issues/6622#issuecomment-2052450947) at 2024-04-12 01:04 PM PDT
aidanwsimmons,2024-04-15T19:45:34Z,- aidanwsimmons commented on issue: [6622](https://github.com/hackforla/website/issues/6622#issuecomment-2057678507) at 2024-04-15 12:45 PM PDT
aidanwsimmons,2024-04-15T20:07:22Z,- aidanwsimmons opened pull request: [6651](https://github.com/hackforla/website/pull/6651) at 2024-04-15 01:07 PM PDT
aidanwsimmons,2024-04-21T17:37:31Z,- aidanwsimmons pull request merged: [6651](https://github.com/hackforla/website/pull/6651#event-12551509072) at 2024-04-21 10:37 AM PDT
aidanwsimmons,2024-04-22T00:14:12Z,- aidanwsimmons commented on pull request: [6708](https://github.com/hackforla/website/pull/6708#issuecomment-2068279223) at 2024-04-21 05:14 PM PDT
aidanwsimmons,2024-04-22T21:53:51Z,- aidanwsimmons submitted pull request review: [6708](https://github.com/hackforla/website/pull/6708#pullrequestreview-2015864269) at 2024-04-22 02:53 PM PDT
aidanwsimmons,2024-04-24T17:26:51Z,- aidanwsimmons commented on pull request: [6712](https://github.com/hackforla/website/pull/6712#issuecomment-2075469497) at 2024-04-24 10:26 AM PDT
aidanwsimmons,2024-04-24T20:18:41Z,- aidanwsimmons submitted pull request review: [6712](https://github.com/hackforla/website/pull/6712#pullrequestreview-2020867771) at 2024-04-24 01:18 PM PDT
aidanwsimmons,2024-04-24T23:11:15Z,- aidanwsimmons assigned to issue: [6548](https://github.com/hackforla/website/issues/6548#issuecomment-2073098283) at 2024-04-24 04:11 PM PDT
aidanwsimmons,2024-04-24T23:12:53Z,- aidanwsimmons commented on issue: [6548](https://github.com/hackforla/website/issues/6548#issuecomment-2076013026) at 2024-04-24 04:12 PM PDT
aidanwsimmons,2024-05-04T01:05:58Z,- aidanwsimmons opened pull request: [6816](https://github.com/hackforla/website/pull/6816) at 2024-05-03 06:05 PM PDT
aidanwsimmons,2024-05-08T00:51:43Z,- aidanwsimmons pull request closed w/o merging: [6816](https://github.com/hackforla/website/pull/6816#event-12736899416) at 2024-05-07 05:51 PM PDT
aidanwsimmons,2024-05-10T04:04:46Z,- aidanwsimmons commented on issue: [6548](https://github.com/hackforla/website/issues/6548#issuecomment-2103820897) at 2024-05-09 09:04 PM PDT
aidanwsimmons,2024-05-13T01:59:27Z,- aidanwsimmons commented on issue: [6548](https://github.com/hackforla/website/issues/6548#issuecomment-2106501961) at 2024-05-12 06:59 PM PDT
aidanwsimmons,2024-05-13T01:59:43Z,- aidanwsimmons unassigned from issue: [6548](https://github.com/hackforla/website/issues/6548#issuecomment-2106501961) at 2024-05-12 06:59 PM PDT
aidanwsimmons,2024-05-29T08:06:04Z,- aidanwsimmons submitted pull request review: [6887](https://github.com/hackforla/website/pull/6887#pullrequestreview-2084624621) at 2024-05-29 01:06 AM PDT
aidanwsimmons,2024-06-06T22:34:53Z,- aidanwsimmons assigned to issue: [6910](https://github.com/hackforla/website/issues/6910#issuecomment-2136876344) at 2024-06-06 03:34 PM PDT
aidanwsimmons,2024-06-06T22:35:53Z,- aidanwsimmons commented on issue: [6910](https://github.com/hackforla/website/issues/6910#issuecomment-2153510126) at 2024-06-06 03:35 PM PDT
aidanwsimmons,2024-06-10T22:45:19Z,- aidanwsimmons opened pull request: [6985](https://github.com/hackforla/website/pull/6985) at 2024-06-10 03:45 PM PDT
aidanwsimmons,2024-06-12T03:25:33Z,- aidanwsimmons commented on pull request: [6976](https://github.com/hackforla/website/pull/6976#issuecomment-2162032534) at 2024-06-11 08:25 PM PDT
aidanwsimmons,2024-06-12T17:11:33Z,- aidanwsimmons pull request merged: [6985](https://github.com/hackforla/website/pull/6985#event-13135052450) at 2024-06-12 10:11 AM PDT
aidanwsimmons,2024-06-13T02:56:01Z,- aidanwsimmons submitted pull request review: [6976](https://github.com/hackforla/website/pull/6976#pullrequestreview-2114582929) at 2024-06-12 07:56 PM PDT
aidenjlee4321,6028,SKILLS ISSUE
aidenjlee4321,2024-01-03T03:42:05Z,- aidenjlee4321 opened issue: [6028](https://github.com/hackforla/website/issues/6028) at 2024-01-02 07:42 PM PST
aidenjlee4321,2024-01-03T03:42:15Z,- aidenjlee4321 assigned to issue: [6028](https://github.com/hackforla/website/issues/6028) at 2024-01-02 07:42 PM PST
aidenjlee4321,2024-01-17T06:09:18Z,- aidenjlee4321 assigned to issue: [6106](https://github.com/hackforla/website/issues/6106) at 2024-01-16 10:09 PM PST
aidenjlee4321,2024-01-19T05:49:06Z,- aidenjlee4321 opened pull request: [6132](https://github.com/hackforla/website/pull/6132) at 2024-01-18 09:49 PM PST
aidenjlee4321,2024-01-19T14:51:31Z,- aidenjlee4321 pull request merged: [6132](https://github.com/hackforla/website/pull/6132#event-11538531576) at 2024-01-19 06:51 AM PST
aidenjlee4321,2024-02-15T05:24:07Z,- aidenjlee4321 closed issue as completed: [6028](https://github.com/hackforla/website/issues/6028#event-11810273805) at 2024-02-14 09:24 PM PST
aidenjlee4321,2024-02-22T05:46:03Z,- aidenjlee4321 assigned to issue: [6234](https://github.com/hackforla/website/issues/6234) at 2024-02-21 09:46 PM PST
aidenjlee4321,2024-02-22T07:37:30Z,- aidenjlee4321 opened pull request: [6357](https://github.com/hackforla/website/pull/6357) at 2024-02-21 11:37 PM PST
aidenjlee4321,2024-02-23T07:31:24Z,- aidenjlee4321 pull request closed w/o merging: [6357](https://github.com/hackforla/website/pull/6357#event-11900205499) at 2024-02-22 11:31 PM PST
aidenjlee4321,2024-03-20T21:06:16Z,- aidenjlee4321 unassigned from issue: [6234](https://github.com/hackforla/website/issues/6234#issuecomment-2010637562) at 2024-03-20 02:06 PM PDT
aidenjlee4321,2024-05-30T06:30:27Z,- aidenjlee4321 assigned to issue: [6585](https://github.com/hackforla/website/issues/6585#issuecomment-2119379100) at 2024-05-29 11:30 PM PDT
aidenjlee4321,2024-05-30T06:34:28Z,- aidenjlee4321 commented on issue: [6585](https://github.com/hackforla/website/issues/6585#issuecomment-2138782396) at 2024-05-29 11:34 PM PDT
aidenjlee4321,2024-05-30T06:47:46Z,- aidenjlee4321 assigned to issue: [6590](https://github.com/hackforla/website/issues/6590#issuecomment-2119377587) at 2024-05-29 11:47 PM PDT
aidenjlee4321,2024-06-21T02:55:34Z,- aidenjlee4321 assigned to issue: [6644](https://github.com/hackforla/website/issues/6644#issuecomment-2156271665) at 2024-06-20 07:55 PM PDT
aidenjlee4321,2024-06-21T03:06:54Z,- aidenjlee4321 commented on issue: [6644](https://github.com/hackforla/website/issues/6644#issuecomment-2181910941) at 2024-06-20 08:06 PM PDT
aidenjlee4321,2024-06-21T03:08:37Z,- aidenjlee4321 commented on issue: [6644](https://github.com/hackforla/website/issues/6644#issuecomment-2181912100) at 2024-06-20 08:08 PM PDT
aidenjlee4321,2024-08-16T20:32:18Z,- aidenjlee4321 unassigned from issue: [6590](https://github.com/hackforla/website/issues/6590#issuecomment-2294196567) at 2024-08-16 01:32 PM PDT
aidenjlee4321,2024-09-20T18:01:24Z,- aidenjlee4321 assigned to issue: [7112](https://github.com/hackforla/website/issues/7112#issuecomment-2364186162) at 2024-09-20 11:01 AM PDT
aidenjlee4321,2024-09-23T22:53:32Z,- aidenjlee4321 commented on issue: [7112](https://github.com/hackforla/website/issues/7112#issuecomment-2369697792) at 2024-09-23 03:53 PM PDT
aidenjlee4321,2024-10-30T15:26:48Z,- aidenjlee4321 unassigned from issue: [7112](https://github.com/hackforla/website/issues/7112#issuecomment-2437052576) at 2024-10-30 08:26 AM PDT
aidenshaw07,5230,SKILLS ISSUE
aidenshaw07,2023-08-15T03:56:40Z,- aidenshaw07 opened issue: [5230](https://github.com/hackforla/website/issues/5230) at 2023-08-14 08:56 PM PDT
aidenshaw07,2024-02-13T21:42:49Z,- aidenshaw07 assigned to issue: [5230](https://github.com/hackforla/website/issues/5230#event-11651616256) at 2024-02-13 01:42 PM PST
ajb176,5232,SKILLS ISSUE
ajb176,2023-08-15T04:23:19Z,- ajb176 opened issue: [5232](https://github.com/hackforla/website/issues/5232) at 2023-08-14 09:23 PM PDT
ajb176,2023-08-15T04:24:34Z,- ajb176 assigned to issue: [5232](https://github.com/hackforla/website/issues/5232) at 2023-08-14 09:24 PM PDT
ajb176,2023-08-16T15:41:58Z,- ajb176 commented on issue: [5232](https://github.com/hackforla/website/issues/5232#issuecomment-1680851259) at 2023-08-16 08:41 AM PDT
ajb176,2023-08-27T18:36:40Z,- ajb176 assigned to issue: [5281](https://github.com/hackforla/website/issues/5281#issuecomment-1687026308) at 2023-08-27 11:36 AM PDT
ajb176,2023-08-27T18:45:30Z,- ajb176 commented on issue: [5281](https://github.com/hackforla/website/issues/5281#issuecomment-1694734984) at 2023-08-27 11:45 AM PDT
ajb176,2023-08-29T19:08:24Z,- ajb176 opened pull request: [5335](https://github.com/hackforla/website/pull/5335) at 2023-08-29 12:08 PM PDT
ajb176,2023-08-30T02:01:27Z,- ajb176 pull request merged: [5335](https://github.com/hackforla/website/pull/5335#event-10227505144) at 2023-08-29 07:01 PM PDT
ajb176,2023-08-30T07:56:59Z,- ajb176 commented on issue: [5232](https://github.com/hackforla/website/issues/5232#issuecomment-1698678803) at 2023-08-30 12:56 AM PDT
ajb176,2023-09-04T07:11:43Z,- ajb176 closed issue as completed: [5232](https://github.com/hackforla/website/issues/5232#event-10270289157) at 2023-09-04 12:11 AM PDT
ajb176,2023-09-17T12:12:37Z,- ajb176 assigned to issue: [5530](https://github.com/hackforla/website/issues/5530#issuecomment-1720331921) at 2023-09-17 05:12 AM PDT
ajb176,2023-09-17T12:15:26Z,- ajb176 commented on issue: [5530](https://github.com/hackforla/website/issues/5530#issuecomment-1722464034) at 2023-09-17 05:15 AM PDT
ajb176,2023-09-24T14:13:01Z,- ajb176 commented on pull request: [5576](https://github.com/hackforla/website/pull/5576#issuecomment-1732579148) at 2023-09-24 07:13 AM PDT
ajb176,2023-09-25T16:34:20Z,- ajb176 commented on pull request: [5576](https://github.com/hackforla/website/pull/5576#issuecomment-1734098500) at 2023-09-25 09:34 AM PDT
ajb176,2023-09-25T17:19:03Z,- ajb176 commented on pull request: [5565](https://github.com/hackforla/website/pull/5565#issuecomment-1734164967) at 2023-09-25 10:19 AM PDT
ajb176,2023-09-27T07:19:42Z,- ajb176 submitted pull request review: [5576](https://github.com/hackforla/website/pull/5576#pullrequestreview-1645769872) at 2023-09-27 12:19 AM PDT
ajb176,2023-09-27T08:54:22Z,- ajb176 submitted pull request review: [5611](https://github.com/hackforla/website/pull/5611#pullrequestreview-1645962783) at 2023-09-27 01:54 AM PDT
ajb176,2023-09-27T10:01:28Z,- ajb176 commented on pull request: [5610](https://github.com/hackforla/website/pull/5610#issuecomment-1737091653) at 2023-09-27 03:01 AM PDT
ajb176,2023-09-28T06:49:08Z,- ajb176 submitted pull request review: [5565](https://github.com/hackforla/website/pull/5565#pullrequestreview-1648017648) at 2023-09-27 11:49 PM PDT
ajb176,2023-09-29T09:21:00Z,- ajb176 commented on pull request: [5625](https://github.com/hackforla/website/pull/5625#issuecomment-1740576991) at 2023-09-29 02:21 AM PDT
ajb176,2023-09-29T09:39:53Z,- ajb176 commented on pull request: [5626](https://github.com/hackforla/website/pull/5626#issuecomment-1740601320) at 2023-09-29 02:39 AM PDT
ajb176,2023-09-29T10:19:57Z,- ajb176 submitted pull request review: [5616](https://github.com/hackforla/website/pull/5616#pullrequestreview-1650495264) at 2023-09-29 03:19 AM PDT
ajb176,2023-10-03T18:43:42Z,- ajb176 commented on pull request: [5651](https://github.com/hackforla/website/pull/5651#issuecomment-1745527434) at 2023-10-03 11:43 AM PDT
ajb176,2023-10-05T14:48:13Z,- ajb176 submitted pull request review: [5664](https://github.com/hackforla/website/pull/5664#pullrequestreview-1660073170) at 2023-10-05 07:48 AM PDT
ajb176,2023-10-05T14:55:22Z,- ajb176 commented on pull request: [5663](https://github.com/hackforla/website/pull/5663#issuecomment-1749075736) at 2023-10-05 07:55 AM PDT
ajb176,2023-10-05T15:11:15Z,- ajb176 submitted pull request review: [5664](https://github.com/hackforla/website/pull/5664#pullrequestreview-1660128610) at 2023-10-05 08:11 AM PDT
ajb176,2023-10-05T17:49:57Z,- ajb176 commented on pull request: [5663](https://github.com/hackforla/website/pull/5663#issuecomment-1749383910) at 2023-10-05 10:49 AM PDT
ajb176,2023-10-05T17:50:36Z,- ajb176 submitted pull request review: [5663](https://github.com/hackforla/website/pull/5663#pullrequestreview-1660413738) at 2023-10-05 10:50 AM PDT
ajb176,2023-10-07T07:34:21Z,- ajb176 submitted pull request review: [5664](https://github.com/hackforla/website/pull/5664#pullrequestreview-1663016723) at 2023-10-07 12:34 AM PDT
ajb176,2023-10-10T14:45:57Z,- ajb176 commented on pull request: [5683](https://github.com/hackforla/website/pull/5683#issuecomment-1755599352) at 2023-10-10 07:45 AM PDT
ajb176,2023-10-10T16:38:42Z,- ajb176 submitted pull request review: [5683](https://github.com/hackforla/website/pull/5683#pullrequestreview-1668259636) at 2023-10-10 09:38 AM PDT
ajb176,2023-10-10T17:36:39Z,- ajb176 submitted pull request review: [5688](https://github.com/hackforla/website/pull/5688#pullrequestreview-1668473812) at 2023-10-10 10:36 AM PDT
ajb176,2023-10-12T05:37:54Z,- ajb176 submitted pull request review: [5688](https://github.com/hackforla/website/pull/5688#pullrequestreview-1673058793) at 2023-10-11 10:37 PM PDT
ajb176,2023-10-23T00:39:36Z,- ajb176 submitted pull request review: [5765](https://github.com/hackforla/website/pull/5765#pullrequestreview-1691549914) at 2023-10-22 05:39 PM PDT
ajb176,2023-11-03T16:32:54Z,- ajb176 commented on pull request: [5820](https://github.com/hackforla/website/pull/5820#issuecomment-1792769911) at 2023-11-03 09:32 AM PDT
ajb176,2023-11-06T03:18:18Z,- ajb176 submitted pull request review: [5820](https://github.com/hackforla/website/pull/5820#pullrequestreview-1714208550) at 2023-11-05 07:18 PM PST
ajb176,2023-11-06T03:22:19Z,- ajb176 commented on pull request: [5853](https://github.com/hackforla/website/pull/5853#issuecomment-1794025491) at 2023-11-05 07:22 PM PST
ajb176,2023-11-06T04:02:16Z,- ajb176 submitted pull request review: [5853](https://github.com/hackforla/website/pull/5853#pullrequestreview-1714230178) at 2023-11-05 08:02 PM PST
ajb176,2023-11-07T00:26:58Z,- ajb176 submitted pull request review: [5858](https://github.com/hackforla/website/pull/5858#pullrequestreview-1716559737) at 2023-11-06 04:26 PM PST
ajb176,2023-11-19T08:12:06Z,- ajb176 submitted pull request review: [5913](https://github.com/hackforla/website/pull/5913#pullrequestreview-1738569394) at 2023-11-19 12:12 AM PST
ajb176,2023-11-19T08:14:06Z,- ajb176 submitted pull request review: [5920](https://github.com/hackforla/website/pull/5920#pullrequestreview-1738569702) at 2023-11-19 12:14 AM PST
ajb176,2023-11-21T08:41:57Z,- ajb176 commented on issue: [5693](https://github.com/hackforla/website/issues/5693#issuecomment-1820467858) at 2023-11-21 12:41 AM PST
ajb176,2023-11-21T08:44:14Z,- ajb176 commented on issue: [5693](https://github.com/hackforla/website/issues/5693#issuecomment-1820471156) at 2023-11-21 12:44 AM PST
ajb176,2023-11-22T07:41:08Z,- ajb176 commented on pull request: [5920](https://github.com/hackforla/website/pull/5920#issuecomment-1822255702) at 2023-11-21 11:41 PM PST
ajb176,2023-11-23T08:13:27Z,- ajb176 submitted pull request review: [5920](https://github.com/hackforla/website/pull/5920#pullrequestreview-1745879688) at 2023-11-23 12:13 AM PST
ajb176,2023-11-26T12:46:15Z,- ajb176 commented on pull request: [5920](https://github.com/hackforla/website/pull/5920#issuecomment-1826775215) at 2023-11-26 04:46 AM PST
ajb176,2023-11-26T12:51:54Z,- ajb176 commented on pull request: [5920](https://github.com/hackforla/website/pull/5920#issuecomment-1826776502) at 2023-11-26 04:51 AM PST
ajb176,2023-12-02T18:04:45Z,- ajb176 commented on pull request: [5920](https://github.com/hackforla/website/pull/5920#issuecomment-1837217833) at 2023-12-02 10:04 AM PST
ajb176,2023-12-15T14:08:32Z,- ajb176 commented on pull request: [6007](https://github.com/hackforla/website/pull/6007#issuecomment-1857945653) at 2023-12-15 06:08 AM PST
ajb176,2024-01-30T14:54:58Z,- ajb176 commented on pull request: [6194](https://github.com/hackforla/website/pull/6194#issuecomment-1917070298) at 2024-01-30 06:54 AM PST
ajb176,2024-01-30T15:18:45Z,- ajb176 submitted pull request review: [6194](https://github.com/hackforla/website/pull/6194#pullrequestreview-1851584817) at 2024-01-30 07:18 AM PST
ajb176,2024-02-09T10:10:41Z,- ajb176 commented on pull request: [6270](https://github.com/hackforla/website/pull/6270#issuecomment-1935651728) at 2024-02-09 02:10 AM PST
ajb176,2024-02-10T08:04:30Z,- ajb176 submitted pull request review: [6270](https://github.com/hackforla/website/pull/6270#pullrequestreview-1873529234) at 2024-02-10 12:04 AM PST
ajb176,2024-02-11T06:34:03Z,- ajb176 commented on pull request: [6270](https://github.com/hackforla/website/pull/6270#issuecomment-1937448990) at 2024-02-10 10:34 PM PST
ajb176,2024-02-27T17:23:07Z,- ajb176 commented on pull request: [6374](https://github.com/hackforla/website/pull/6374#issuecomment-1967246140) at 2024-02-27 09:23 AM PST
ajb176,2024-02-27T17:38:23Z,- ajb176 submitted pull request review: [6374](https://github.com/hackforla/website/pull/6374#pullrequestreview-1904322572) at 2024-02-27 09:38 AM PST
ajb176,2024-03-15T13:08:18Z,- ajb176 commented on pull request: [6462](https://github.com/hackforla/website/pull/6462#issuecomment-1999629971) at 2024-03-15 06:08 AM PDT
ajb176,2024-03-16T19:34:00Z,- ajb176 submitted pull request review: [6462](https://github.com/hackforla/website/pull/6462#pullrequestreview-1941300769) at 2024-03-16 12:34 PM PDT
ajb176,2024-03-26T07:08:08Z,- ajb176 assigned to issue: [5473](https://github.com/hackforla/website/issues/5473#issuecomment-1712786597) at 2024-03-26 12:08 AM PDT
ajb176,2024-03-26T07:08:24Z,- ajb176 commented on issue: [5473](https://github.com/hackforla/website/issues/5473#issuecomment-2019535104) at 2024-03-26 12:08 AM PDT
ajb176,2024-03-27T18:35:00Z,- ajb176 commented on issue: [5473](https://github.com/hackforla/website/issues/5473#issuecomment-2023635397) at 2024-03-27 11:35 AM PDT
ajb176,2024-03-27T18:37:20Z,- ajb176 commented on pull request: [6536](https://github.com/hackforla/website/pull/6536#issuecomment-2023656570) at 2024-03-27 11:37 AM PDT
ajb176,2024-03-28T11:10:06Z,- ajb176 submitted pull request review: [6536](https://github.com/hackforla/website/pull/6536#pullrequestreview-1965812511) at 2024-03-28 04:10 AM PDT
ajb176,2024-03-28T17:01:19Z,- ajb176 commented on pull request: [6536](https://github.com/hackforla/website/pull/6536#issuecomment-2025698413) at 2024-03-28 10:01 AM PDT
ajb176,2024-03-28T20:04:24Z,- ajb176 opened pull request: [6543](https://github.com/hackforla/website/pull/6543) at 2024-03-28 01:04 PM PDT
ajb176,2024-03-28T20:10:24Z,- ajb176 commented on pull request: [6536](https://github.com/hackforla/website/pull/6536#issuecomment-2026025435) at 2024-03-28 01:10 PM PDT
ajb176,2024-03-28T21:21:56Z,- ajb176 commented on pull request: [6536](https://github.com/hackforla/website/pull/6536#issuecomment-2026152508) at 2024-03-28 02:21 PM PDT
ajb176,2024-03-29T19:53:50Z,- ajb176 submitted pull request review: [6536](https://github.com/hackforla/website/pull/6536#pullrequestreview-1969532597) at 2024-03-29 12:53 PM PDT
ajb176,2024-03-29T20:07:41Z,- ajb176 submitted pull request review: [6547](https://github.com/hackforla/website/pull/6547#pullrequestreview-1969559080) at 2024-03-29 01:07 PM PDT
ajb176,2024-03-31T03:15:23Z,- ajb176 pull request merged: [6543](https://github.com/hackforla/website/pull/6543#event-12302229935) at 2024-03-30 08:15 PM PDT
ajb176,2024-04-13T15:22:00Z,- ajb176 submitted pull request review: [6625](https://github.com/hackforla/website/pull/6625#pullrequestreview-1999281157) at 2024-04-13 08:22 AM PDT
ajb176,2024-04-19T17:19:36Z,- ajb176 submitted pull request review: [6688](https://github.com/hackforla/website/pull/6688#pullrequestreview-2011976889) at 2024-04-19 10:19 AM PDT
ajb176,2024-04-29T17:49:04Z,- ajb176 submitted pull request review: [6774](https://github.com/hackforla/website/pull/6774#pullrequestreview-2029168807) at 2024-04-29 10:49 AM PDT
ajb176,2024-04-30T09:36:46Z,- ajb176 submitted pull request review: [6774](https://github.com/hackforla/website/pull/6774#pullrequestreview-2030785474) at 2024-04-30 02:36 AM PDT
ajb176,2024-04-30T10:12:44Z,- ajb176 submitted pull request review: [6768](https://github.com/hackforla/website/pull/6768#pullrequestreview-2030865367) at 2024-04-30 03:12 AM PDT
ajb176,2024-05-01T15:34:26Z,- ajb176 submitted pull request review: [6768](https://github.com/hackforla/website/pull/6768#pullrequestreview-2033840136) at 2024-05-01 08:34 AM PDT
ajb176,2024-05-15T12:40:17Z,- ajb176 submitted pull request review: [6856](https://github.com/hackforla/website/pull/6856#pullrequestreview-2057894982) at 2024-05-15 05:40 AM PDT
ajb176,2024-05-24T09:51:41Z,- ajb176 submitted pull request review: [6892](https://github.com/hackforla/website/pull/6892#pullrequestreview-2076422732) at 2024-05-24 02:51 AM PDT
ajb176,2024-05-25T12:44:34Z,- ajb176 submitted pull request review: [6893](https://github.com/hackforla/website/pull/6893#pullrequestreview-2078962802) at 2024-05-25 05:44 AM PDT
ajb176,2024-05-30T15:16:48Z,- ajb176 commented on pull request: [6915](https://github.com/hackforla/website/pull/6915#issuecomment-2139902414) at 2024-05-30 08:16 AM PDT
ajb176,2024-06-05T19:12:28Z,- ajb176 opened pull request: [6959](https://github.com/hackforla/website/pull/6959) at 2024-06-05 12:12 PM PDT
ajb176,2024-06-05T19:22:43Z,- ajb176 commented on pull request: [6959](https://github.com/hackforla/website/pull/6959#issuecomment-2150793923) at 2024-06-05 12:22 PM PDT
ajb176,2024-06-05T19:41:38Z,- ajb176 pull request closed w/o merging: [6959](https://github.com/hackforla/website/pull/6959#event-13056636183) at 2024-06-05 12:41 PM PDT
ajb176,2024-06-05T19:43:11Z,- ajb176 opened pull request: [6960](https://github.com/hackforla/website/pull/6960) at 2024-06-05 12:43 PM PDT
ajb176,2024-06-05T19:44:31Z,- ajb176 pull request closed w/o merging: [6960](https://github.com/hackforla/website/pull/6960#event-13056667530) at 2024-06-05 12:44 PM PDT
ajb176,2024-06-05T19:46:43Z,- ajb176 opened pull request: [6962](https://github.com/hackforla/website/pull/6962) at 2024-06-05 12:46 PM PDT
ajb176,2024-06-05T19:48:02Z,- ajb176 pull request closed w/o merging: [6962](https://github.com/hackforla/website/pull/6962#event-13056703950) at 2024-06-05 12:48 PM PDT
ajb176,2024-06-05T19:49:45Z,- ajb176 reopened pull request: [6959](https://github.com/hackforla/website/pull/6959#event-13056636183) at 2024-06-05 12:49 PM PDT
ajb176,2024-06-06T07:16:56Z,- ajb176 commented on pull request: [6959](https://github.com/hackforla/website/pull/6959#issuecomment-2151571588) at 2024-06-06 12:16 AM PDT
ajb176,2024-06-06T07:17:24Z,- ajb176 pull request closed w/o merging: [6959](https://github.com/hackforla/website/pull/6959#event-13062067921) at 2024-06-06 12:17 AM PDT
ajb176,2024-06-06T07:58:20Z,- ajb176 opened pull request: [6966](https://github.com/hackforla/website/pull/6966) at 2024-06-06 12:58 AM PDT
ajb176,2024-06-06T08:05:08Z,- ajb176 pull request closed w/o merging: [6966](https://github.com/hackforla/website/pull/6966#event-13062643139) at 2024-06-06 01:05 AM PDT
ajb176,2024-06-06T08:05:35Z,- ajb176 reopened pull request: [6959](https://github.com/hackforla/website/pull/6959#event-13062067921) at 2024-06-06 01:05 AM PDT
ajb176,2024-06-07T05:16:02Z,- ajb176 opened pull request: [6971](https://github.com/hackforla/website/pull/6971) at 2024-06-06 10:16 PM PDT
ajb176,2024-06-07T05:18:57Z,- ajb176 pull request closed w/o merging: [6959](https://github.com/hackforla/website/pull/6959#event-13075157745) at 2024-06-06 10:18 PM PDT
ajb176,2024-06-13T21:56:23Z,- ajb176 submitted pull request review: [6991](https://github.com/hackforla/website/pull/6991#pullrequestreview-2117097380) at 2024-06-13 02:56 PM PDT
ajb176,2024-06-13T22:02:30Z,- ajb176 commented on pull request: [7002](https://github.com/hackforla/website/pull/7002#issuecomment-2166868548) at 2024-06-13 03:02 PM PDT
ajb176,2024-06-13T22:14:42Z,- ajb176 commented on issue: [6981](https://github.com/hackforla/website/issues/6981#issuecomment-2166881453) at 2024-06-13 03:14 PM PDT
ajb176,2024-06-15T06:09:49Z,- ajb176 commented on pull request: [6971](https://github.com/hackforla/website/pull/6971#issuecomment-2169153480) at 2024-06-14 11:09 PM PDT
ajb176,2024-06-17T13:40:49Z,- ajb176 commented on pull request: [6971](https://github.com/hackforla/website/pull/6971#issuecomment-2173428363) at 2024-06-17 06:40 AM PDT
ajb176,2024-06-21T07:43:03Z,- ajb176 commented on pull request: [6971](https://github.com/hackforla/website/pull/6971#issuecomment-2182190643) at 2024-06-21 12:43 AM PDT
ajb176,2024-07-31T11:39:55Z,- ajb176 commented on pull request: [6971](https://github.com/hackforla/website/pull/6971#issuecomment-2260319006) at 2024-07-31 04:39 AM PDT
ajb176,2024-08-03T08:45:53Z,- ajb176 commented on pull request: [6971](https://github.com/hackforla/website/pull/6971#issuecomment-2266642257) at 2024-08-03 01:45 AM PDT
ajb176,2024-08-04T13:44:22Z,- ajb176 commented on pull request: [6971](https://github.com/hackforla/website/pull/6971#issuecomment-2267548645) at 2024-08-04 06:44 AM PDT
ajb176,2024-09-18T06:47:36Z,- ajb176 opened pull request: [7491](https://github.com/hackforla/website/pull/7491) at 2024-09-17 11:47 PM PDT
ajb176,2024-09-18T06:49:47Z,- ajb176 pull request closed w/o merging: [7491](https://github.com/hackforla/website/pull/7491#event-14302268691) at 2024-09-17 11:49 PM PDT
ajb176,2024-09-26T15:42:07Z,- ajb176 submitted pull request review: [7522](https://github.com/hackforla/website/pull/7522#pullrequestreview-2331699119) at 2024-09-26 08:42 AM PDT
ajb176,2024-09-27T07:20:03Z,- ajb176 submitted pull request review: [7522](https://github.com/hackforla/website/pull/7522#pullrequestreview-2332945700) at 2024-09-27 12:20 AM PDT
ajb176,2024-11-05T13:14:20Z,- ajb176 commented on pull request: [7700](https://github.com/hackforla/website/pull/7700#issuecomment-2457139628) at 2024-11-05 05:14 AM PST
ajb176,2024-11-05T14:40:42Z,- ajb176 submitted pull request review: [7700](https://github.com/hackforla/website/pull/7700#pullrequestreview-2415832192) at 2024-11-05 06:40 AM PST
ajb176,2024-11-06T09:27:21Z,- ajb176 submitted pull request review: [7700](https://github.com/hackforla/website/pull/7700#pullrequestreview-2417675937) at 2024-11-06 01:27 AM PST
ajb176,2024-11-06T09:53:13Z,- ajb176 commented on pull request: [7653](https://github.com/hackforla/website/pull/7653#issuecomment-2459165182) at 2024-11-06 01:53 AM PST
ajb176,2024-11-12T17:13:28Z,- ajb176 submitted pull request review: [7712](https://github.com/hackforla/website/pull/7712#pullrequestreview-2430235446) at 2024-11-12 09:13 AM PST
ajb176,2024-12-23T12:33:39Z,- ajb176 commented on pull request: [7777](https://github.com/hackforla/website/pull/7777#issuecomment-2559625967) at 2024-12-23 04:33 AM PST
ajb176,2025-01-12T18:22:33Z,- ajb176 commented on pull request: [7777](https://github.com/hackforla/website/pull/7777#issuecomment-2585858917) at 2025-01-12 10:22 AM PST
ajb176,2025-01-13T16:10:14Z,- ajb176 commented on pull request: [7777](https://github.com/hackforla/website/pull/7777#issuecomment-2587548053) at 2025-01-13 08:10 AM PST
ajb176,2025-01-14T12:33:21Z,- ajb176 submitted pull request review: [7777](https://github.com/hackforla/website/pull/7777#pullrequestreview-2549586502) at 2025-01-14 04:33 AM PST
ajb176,2025-03-04T09:03:06Z,- ajb176 commented on pull request: [7948](https://github.com/hackforla/website/pull/7948#issuecomment-2696718667) at 2025-03-04 01:03 AM PST
ajb176,2025-03-04T09:05:11Z,- ajb176 submitted pull request review: [7948](https://github.com/hackforla/website/pull/7948#pullrequestreview-2656551171) at 2025-03-04 01:05 AM PST
ajb176,2025-03-05T04:06:14Z,- ajb176 submitted pull request review: [7948](https://github.com/hackforla/website/pull/7948#pullrequestreview-2659811917) at 2025-03-04 08:06 PM PST
ajb176,2025-04-07T12:20:01Z,- ajb176 submitted pull request review: [8047](https://github.com/hackforla/website/pull/8047#pullrequestreview-2746620331) at 2025-04-07 05:20 AM PDT
akhilender-bongirwar,2023-09-16T18:29:38Z,- akhilender-bongirwar commented on issue: [5511](https://github.com/hackforla/website/issues/5511#issuecomment-1722288602) at 2023-09-16 11:29 AM PDT
akibrhast,2021-02-03T07:20:48Z,- akibrhast opened pull request: [993](https://github.com/hackforla/website/pull/993) at 2021-02-02 11:20 PM PST
akibrhast,2021-02-03T07:21:52Z,- akibrhast assigned to issue: [991](https://github.com/hackforla/website/issues/991) at 2021-02-02 11:21 PM PST
akibrhast,2021-02-03T07:23:45Z,- akibrhast commented on pull request: [993](https://github.com/hackforla/website/pull/993#issuecomment-772295757) at 2021-02-02 11:23 PM PST
akibrhast,2021-02-03T17:09:35Z,- akibrhast pull request merged: [993](https://github.com/hackforla/website/pull/993#event-4286483160) at 2021-02-03 09:09 AM PST
akibrhast,2021-02-03T17:24:58Z,- akibrhast assigned to issue: [989](https://github.com/hackforla/website/issues/989) at 2021-02-03 09:24 AM PST
akibrhast,2021-02-07T17:28:03Z,- akibrhast opened pull request: [1008](https://github.com/hackforla/website/pull/1008) at 2021-02-07 09:28 AM PST
akibrhast,2021-02-07T17:31:19Z,- akibrhast commented on issue: [989](https://github.com/hackforla/website/issues/989#issuecomment-774714588) at 2021-02-07 09:31 AM PST
akibrhast,2021-02-07T17:38:46Z,- akibrhast commented on issue: [989](https://github.com/hackforla/website/issues/989#issuecomment-774715975) at 2021-02-07 09:38 AM PST
akibrhast,2021-02-07T18:00:47Z,- akibrhast commented on pull request: [1008](https://github.com/hackforla/website/pull/1008#issuecomment-774720242) at 2021-02-07 10:00 AM PST
akibrhast,2021-02-07T18:01:17Z,- akibrhast commented on issue: [989](https://github.com/hackforla/website/issues/989#issuecomment-774721069) at 2021-02-07 10:01 AM PST
akibrhast,2021-02-07T18:58:01Z,- akibrhast commented on pull request: [1008](https://github.com/hackforla/website/pull/1008#issuecomment-774733507) at 2021-02-07 10:58 AM PST
akibrhast,2021-02-07T19:49:20Z,- akibrhast commented on pull request: [1008](https://github.com/hackforla/website/pull/1008#issuecomment-774746265) at 2021-02-07 11:49 AM PST
akibrhast,2021-02-07T19:53:04Z,- akibrhast pull request merged: [1008](https://github.com/hackforla/website/pull/1008#event-4300608362) at 2021-02-07 11:53 AM PST
akibrhast,2021-02-07T20:09:21Z,- akibrhast opened issue: [1013](https://github.com/hackforla/website/issues/1013) at 2021-02-07 12:09 PM PST
akibrhast,2021-02-07T20:11:42Z,- akibrhast commented on issue: [1013](https://github.com/hackforla/website/issues/1013#issuecomment-774752345) at 2021-02-07 12:11 PM PST
akibrhast,2021-02-07T20:36:49Z,- akibrhast assigned to issue: [862](https://github.com/hackforla/website/issues/862) at 2021-02-07 12:36 PM PST
akibrhast,2021-02-08T07:54:59Z,- akibrhast commented on issue: [862](https://github.com/hackforla/website/issues/862#issuecomment-774948436) at 2021-02-07 11:54 PM PST
akibrhast,2021-02-10T04:18:22Z,- akibrhast assigned to issue: [1030](https://github.com/hackforla/website/issues/1030) at 2021-02-09 08:18 PM PST
akibrhast,2021-02-10T22:03:54Z,- akibrhast commented on issue: [1030](https://github.com/hackforla/website/issues/1030#issuecomment-777066335) at 2021-02-10 02:03 PM PST
akibrhast,2021-02-13T20:47:15Z,- akibrhast commented on issue: [1030](https://github.com/hackforla/website/issues/1030#issuecomment-778676110) at 2021-02-13 12:47 PM PST
akibrhast,2021-02-13T23:08:51Z,- akibrhast opened pull request: [1034](https://github.com/hackforla/website/pull/1034) at 2021-02-13 03:08 PM PST
akibrhast,2021-02-13T23:10:26Z,- akibrhast commented on issue: [1030](https://github.com/hackforla/website/issues/1030#issuecomment-778691387) at 2021-02-13 03:10 PM PST
akibrhast,2021-02-13T23:19:17Z,- akibrhast commented on issue: [1029](https://github.com/hackforla/website/issues/1029#issuecomment-778692198) at 2021-02-13 03:19 PM PST
akibrhast,2021-02-14T01:17:19Z,- akibrhast commented on issue: [1028](https://github.com/hackforla/website/issues/1028#issuecomment-778704066) at 2021-02-13 05:17 PM PST
akibrhast,2021-02-14T02:12:25Z,- akibrhast commented on issue: [1028](https://github.com/hackforla/website/issues/1028#issuecomment-778709332) at 2021-02-13 06:12 PM PST
akibrhast,2021-02-14T02:13:10Z,- akibrhast opened issue: [1035](https://github.com/hackforla/website/issues/1035) at 2021-02-13 06:13 PM PST
akibrhast,2021-02-14T02:14:08Z,- akibrhast closed issue as completed: [1035](https://github.com/hackforla/website/issues/1035#event-4328329393) at 2021-02-13 06:14 PM PST
akibrhast,2021-02-14T02:16:46Z,- akibrhast commented on issue: [1028](https://github.com/hackforla/website/issues/1028#issuecomment-778709751) at 2021-02-13 06:16 PM PST
akibrhast,2021-02-14T02:42:57Z,- akibrhast opened issue: [1036](https://github.com/hackforla/website/issues/1036) at 2021-02-13 06:42 PM PST
akibrhast,2021-02-14T02:43:20Z,- akibrhast commented on issue: [1036](https://github.com/hackforla/website/issues/1036#issuecomment-778712371) at 2021-02-13 06:43 PM PST
akibrhast,2021-02-14T02:43:20Z,- akibrhast closed issue as completed: [1036](https://github.com/hackforla/website/issues/1036#event-4328342247) at 2021-02-13 06:43 PM PST
akibrhast,2021-02-14T02:44:37Z,- akibrhast opened issue: [1037](https://github.com/hackforla/website/issues/1037) at 2021-02-13 06:44 PM PST
akibrhast,2021-02-14T02:45:18Z,- akibrhast commented on issue: [1037](https://github.com/hackforla/website/issues/1037#issuecomment-778712568) at 2021-02-13 06:45 PM PST
akibrhast,2021-02-14T02:47:02Z,- akibrhast closed issue as completed: [1037](https://github.com/hackforla/website/issues/1037#event-4328343829) at 2021-02-13 06:47 PM PST
akibrhast,2021-02-14T03:54:59Z,- akibrhast opened issue: [1038](https://github.com/hackforla/website/issues/1038) at 2021-02-13 07:54 PM PST
akibrhast,2021-02-14T03:58:40Z,- akibrhast closed issue as completed: [1038](https://github.com/hackforla/website/issues/1038#event-4328376829) at 2021-02-13 07:58 PM PST
akibrhast,2021-02-14T04:16:35Z,- akibrhast opened issue: [1039](https://github.com/hackforla/website/issues/1039) at 2021-02-13 08:16 PM PST
akibrhast,2021-02-14T04:18:23Z,- akibrhast commented on issue: [1039](https://github.com/hackforla/website/issues/1039#issuecomment-778721553) at 2021-02-13 08:18 PM PST
akibrhast,2021-02-14T04:18:23Z,- akibrhast closed issue as completed: [1039](https://github.com/hackforla/website/issues/1039#event-4328386020) at 2021-02-13 08:18 PM PST
akibrhast,2021-02-14T04:19:16Z,- akibrhast opened issue: [1040](https://github.com/hackforla/website/issues/1040) at 2021-02-13 08:19 PM PST
akibrhast,2021-02-14T04:21:01Z,- akibrhast closed issue as completed: [1040](https://github.com/hackforla/website/issues/1040#event-4328387333) at 2021-02-13 08:21 PM PST
akibrhast,2021-02-14T04:29:41Z,- akibrhast commented on issue: [1028](https://github.com/hackforla/website/issues/1028#issuecomment-778722671) at 2021-02-13 08:29 PM PST
akibrhast,2021-02-14T18:18:25Z,- akibrhast assigned to issue: [1053](https://github.com/hackforla/website/issues/1053) at 2021-02-14 10:18 AM PST
akibrhast,2021-02-14T18:43:11Z,- akibrhast commented on pull request: [1034](https://github.com/hackforla/website/pull/1034#issuecomment-778822022) at 2021-02-14 10:43 AM PST
akibrhast,2021-02-14T19:04:15Z,- akibrhast unassigned from issue: [862](https://github.com/hackforla/website/issues/862#issuecomment-775180799) at 2021-02-14 11:04 AM PST
akibrhast,2021-02-15T01:25:41Z,- akibrhast commented on pull request: [1034](https://github.com/hackforla/website/pull/1034#issuecomment-778884166) at 2021-02-14 05:25 PM PST
akibrhast,2021-02-15T18:17:36Z,- akibrhast opened issue: [1056](https://github.com/hackforla/website/issues/1056) at 2021-02-15 10:17 AM PST
akibrhast,2021-02-15T18:21:31Z,- akibrhast closed issue as completed: [1053](https://github.com/hackforla/website/issues/1053#event-4332995360) at 2021-02-15 10:21 AM PST
akibrhast,2021-02-15T18:28:21Z,- akibrhast closed issue as completed: [1010](https://github.com/hackforla/website/issues/1010#event-4333013587) at 2021-02-15 10:28 AM PST
akibrhast,2021-02-15T18:28:29Z,- akibrhast reopened issue: [1010](https://github.com/hackforla/website/issues/1010#event-4333013587) at 2021-02-15 10:28 AM PST
akibrhast,2021-02-16T02:56:48Z,- akibrhast pull request merged: [1034](https://github.com/hackforla/website/pull/1034#event-4334097306) at 2021-02-15 06:56 PM PST
akibrhast,2021-02-16T22:30:48Z,- akibrhast commented on issue: [1028](https://github.com/hackforla/website/issues/1028#issuecomment-780159714) at 2021-02-16 02:30 PM PST
akibrhast,2021-02-17T00:38:22Z,- akibrhast assigned to issue: [1043](https://github.com/hackforla/website/issues/1043) at 2021-02-16 04:38 PM PST
akibrhast,2021-02-17T01:03:32Z,- akibrhast opened pull request: [1059](https://github.com/hackforla/website/pull/1059) at 2021-02-16 05:03 PM PST
akibrhast,2021-02-17T01:08:50Z,- akibrhast commented on issue: [1043](https://github.com/hackforla/website/issues/1043#issuecomment-780223365) at 2021-02-16 05:08 PM PST
akibrhast,2021-02-17T01:14:59Z,- akibrhast commented on issue: [1055](https://github.com/hackforla/website/issues/1055#issuecomment-780225800) at 2021-02-16 05:14 PM PST
akibrhast,2021-02-17T01:24:24Z,- akibrhast commented on issue: [1029](https://github.com/hackforla/website/issues/1029#issuecomment-780230138) at 2021-02-16 05:24 PM PST
akibrhast,2021-02-17T01:28:00Z,- akibrhast commented on issue: [1029](https://github.com/hackforla/website/issues/1029#issuecomment-780231420) at 2021-02-16 05:28 PM PST
akibrhast,2021-02-17T01:54:22Z,- akibrhast commented on issue: [1029](https://github.com/hackforla/website/issues/1029#issuecomment-780240463) at 2021-02-16 05:54 PM PST
akibrhast,2021-02-17T02:08:39Z,- akibrhast commented on issue: [1055](https://github.com/hackforla/website/issues/1055#issuecomment-780246143) at 2021-02-16 06:08 PM PST
akibrhast,2021-02-17T03:11:10Z,- akibrhast commented on pull request: [1058](https://github.com/hackforla/website/pull/1058#issuecomment-780266605) at 2021-02-16 07:11 PM PST
akibrhast,2021-02-17T03:11:19Z,- akibrhast closed issue by PR 1058: [1050](https://github.com/hackforla/website/issues/1050#event-4339240161) at 2021-02-16 07:11 PM PST
akibrhast,2021-02-17T03:22:10Z,- akibrhast pull request merged: [1059](https://github.com/hackforla/website/pull/1059#event-4339263294) at 2021-02-16 07:22 PM PST
akibrhast,2021-02-17T03:53:01Z,- akibrhast assigned to issue: [935](https://github.com/hackforla/website/issues/935#issuecomment-780277146) at 2021-02-16 07:53 PM PST
akibrhast,2021-02-17T15:18:49Z,- akibrhast commented on issue: [1062](https://github.com/hackforla/website/issues/1062#issuecomment-780627575) at 2021-02-17 07:18 AM PST
akibrhast,2021-02-17T15:18:49Z,- akibrhast closed issue as completed: [1062](https://github.com/hackforla/website/issues/1062#event-4341952171) at 2021-02-17 07:18 AM PST
akibrhast,2021-02-17T16:08:07Z,- akibrhast commented on issue: [935](https://github.com/hackforla/website/issues/935#issuecomment-780664773) at 2021-02-17 08:08 AM PST
akibrhast,2021-02-17T16:16:19Z,- akibrhast commented on pull request: [1072](https://github.com/hackforla/website/pull/1072#issuecomment-780670600) at 2021-02-17 08:16 AM PST
akibrhast,2021-02-17T16:42:01Z,- akibrhast commented on issue: [935](https://github.com/hackforla/website/issues/935#issuecomment-780688267) at 2021-02-17 08:42 AM PST
akibrhast,2021-02-18T03:36:11Z,- akibrhast commented on pull request: [1073](https://github.com/hackforla/website/pull/1073#issuecomment-781024676) at 2021-02-17 07:36 PM PST
akibrhast,2021-02-18T03:53:49Z,- akibrhast submitted pull request review: [1073](https://github.com/hackforla/website/pull/1073#pullrequestreview-592832595) at 2021-02-17 07:53 PM PST
akibrhast,2021-02-18T04:14:51Z,- akibrhast commented on issue: [935](https://github.com/hackforla/website/issues/935#issuecomment-781036771) at 2021-02-17 08:14 PM PST
akibrhast,2021-02-18T04:41:23Z,- akibrhast commented on pull request: [1072](https://github.com/hackforla/website/pull/1072#issuecomment-781045101) at 2021-02-17 08:41 PM PST
akibrhast,2021-02-18T05:48:38Z,- akibrhast submitted pull request review: [1073](https://github.com/hackforla/website/pull/1073#pullrequestreview-592870084) at 2021-02-17 09:48 PM PST
akibrhast,2021-02-18T05:51:27Z,- akibrhast commented on pull request: [1073](https://github.com/hackforla/website/pull/1073#issuecomment-781075013) at 2021-02-17 09:51 PM PST
akibrhast,2021-02-18T16:28:54Z,- akibrhast commented on pull request: [1073](https://github.com/hackforla/website/pull/1073#issuecomment-781467725) at 2021-02-18 08:28 AM PST
akibrhast,2021-02-19T17:35:10Z,- akibrhast commented on issue: [1060](https://github.com/hackforla/website/issues/1060#issuecomment-782224871) at 2021-02-19 09:35 AM PST
akibrhast,2021-02-21T18:14:13Z,- akibrhast assigned to issue: [1060](https://github.com/hackforla/website/issues/1060#issuecomment-782224871) at 2021-02-21 10:14 AM PST
akibrhast,2021-02-21T19:19:40Z,- akibrhast commented on issue: [794](https://github.com/hackforla/website/issues/794#issuecomment-782910507) at 2021-02-21 11:19 AM PST
akibrhast,2021-02-22T00:38:09Z,- akibrhast submitted pull request review: [1088](https://github.com/hackforla/website/pull/1088#pullrequestreview-594903719) at 2021-02-21 04:38 PM PST
akibrhast,2021-02-22T00:45:02Z,- akibrhast opened issue: [1090](https://github.com/hackforla/website/issues/1090) at 2021-02-21 04:45 PM PST
akibrhast,2021-02-22T01:01:19Z,- akibrhast assigned to issue: [1069](https://github.com/hackforla/website/issues/1069) at 2021-02-21 05:01 PM PST
akibrhast,2021-02-22T01:03:12Z,- akibrhast commented on issue: [1069](https://github.com/hackforla/website/issues/1069#issuecomment-782973752) at 2021-02-21 05:03 PM PST
akibrhast,2021-02-22T01:06:02Z,- akibrhast commented on issue: [1066](https://github.com/hackforla/website/issues/1066#issuecomment-782974307) at 2021-02-21 05:06 PM PST
akibrhast,2021-02-22T03:22:32Z,- akibrhast submitted pull request review: [1087](https://github.com/hackforla/website/pull/1087#pullrequestreview-594985868) at 2021-02-21 07:22 PM PST
akibrhast,2021-02-22T17:04:01Z,- akibrhast opened pull request: [1092](https://github.com/hackforla/website/pull/1092) at 2021-02-22 09:04 AM PST
akibrhast,2021-02-22T17:26:40Z,- akibrhast submitted pull request review: [1091](https://github.com/hackforla/website/pull/1091#pullrequestreview-595596272) at 2021-02-22 09:26 AM PST
akibrhast,2021-02-22T17:47:25Z,- akibrhast commented on pull request: [1091](https://github.com/hackforla/website/pull/1091#issuecomment-783551634) at 2021-02-22 09:47 AM PST
akibrhast,2021-02-22T17:51:18Z,- akibrhast commented on pull request: [1002](https://github.com/hackforla/website/pull/1002#issuecomment-783553986) at 2021-02-22 09:51 AM PST
akibrhast,2021-02-22T17:58:01Z,- akibrhast submitted pull request review: [1091](https://github.com/hackforla/website/pull/1091#pullrequestreview-595625232) at 2021-02-22 09:58 AM PST
akibrhast,2021-02-22T18:07:22Z,- akibrhast commented on issue: [864](https://github.com/hackforla/website/issues/864#issuecomment-783564135) at 2021-02-22 10:07 AM PST
akibrhast,2021-02-22T18:08:28Z,- akibrhast closed issue by PR 1091: [1080](https://github.com/hackforla/website/issues/1080#event-4361167216) at 2021-02-22 10:08 AM PST
akibrhast,2021-02-22T19:42:37Z,- akibrhast commented on issue: [864](https://github.com/hackforla/website/issues/864#issuecomment-783625432) at 2021-02-22 11:42 AM PST
akibrhast,2021-02-22T20:40:33Z,- akibrhast commented on pull request: [1092](https://github.com/hackforla/website/pull/1092#issuecomment-783660525) at 2021-02-22 12:40 PM PST
akibrhast,2021-02-23T00:02:41Z,- akibrhast opened issue: [1093](https://github.com/hackforla/website/issues/1093) at 2021-02-22 04:02 PM PST
akibrhast,2021-02-23T00:02:56Z,- akibrhast assigned to issue: [1093](https://github.com/hackforla/website/issues/1093) at 2021-02-22 04:02 PM PST
akibrhast,2021-02-23T00:04:20Z,- akibrhast commented on issue: [1093](https://github.com/hackforla/website/issues/1093#issuecomment-783768166) at 2021-02-22 04:04 PM PST
akibrhast,2021-02-23T04:57:57Z,- akibrhast submitted pull request review: [1094](https://github.com/hackforla/website/pull/1094#pullrequestreview-595996658) at 2021-02-22 08:57 PM PST
akibrhast,2021-02-23T04:59:21Z,- akibrhast closed issue by PR 1094: [863](https://github.com/hackforla/website/issues/863#event-4363195925) at 2021-02-22 08:59 PM PST
akibrhast,2021-02-23T05:07:30Z,- akibrhast opened pull request: [1095](https://github.com/hackforla/website/pull/1095) at 2021-02-22 09:07 PM PST
akibrhast,2021-02-23T19:51:11Z,- akibrhast commented on issue: [1093](https://github.com/hackforla/website/issues/1093#issuecomment-784467271) at 2021-02-23 11:51 AM PST
akibrhast,2021-02-23T19:52:01Z,- akibrhast commented on issue: [1069](https://github.com/hackforla/website/issues/1069#issuecomment-784467767) at 2021-02-23 11:52 AM PST
akibrhast,2021-02-23T19:55:40Z,- akibrhast commented on issue: [1060](https://github.com/hackforla/website/issues/1060#issuecomment-784469977) at 2021-02-23 11:55 AM PST
akibrhast,2021-02-24T03:23:03Z,- akibrhast submitted pull request review: [1078](https://github.com/hackforla/website/pull/1078#pullrequestreview-597032529) at 2021-02-23 07:23 PM PST
akibrhast,2021-02-24T03:45:06Z,- akibrhast submitted pull request review: [1097](https://github.com/hackforla/website/pull/1097#pullrequestreview-597040626) at 2021-02-23 07:45 PM PST
akibrhast,2021-02-24T03:45:20Z,- akibrhast closed issue by PR 1097: [1042](https://github.com/hackforla/website/issues/1042#event-4368626813) at 2021-02-23 07:45 PM PST
akibrhast,2021-02-24T03:51:36Z,- akibrhast opened issue: [1098](https://github.com/hackforla/website/issues/1098) at 2021-02-23 07:51 PM PST
akibrhast,2021-02-24T03:55:30Z,- akibrhast assigned to issue: [1098](https://github.com/hackforla/website/issues/1098) at 2021-02-23 07:55 PM PST
akibrhast,2021-02-24T03:55:39Z,- akibrhast unassigned from issue: [1098](https://github.com/hackforla/website/issues/1098) at 2021-02-23 07:55 PM PST
akibrhast,2021-02-24T03:56:21Z,- akibrhast assigned to issue: [1098](https://github.com/hackforla/website/issues/1098) at 2021-02-23 07:56 PM PST
akibrhast,2021-02-24T03:56:25Z,- akibrhast unassigned from issue: [1098](https://github.com/hackforla/website/issues/1098) at 2021-02-23 07:56 PM PST
akibrhast,2021-02-24T04:30:27Z,- akibrhast pull request merged: [1095](https://github.com/hackforla/website/pull/1095#event-4368733283) at 2021-02-23 08:30 PM PST
akibrhast,2021-02-24T05:04:18Z,- akibrhast opened pull request: [1100](https://github.com/hackforla/website/pull/1100) at 2021-02-23 09:04 PM PST
akibrhast,2021-02-24T05:04:53Z,- akibrhast pull request closed w/o merging: [1092](https://github.com/hackforla/website/pull/1092#event-4368816443) at 2021-02-23 09:04 PM PST
akibrhast,2021-02-24T05:13:02Z,- akibrhast commented on issue: [1085](https://github.com/hackforla/website/issues/1085#issuecomment-784771774) at 2021-02-23 09:13 PM PST
akibrhast,2021-02-24T05:39:25Z,- akibrhast submitted pull request review: [1101](https://github.com/hackforla/website/pull/1101#pullrequestreview-597090537) at 2021-02-23 09:39 PM PST
akibrhast,2021-02-24T05:39:43Z,- akibrhast closed issue by PR 1101: [1056](https://github.com/hackforla/website/issues/1056#event-4368922805) at 2021-02-23 09:39 PM PST
akibrhast,2021-02-24T06:18:18Z,- akibrhast commented on issue: [1010](https://github.com/hackforla/website/issues/1010#issuecomment-784818897) at 2021-02-23 10:18 PM PST
akibrhast,2021-02-24T06:25:56Z,- akibrhast opened issue: [1104](https://github.com/hackforla/website/issues/1104) at 2021-02-23 10:25 PM PST
akibrhast,2021-02-24T06:26:51Z,- akibrhast commented on issue: [1060](https://github.com/hackforla/website/issues/1060#issuecomment-784823700) at 2021-02-23 10:26 PM PST
akibrhast,2021-02-24T06:51:38Z,- akibrhast closed issue as completed: [1010](https://github.com/hackforla/website/issues/1010#event-4369154841) at 2021-02-23 10:51 PM PST
akibrhast,2021-02-25T00:32:26Z,- akibrhast commented on pull request: [1108](https://github.com/hackforla/website/pull/1108#issuecomment-785487253) at 2021-02-24 04:32 PM PST
akibrhast,2021-02-25T00:32:47Z,- akibrhast submitted pull request review: [1108](https://github.com/hackforla/website/pull/1108#pullrequestreview-598057801) at 2021-02-24 04:32 PM PST
akibrhast,2021-02-25T01:34:44Z,- akibrhast opened issue: [1109](https://github.com/hackforla/website/issues/1109) at 2021-02-24 05:34 PM PST
akibrhast,2021-02-25T01:39:52Z,- akibrhast opened issue: [1110](https://github.com/hackforla/website/issues/1110) at 2021-02-24 05:39 PM PST
akibrhast,2021-02-25T01:43:38Z,- akibrhast opened issue: [1111](https://github.com/hackforla/website/issues/1111) at 2021-02-24 05:43 PM PST
akibrhast,2021-02-25T01:48:31Z,- akibrhast opened issue: [1112](https://github.com/hackforla/website/issues/1112) at 2021-02-24 05:48 PM PST
akibrhast,2021-02-25T01:53:24Z,- akibrhast opened issue: [1113](https://github.com/hackforla/website/issues/1113) at 2021-02-24 05:53 PM PST
akibrhast,2021-02-25T01:56:18Z,- akibrhast opened issue: [1114](https://github.com/hackforla/website/issues/1114) at 2021-02-24 05:56 PM PST
akibrhast,2021-02-25T01:56:37Z,- akibrhast assigned to issue: [1114](https://github.com/hackforla/website/issues/1114) at 2021-02-24 05:56 PM PST
akibrhast,2021-02-25T01:57:28Z,- akibrhast assigned to issue: [1113](https://github.com/hackforla/website/issues/1113) at 2021-02-24 05:57 PM PST
akibrhast,2021-02-25T01:58:11Z,- akibrhast assigned to issue: [1112](https://github.com/hackforla/website/issues/1112) at 2021-02-24 05:58 PM PST
akibrhast,2021-02-25T01:58:54Z,- akibrhast assigned to issue: [1111](https://github.com/hackforla/website/issues/1111) at 2021-02-24 05:58 PM PST
akibrhast,2021-02-25T01:59:48Z,- akibrhast assigned to issue: [1109](https://github.com/hackforla/website/issues/1109) at 2021-02-24 05:59 PM PST
akibrhast,2021-02-25T02:03:30Z,- akibrhast opened issue: [1115](https://github.com/hackforla/website/issues/1115) at 2021-02-24 06:03 PM PST
akibrhast,2021-02-25T02:07:55Z,- akibrhast opened issue: [1116](https://github.com/hackforla/website/issues/1116) at 2021-02-24 06:07 PM PST
akibrhast,2021-02-25T02:13:45Z,- akibrhast opened pull request: [1117](https://github.com/hackforla/website/pull/1117) at 2021-02-24 06:13 PM PST
akibrhast,2021-02-25T23:39:35Z,- akibrhast commented on pull request: [1117](https://github.com/hackforla/website/pull/1117#issuecomment-786305710) at 2021-02-25 03:39 PM PST
akibrhast,2021-02-26T00:16:43Z,- akibrhast opened pull request: [1121](https://github.com/hackforla/website/pull/1121) at 2021-02-25 04:16 PM PST
akibrhast,2021-02-26T00:20:59Z,- akibrhast commented on issue: [1060](https://github.com/hackforla/website/issues/1060#issuecomment-786320635) at 2021-02-25 04:20 PM PST
akibrhast,2021-02-26T03:02:03Z,- akibrhast pull request merged: [1121](https://github.com/hackforla/website/pull/1121#event-4379779404) at 2021-02-25 07:02 PM PST
akibrhast,2021-02-26T07:34:22Z,- akibrhast commented on pull request: [1117](https://github.com/hackforla/website/pull/1117#issuecomment-786468781) at 2021-02-25 11:34 PM PST
akibrhast,2021-02-26T09:20:40Z,- akibrhast commented on pull request: [1117](https://github.com/hackforla/website/pull/1117#issuecomment-786519918) at 2021-02-26 01:20 AM PST
akibrhast,2021-02-26T17:33:17Z,- akibrhast assigned to issue: [1090](https://github.com/hackforla/website/issues/1090#issuecomment-786788081) at 2021-02-26 09:33 AM PST
akibrhast,2021-02-26T17:47:49Z,- akibrhast commented on issue: [1090](https://github.com/hackforla/website/issues/1090#issuecomment-786796207) at 2021-02-26 09:47 AM PST
akibrhast,2021-02-26T18:19:01Z,- akibrhast commented on pull request: [1117](https://github.com/hackforla/website/pull/1117#issuecomment-786813141) at 2021-02-26 10:19 AM PST
akibrhast,2021-02-26T19:19:40Z,- akibrhast commented on pull request: [1124](https://github.com/hackforla/website/pull/1124#issuecomment-786844165) at 2021-02-26 11:19 AM PST
akibrhast,2021-02-26T19:20:53Z,- akibrhast submitted pull request review: [1124](https://github.com/hackforla/website/pull/1124#pullrequestreview-599872471) at 2021-02-26 11:20 AM PST
akibrhast,2021-02-26T22:38:26Z,- akibrhast submitted pull request review: [1120](https://github.com/hackforla/website/pull/1120#pullrequestreview-600005184) at 2021-02-26 02:38 PM PST
akibrhast,2021-02-26T22:38:39Z,- akibrhast closed issue by PR 1120: [1047](https://github.com/hackforla/website/issues/1047#event-4384057700) at 2021-02-26 02:38 PM PST
akibrhast,2021-02-26T22:40:11Z,- akibrhast assigned to issue: [1116](https://github.com/hackforla/website/issues/1116) at 2021-02-26 02:40 PM PST
akibrhast,2021-02-27T18:37:22Z,- akibrhast commented on pull request: [1117](https://github.com/hackforla/website/pull/1117#issuecomment-787116725) at 2021-02-27 10:37 AM PST
akibrhast,2021-02-27T20:21:18Z,- akibrhast commented on pull request: [1100](https://github.com/hackforla/website/pull/1100#issuecomment-787129795) at 2021-02-27 12:21 PM PST
akibrhast,2021-02-28T15:57:43Z,- akibrhast commented on issue: [1109](https://github.com/hackforla/website/issues/1109#issuecomment-787474088) at 2021-02-28 07:57 AM PST
akibrhast,2021-02-28T16:02:59Z,- akibrhast commented on issue: [1111](https://github.com/hackforla/website/issues/1111#issuecomment-787474839) at 2021-02-28 08:02 AM PST
akibrhast,2021-02-28T16:03:48Z,- akibrhast commented on issue: [1116](https://github.com/hackforla/website/issues/1116#issuecomment-787474979) at 2021-02-28 08:03 AM PST
akibrhast,2021-02-28T16:04:29Z,- akibrhast commented on issue: [1114](https://github.com/hackforla/website/issues/1114#issuecomment-787475100) at 2021-02-28 08:04 AM PST
akibrhast,2021-02-28T16:04:54Z,- akibrhast commented on issue: [1113](https://github.com/hackforla/website/issues/1113#issuecomment-787475169) at 2021-02-28 08:04 AM PST
akibrhast,2021-02-28T16:05:07Z,- akibrhast commented on issue: [1112](https://github.com/hackforla/website/issues/1112#issuecomment-787475206) at 2021-02-28 08:05 AM PST
akibrhast,2021-02-28T16:05:53Z,- akibrhast unassigned from issue: [1090](https://github.com/hackforla/website/issues/1090#issuecomment-786796207) at 2021-02-28 08:05 AM PST
akibrhast,2021-02-28T18:40:04Z,- akibrhast commented on pull request: [1117](https://github.com/hackforla/website/pull/1117#issuecomment-787499863) at 2021-02-28 10:40 AM PST
akibrhast,2021-02-28T19:46:22Z,- akibrhast pull request merged: [1117](https://github.com/hackforla/website/pull/1117#event-4386455258) at 2021-02-28 11:46 AM PST
akibrhast,2021-02-28T21:14:49Z,- akibrhast submitted pull request review: [1002](https://github.com/hackforla/website/pull/1002#pullrequestreview-600306272) at 2021-02-28 01:14 PM PST
akibrhast,2021-02-28T21:40:15Z,- akibrhast commented on issue: [1139](https://github.com/hackforla/website/issues/1139#issuecomment-787527880) at 2021-02-28 01:40 PM PST
akibrhast,2021-02-28T22:24:30Z,- akibrhast commented on issue: [1139](https://github.com/hackforla/website/issues/1139#issuecomment-787535330) at 2021-02-28 02:24 PM PST
akibrhast,2021-02-28T23:09:41Z,- akibrhast commented on pull request: [1140](https://github.com/hackforla/website/pull/1140#issuecomment-787542123) at 2021-02-28 03:09 PM PST
akibrhast,2021-02-28T23:33:41Z,- akibrhast commented on pull request: [1140](https://github.com/hackforla/website/pull/1140#issuecomment-787545995) at 2021-02-28 03:33 PM PST
akibrhast,2021-03-01T23:31:10Z,- akibrhast commented on pull request: [1143](https://github.com/hackforla/website/pull/1143#issuecomment-788394228) at 2021-03-01 03:31 PM PST
akibrhast,2021-03-01T23:33:12Z,- akibrhast commented on issue: [1107](https://github.com/hackforla/website/issues/1107#issuecomment-788395101) at 2021-03-01 03:33 PM PST
akibrhast,2021-03-01T23:35:22Z,- akibrhast submitted pull request review: [1145](https://github.com/hackforla/website/pull/1145#pullrequestreview-601269530) at 2021-03-01 03:35 PM PST
akibrhast,2021-03-02T00:07:47Z,- akibrhast submitted pull request review: [1132](https://github.com/hackforla/website/pull/1132#pullrequestreview-601285747) at 2021-03-01 04:07 PM PST
akibrhast,2021-03-02T03:43:46Z,- akibrhast commented on pull request: [1132](https://github.com/hackforla/website/pull/1132#issuecomment-788556860) at 2021-03-01 07:43 PM PST
akibrhast,2021-03-02T04:00:09Z,- akibrhast submitted pull request review: [1143](https://github.com/hackforla/website/pull/1143#pullrequestreview-601386327) at 2021-03-01 08:00 PM PST
akibrhast,2021-03-02T04:16:00Z,- akibrhast submitted pull request review: [1078](https://github.com/hackforla/website/pull/1078#pullrequestreview-601393351) at 2021-03-01 08:16 PM PST
akibrhast,2021-03-02T04:48:19Z,- akibrhast submitted pull request review: [1078](https://github.com/hackforla/website/pull/1078#pullrequestreview-601409395) at 2021-03-01 08:48 PM PST
akibrhast,2021-03-02T06:50:59Z,- akibrhast submitted pull request review: [1148](https://github.com/hackforla/website/pull/1148#pullrequestreview-601475237) at 2021-03-01 10:50 PM PST
akibrhast,2021-03-02T18:52:00Z,- akibrhast submitted pull request review: [1147](https://github.com/hackforla/website/pull/1147#pullrequestreview-602155087) at 2021-03-02 10:52 AM PST
akibrhast,2021-03-03T01:10:38Z,- akibrhast submitted pull request review: [1149](https://github.com/hackforla/website/pull/1149#pullrequestreview-602419454) at 2021-03-02 05:10 PM PST
akibrhast,2021-03-03T01:11:04Z,- akibrhast closed issue by PR 1149: [896](https://github.com/hackforla/website/issues/896#event-4398909847) at 2021-03-02 05:11 PM PST
akibrhast,2021-03-03T02:04:38Z,- akibrhast commented on pull request: [1153](https://github.com/hackforla/website/pull/1153#issuecomment-789368338) at 2021-03-02 06:04 PM PST
akibrhast,2021-03-03T02:05:13Z,- akibrhast submitted pull request review: [1153](https://github.com/hackforla/website/pull/1153#pullrequestreview-602443672) at 2021-03-02 06:05 PM PST
akibrhast,2021-03-03T03:22:56Z,- akibrhast closed issue by PR 1147: [1106](https://github.com/hackforla/website/issues/1106#event-4399269699) at 2021-03-02 07:22 PM PST
akibrhast,2021-03-03T03:35:55Z,- akibrhast commented on pull request: [1002](https://github.com/hackforla/website/pull/1002#issuecomment-789402425) at 2021-03-02 07:35 PM PST
akibrhast,2021-03-03T03:39:26Z,- akibrhast pull request merged: [1100](https://github.com/hackforla/website/pull/1100#event-4399315369) at 2021-03-02 07:39 PM PST
akibrhast,2021-03-03T05:06:14Z,- akibrhast closed issue by PR 1148: [1136](https://github.com/hackforla/website/issues/1136#event-4399557823) at 2021-03-02 09:06 PM PST
akibrhast,2021-03-03T05:20:54Z,- akibrhast closed issue by PR 1153: [1128](https://github.com/hackforla/website/issues/1128#event-4399608355) at 2021-03-02 09:20 PM PST
akibrhast,2021-03-03T16:16:14Z,- akibrhast opened pull request: [1157](https://github.com/hackforla/website/pull/1157) at 2021-03-03 08:16 AM PST
akibrhast,2021-03-03T16:41:38Z,- akibrhast commented on pull request: [1132](https://github.com/hackforla/website/pull/1132#issuecomment-789864124) at 2021-03-03 08:41 AM PST
akibrhast,2021-03-03T18:49:47Z,- akibrhast commented on pull request: [1157](https://github.com/hackforla/website/pull/1157#issuecomment-789971856) at 2021-03-03 10:49 AM PST
akibrhast,2021-03-03T19:01:53Z,- akibrhast commented on pull request: [1157](https://github.com/hackforla/website/pull/1157#issuecomment-789979656) at 2021-03-03 11:01 AM PST
akibrhast,2021-03-03T20:49:55Z,- akibrhast commented on issue: [1127](https://github.com/hackforla/website/issues/1127#issuecomment-790045464) at 2021-03-03 12:49 PM PST
akibrhast,2021-03-03T20:49:56Z,- akibrhast closed issue as completed: [1127](https://github.com/hackforla/website/issues/1127#event-4404242982) at 2021-03-03 12:49 PM PST
akibrhast,2021-03-03T20:55:41Z,- akibrhast assigned to issue: [1067](https://github.com/hackforla/website/issues/1067) at 2021-03-03 12:55 PM PST
akibrhast,2021-03-03T20:55:50Z,- akibrhast unassigned from issue: [1067](https://github.com/hackforla/website/issues/1067) at 2021-03-03 12:55 PM PST
akibrhast,2021-03-03T22:23:48Z,- akibrhast opened pull request: [1159](https://github.com/hackforla/website/pull/1159) at 2021-03-03 02:23 PM PST
akibrhast,2021-03-03T22:50:09Z,- akibrhast pull request closed w/o merging: [1159](https://github.com/hackforla/website/pull/1159#event-4404695477) at 2021-03-03 02:50 PM PST
akibrhast,2021-03-04T02:01:58Z,- akibrhast submitted pull request review: [1160](https://github.com/hackforla/website/pull/1160#pullrequestreview-603635867) at 2021-03-03 06:01 PM PST
akibrhast,2021-03-04T02:02:03Z,- akibrhast closed issue by PR 1160: [1107](https://github.com/hackforla/website/issues/1107#event-4405291254) at 2021-03-03 06:02 PM PST
akibrhast,2021-03-04T20:50:08Z,- akibrhast commented on issue: [386](https://github.com/hackforla/website/issues/386#issuecomment-790931956) at 2021-03-04 12:50 PM PST
akibrhast,2021-03-04T22:36:04Z,- akibrhast commented on issue: [386](https://github.com/hackforla/website/issues/386#issuecomment-790993825) at 2021-03-04 02:36 PM PST
akibrhast,2021-03-04T23:45:07Z,- akibrhast commented on issue: [386](https://github.com/hackforla/website/issues/386#issuecomment-791034218) at 2021-03-04 03:45 PM PST
akibrhast,2021-03-05T00:10:41Z,- akibrhast commented on issue: [386](https://github.com/hackforla/website/issues/386#issuecomment-791044592) at 2021-03-04 04:10 PM PST
akibrhast,2021-03-05T01:15:03Z,- akibrhast commented on issue: [386](https://github.com/hackforla/website/issues/386#issuecomment-791070766) at 2021-03-04 05:15 PM PST
akibrhast,2021-03-05T01:21:53Z,- akibrhast commented on issue: [386](https://github.com/hackforla/website/issues/386#issuecomment-791073123) at 2021-03-04 05:21 PM PST
akibrhast,2021-03-05T18:17:19Z,- akibrhast submitted pull request review: [1161](https://github.com/hackforla/website/pull/1161#pullrequestreview-605484511) at 2021-03-05 10:17 AM PST
akibrhast,2021-03-05T18:21:09Z,- akibrhast closed issue by PR 1161: [1144](https://github.com/hackforla/website/issues/1144#event-4414896623) at 2021-03-05 10:21 AM PST
akibrhast,2021-03-06T07:34:38Z,- akibrhast pull request merged: [1157](https://github.com/hackforla/website/pull/1157#event-4416609979) at 2021-03-05 11:34 PM PST
akibrhast,2021-03-06T16:28:57Z,- akibrhast submitted pull request review: [1132](https://github.com/hackforla/website/pull/1132#pullrequestreview-605768851) at 2021-03-06 08:28 AM PST
akibrhast,2021-03-06T17:03:07Z,- akibrhast commented on issue: [1060](https://github.com/hackforla/website/issues/1060#issuecomment-791990296) at 2021-03-06 09:03 AM PST
akibrhast,2021-03-06T17:06:06Z,- akibrhast commented on issue: [1163](https://github.com/hackforla/website/issues/1163#issuecomment-791990857) at 2021-03-06 09:06 AM PST
akibrhast,2021-03-06T17:06:09Z,- akibrhast closed issue as completed: [1163](https://github.com/hackforla/website/issues/1163#event-4417069726) at 2021-03-06 09:06 AM PST
akibrhast,2021-03-06T17:13:30Z,- akibrhast commented on issue: [1146](https://github.com/hackforla/website/issues/1146#issuecomment-791991893) at 2021-03-06 09:13 AM PST
akibrhast,2021-03-06T17:28:25Z,- akibrhast commented on issue: [1027](https://github.com/hackforla/website/issues/1027#issuecomment-791994597) at 2021-03-06 09:28 AM PST
akibrhast,2021-03-06T19:50:34Z,- akibrhast submitted pull request review: [1162](https://github.com/hackforla/website/pull/1162#pullrequestreview-605783114) at 2021-03-06 11:50 AM PST
akibrhast,2021-03-06T19:50:42Z,- akibrhast closed issue by PR 1162: [1064](https://github.com/hackforla/website/issues/1064#event-4417228342) at 2021-03-06 11:50 AM PST
akibrhast,2021-03-07T19:08:28Z,- akibrhast opened issue: [1171](https://github.com/hackforla/website/issues/1171) at 2021-03-07 11:08 AM PST
akibrhast,2021-03-08T16:43:46Z,- akibrhast commented on issue: [935](https://github.com/hackforla/website/issues/935#issuecomment-792889502) at 2021-03-08 08:43 AM PST
akibrhast,2021-03-08T18:16:19Z,- akibrhast submitted pull request review: [1078](https://github.com/hackforla/website/pull/1078#pullrequestreview-606574383) at 2021-03-08 10:16 AM PST
akibrhast,2021-03-08T21:26:28Z,- akibrhast opened pull request: [1174](https://github.com/hackforla/website/pull/1174) at 2021-03-08 01:26 PM PST
akibrhast,2021-03-08T21:27:31Z,- akibrhast pull request merged: [1174](https://github.com/hackforla/website/pull/1174#event-4423676410) at 2021-03-08 01:27 PM PST
akibrhast,2021-03-08T21:43:48Z,- akibrhast submitted pull request review: [1173](https://github.com/hackforla/website/pull/1173#pullrequestreview-606734677) at 2021-03-08 01:43 PM PST
akibrhast,2021-03-08T23:04:34Z,- akibrhast opened pull request: [1175](https://github.com/hackforla/website/pull/1175) at 2021-03-08 03:04 PM PST
akibrhast,2021-03-08T23:37:01Z,- akibrhast pull request merged: [1175](https://github.com/hackforla/website/pull/1175#event-4424177590) at 2021-03-08 03:37 PM PST
akibrhast,2021-03-09T00:54:36Z,- akibrhast opened pull request: [1177](https://github.com/hackforla/website/pull/1177) at 2021-03-08 04:54 PM PST
akibrhast,2021-03-09T01:00:55Z,- akibrhast opened pull request: [1178](https://github.com/hackforla/website/pull/1178) at 2021-03-08 05:00 PM PST
akibrhast,2021-03-09T01:01:04Z,- akibrhast pull request closed w/o merging: [1177](https://github.com/hackforla/website/pull/1177#event-4424456500) at 2021-03-08 05:01 PM PST
akibrhast,2021-03-09T01:01:48Z,- akibrhast pull request closed w/o merging: [1178](https://github.com/hackforla/website/pull/1178#event-4424459513) at 2021-03-08 05:01 PM PST
akibrhast,2021-03-09T01:06:24Z,- akibrhast commented on pull request: [1179](https://github.com/hackforla/website/pull/1179#issuecomment-793227427) at 2021-03-08 05:06 PM PST
akibrhast,2021-03-09T03:01:45Z,- akibrhast submitted pull request review: [1176](https://github.com/hackforla/website/pull/1176#pullrequestreview-606893074) at 2021-03-08 07:01 PM PST
akibrhast,2021-03-09T03:04:02Z,- akibrhast submitted pull request review: [1172](https://github.com/hackforla/website/pull/1172#pullrequestreview-606893944) at 2021-03-08 07:04 PM PST
akibrhast,2021-03-09T14:59:05Z,- akibrhast submitted pull request review: [1181](https://github.com/hackforla/website/pull/1181#pullrequestreview-607504175) at 2021-03-09 06:59 AM PST
akibrhast,2021-03-09T17:57:00Z,- akibrhast submitted pull request review: [1172](https://github.com/hackforla/website/pull/1172#pullrequestreview-607701859) at 2021-03-09 09:57 AM PST
akibrhast,2021-03-09T17:57:09Z,- akibrhast closed issue by PR 1172: [1169](https://github.com/hackforla/website/issues/1169#event-4430258948) at 2021-03-09 09:57 AM PST
akibrhast,2021-03-09T18:09:28Z,- akibrhast submitted pull request review: [1182](https://github.com/hackforla/website/pull/1182#pullrequestreview-607712926) at 2021-03-09 10:09 AM PST
akibrhast,2021-03-10T00:33:42Z,- akibrhast commented on pull request: [1176](https://github.com/hackforla/website/pull/1176#issuecomment-794658535) at 2021-03-09 04:33 PM PST
akibrhast,2021-03-10T00:34:28Z,- akibrhast commented on issue: [1171](https://github.com/hackforla/website/issues/1171#issuecomment-794659195) at 2021-03-09 04:34 PM PST
akibrhast,2021-03-10T00:42:53Z,- akibrhast opened issue: [1184](https://github.com/hackforla/website/issues/1184) at 2021-03-09 04:42 PM PST
akibrhast,2021-03-10T00:42:53Z,- akibrhast assigned to issue: [1184](https://github.com/hackforla/website/issues/1184) at 2021-03-09 04:42 PM PST
akibrhast,2021-03-10T00:53:10Z,- akibrhast submitted pull request review: [1176](https://github.com/hackforla/website/pull/1176#pullrequestreview-608240425) at 2021-03-09 04:53 PM PST
akibrhast,2021-03-10T01:07:45Z,- akibrhast opened issue: [1185](https://github.com/hackforla/website/issues/1185) at 2021-03-09 05:07 PM PST
akibrhast,2021-03-10T01:07:48Z,- akibrhast assigned to issue: [1185](https://github.com/hackforla/website/issues/1185) at 2021-03-09 05:07 PM PST
akibrhast,2021-03-10T01:11:40Z,- akibrhast closed issue by PR 1176: [1167](https://github.com/hackforla/website/issues/1167#event-4432555853) at 2021-03-09 05:11 PM PST
akibrhast,2021-03-10T01:16:44Z,- akibrhast commented on issue: [1171](https://github.com/hackforla/website/issues/1171#issuecomment-794695716) at 2021-03-09 05:16 PM PST
akibrhast,2021-03-10T01:23:39Z,- akibrhast opened pull request: [1186](https://github.com/hackforla/website/pull/1186) at 2021-03-09 05:23 PM PST
akibrhast,2021-03-10T01:24:15Z,- akibrhast commented on pull request: [1186](https://github.com/hackforla/website/pull/1186#issuecomment-794702386) at 2021-03-09 05:24 PM PST
akibrhast,2021-03-10T01:56:21Z,- akibrhast closed issue as completed: [935](https://github.com/hackforla/website/issues/935#event-4432744410) at 2021-03-09 05:56 PM PST
akibrhast,2021-03-10T03:09:25Z,- akibrhast opened issue: [1189](https://github.com/hackforla/website/issues/1189) at 2021-03-09 07:09 PM PST
akibrhast,2021-03-10T03:23:14Z,- akibrhast closed issue by PR 1158: [1154](https://github.com/hackforla/website/issues/1154#event-4433085861) at 2021-03-09 07:23 PM PST
akibrhast,2021-03-10T03:38:40Z,- akibrhast closed issue by PR 1188: [1089](https://github.com/hackforla/website/issues/1089#event-4433144800) at 2021-03-09 07:38 PM PST
akibrhast,2021-03-10T03:53:27Z,- akibrhast opened issue: [1190](https://github.com/hackforla/website/issues/1190) at 2021-03-09 07:53 PM PST
akibrhast,2021-03-10T03:56:27Z,- akibrhast commented on pull request: [1002](https://github.com/hackforla/website/pull/1002#issuecomment-794831721) at 2021-03-09 07:56 PM PST
akibrhast,2021-03-10T03:57:57Z,- akibrhast submitted pull request review: [1191](https://github.com/hackforla/website/pull/1191#pullrequestreview-608311007) at 2021-03-09 07:57 PM PST
akibrhast,2021-03-10T03:58:05Z,- akibrhast closed issue by PR 1191: [1190](https://github.com/hackforla/website/issues/1190#event-4433215796) at 2021-03-09 07:58 PM PST
akibrhast,2021-03-10T05:21:03Z,- akibrhast pull request merged: [1186](https://github.com/hackforla/website/pull/1186#event-4433532994) at 2021-03-09 09:21 PM PST
akibrhast,2021-03-10T06:16:45Z,- akibrhast submitted pull request review: [1194](https://github.com/hackforla/website/pull/1194#pullrequestreview-608361907) at 2021-03-09 10:16 PM PST
akibrhast,2021-03-10T06:16:51Z,- akibrhast closed issue by PR 1194: [1131](https://github.com/hackforla/website/issues/1131#event-4433769836) at 2021-03-09 10:16 PM PST
akibrhast,2021-03-10T10:19:43Z,- akibrhast assigned to issue: [959](https://github.com/hackforla/website/issues/959#issuecomment-794352694) at 2021-03-10 02:19 AM PST
akibrhast,2021-03-11T16:23:53Z,- akibrhast submitted pull request review: [1198](https://github.com/hackforla/website/pull/1198#pullrequestreview-609954662) at 2021-03-11 08:23 AM PST
akibrhast,2021-03-12T02:23:46Z,- akibrhast submitted pull request review: [1198](https://github.com/hackforla/website/pull/1198#pullrequestreview-610400877) at 2021-03-11 06:23 PM PST
akibrhast,2021-03-12T02:24:02Z,- akibrhast closed issue by PR 1198: [1189](https://github.com/hackforla/website/issues/1189#event-4448402944) at 2021-03-11 06:24 PM PST
akibrhast,2021-03-12T20:35:16Z,- akibrhast opened pull request: [1199](https://github.com/hackforla/website/pull/1199) at 2021-03-12 12:35 PM PST
akibrhast,2021-03-12T22:02:06Z,- akibrhast opened pull request: [1200](https://github.com/hackforla/website/pull/1200) at 2021-03-12 02:02 PM PST
akibrhast,2021-03-12T22:23:44Z,- akibrhast commented on issue: [1166](https://github.com/hackforla/website/issues/1166#issuecomment-797790519) at 2021-03-12 02:23 PM PST
akibrhast,2021-03-13T00:56:00Z,- akibrhast pull request merged: [1200](https://github.com/hackforla/website/pull/1200#event-4453238273) at 2021-03-12 05:56 PM PDT
akibrhast,2021-03-14T17:47:53Z,- akibrhast pull request merged: [1199](https://github.com/hackforla/website/pull/1199#event-4455522606) at 2021-03-14 10:47 AM PDT
akibrhast,2021-03-15T02:52:25Z,- akibrhast assigned to issue: [386](https://github.com/hackforla/website/issues/386#issuecomment-791073123) at 2021-03-14 07:52 PM PDT
akibrhast,2021-03-15T03:15:51Z,- akibrhast commented on issue: [386](https://github.com/hackforla/website/issues/386#issuecomment-799060766) at 2021-03-14 08:15 PM PDT
akibrhast,2021-03-15T16:20:43Z,- akibrhast submitted pull request review: [1206](https://github.com/hackforla/website/pull/1206#pullrequestreview-612389863) at 2021-03-15 09:20 AM PDT
akibrhast,2021-03-15T16:21:14Z,- akibrhast closed issue by PR 1206: [1146](https://github.com/hackforla/website/issues/1146#event-4459758195) at 2021-03-15 09:21 AM PDT
akibrhast,2021-03-15T16:41:19Z,- akibrhast submitted pull request review: [1204](https://github.com/hackforla/website/pull/1204#pullrequestreview-612412389) at 2021-03-15 09:41 AM PDT
akibrhast,2021-03-15T16:57:40Z,- akibrhast assigned to issue: [1201](https://github.com/hackforla/website/issues/1201) at 2021-03-15 09:57 AM PDT
akibrhast,2021-03-15T20:39:11Z,- akibrhast assigned to issue: [1207](https://github.com/hackforla/website/issues/1207) at 2021-03-15 01:39 PM PDT
akibrhast,2021-03-15T21:21:38Z,- akibrhast submitted pull request review: [1208](https://github.com/hackforla/website/pull/1208#pullrequestreview-612654150) at 2021-03-15 02:21 PM PDT
akibrhast,2021-03-15T21:21:53Z,- akibrhast closed issue by PR 1208: [1168](https://github.com/hackforla/website/issues/1168#event-4461137589) at 2021-03-15 02:21 PM PDT
akibrhast,2021-03-15T22:15:38Z,- akibrhast opened pull request: [1209](https://github.com/hackforla/website/pull/1209) at 2021-03-15 03:15 PM PDT
akibrhast,2021-03-15T22:20:28Z,- akibrhast pull request merged: [1209](https://github.com/hackforla/website/pull/1209#event-4461337777) at 2021-03-15 03:20 PM PDT
akibrhast,2021-03-16T15:52:49Z,- akibrhast commented on issue: [1203](https://github.com/hackforla/website/issues/1203#issuecomment-800383152) at 2021-03-16 08:52 AM PDT
akibrhast,2021-03-16T16:03:49Z,- akibrhast commented on pull request: [1204](https://github.com/hackforla/website/pull/1204#issuecomment-800392406) at 2021-03-16 09:03 AM PDT
akibrhast,2021-03-16T16:36:53Z,- akibrhast commented on issue: [1196](https://github.com/hackforla/website/issues/1196#issuecomment-800421121) at 2021-03-16 09:36 AM PDT
akibrhast,2021-03-16T20:19:02Z,- akibrhast commented on issue: [1171](https://github.com/hackforla/website/issues/1171#issuecomment-800574687) at 2021-03-16 01:19 PM PDT
akibrhast,2021-03-16T20:19:29Z,- akibrhast assigned to issue: [1171](https://github.com/hackforla/website/issues/1171#issuecomment-800574687) at 2021-03-16 01:19 PM PDT
akibrhast,2021-03-16T21:28:41Z,- akibrhast opened pull request: [1211](https://github.com/hackforla/website/pull/1211) at 2021-03-16 02:28 PM PDT
akibrhast,2021-03-17T00:28:32Z,- akibrhast commented on pull request: [1211](https://github.com/hackforla/website/pull/1211#issuecomment-800703587) at 2021-03-16 05:28 PM PDT
akibrhast,2021-03-17T00:45:39Z,- akibrhast submitted pull request review: [1204](https://github.com/hackforla/website/pull/1204#pullrequestreview-613835113) at 2021-03-16 05:45 PM PDT
akibrhast,2021-03-17T02:04:04Z,- akibrhast opened issue: [1212](https://github.com/hackforla/website/issues/1212) at 2021-03-16 07:04 PM PDT
akibrhast,2021-03-17T02:04:06Z,- akibrhast assigned to issue: [1212](https://github.com/hackforla/website/issues/1212) at 2021-03-16 07:04 PM PDT
akibrhast,2021-03-17T04:43:19Z,- akibrhast opened pull request: [1217](https://github.com/hackforla/website/pull/1217) at 2021-03-16 09:43 PM PDT
akibrhast,2021-03-17T18:07:50Z,- akibrhast assigned to issue: [1130](https://github.com/hackforla/website/issues/1130#issuecomment-801298520) at 2021-03-17 11:07 AM PDT
akibrhast,2021-03-17T18:26:52Z,- akibrhast commented on pull request: [1217](https://github.com/hackforla/website/pull/1217#issuecomment-801312751) at 2021-03-17 11:26 AM PDT
akibrhast,2021-03-17T20:18:50Z,- akibrhast opened issue: [1220](https://github.com/hackforla/website/issues/1220) at 2021-03-17 01:18 PM PDT
akibrhast,2021-03-17T20:19:37Z,- akibrhast closed issue as completed: [1220](https://github.com/hackforla/website/issues/1220#event-4472392941) at 2021-03-17 01:19 PM PDT
akibrhast,2021-03-17T20:39:30Z,- akibrhast opened issue: [1221](https://github.com/hackforla/website/issues/1221) at 2021-03-17 01:39 PM PDT
akibrhast,2021-03-17T20:51:00Z,- akibrhast opened issue: [1222](https://github.com/hackforla/website/issues/1222) at 2021-03-17 01:51 PM PDT
akibrhast,2021-03-17T20:52:07Z,- akibrhast closed issue as completed: [1222](https://github.com/hackforla/website/issues/1222#event-4472527076) at 2021-03-17 01:52 PM PDT
akibrhast,2021-03-17T20:52:14Z,- akibrhast closed issue as completed: [1221](https://github.com/hackforla/website/issues/1221#event-4472527568) at 2021-03-17 01:52 PM PDT
akibrhast,2021-03-17T20:58:41Z,- akibrhast closed issue as completed: [1224](https://github.com/hackforla/website/issues/1224#event-4472554188) at 2021-03-17 01:58 PM PDT
akibrhast,2021-03-17T20:58:41Z,- akibrhast closed issue as completed: [1225](https://github.com/hackforla/website/issues/1225#event-4472554211) at 2021-03-17 01:58 PM PDT
akibrhast,2021-03-17T20:58:42Z,- akibrhast closed issue as completed: [1226](https://github.com/hackforla/website/issues/1226#event-4472554227) at 2021-03-17 01:58 PM PDT
akibrhast,2021-03-17T20:58:42Z,- akibrhast closed issue as completed: [1227](https://github.com/hackforla/website/issues/1227#event-4472554247) at 2021-03-17 01:58 PM PDT
akibrhast,2021-03-17T20:58:42Z,- akibrhast closed issue as completed: [1228](https://github.com/hackforla/website/issues/1228#event-4472554263) at 2021-03-17 01:58 PM PDT
akibrhast,2021-03-17T20:58:42Z,- akibrhast closed issue as completed: [1229](https://github.com/hackforla/website/issues/1229#event-4472554275) at 2021-03-17 01:58 PM PDT
akibrhast,2021-03-17T20:58:42Z,- akibrhast closed issue as completed: [1230](https://github.com/hackforla/website/issues/1230#event-4472554284) at 2021-03-17 01:58 PM PDT
akibrhast,2021-03-17T20:58:43Z,- akibrhast closed issue as completed: [1231](https://github.com/hackforla/website/issues/1231#event-4472554300) at 2021-03-17 01:58 PM PDT
akibrhast,2021-03-17T20:58:43Z,- akibrhast closed issue as completed: [1232](https://github.com/hackforla/website/issues/1232#event-4472554316) at 2021-03-17 01:58 PM PDT
akibrhast,2021-03-17T20:58:52Z,- akibrhast closed issue as completed: [1233](https://github.com/hackforla/website/issues/1233#event-4472554922) at 2021-03-17 01:58 PM PDT
akibrhast,2021-03-17T21:03:25Z,- akibrhast closed issue as completed: [1236](https://github.com/hackforla/website/issues/1236#event-4472573797) at 2021-03-17 02:03 PM PDT
akibrhast,2021-03-17T21:03:25Z,- akibrhast closed issue as completed: [1237](https://github.com/hackforla/website/issues/1237#event-4472573811) at 2021-03-17 02:03 PM PDT
akibrhast,2021-03-17T21:03:25Z,- akibrhast closed issue as completed: [1238](https://github.com/hackforla/website/issues/1238#event-4472573836) at 2021-03-17 02:03 PM PDT
akibrhast,2021-03-17T21:03:25Z,- akibrhast closed issue as completed: [1239](https://github.com/hackforla/website/issues/1239#event-4472573855) at 2021-03-17 02:03 PM PDT
akibrhast,2021-03-17T21:03:25Z,- akibrhast closed issue as completed: [1240](https://github.com/hackforla/website/issues/1240#event-4472573891) at 2021-03-17 02:03 PM PDT
akibrhast,2021-03-17T21:03:26Z,- akibrhast closed issue as completed: [1242](https://github.com/hackforla/website/issues/1242#event-4472573914) at 2021-03-17 02:03 PM PDT
akibrhast,2021-03-17T21:03:26Z,- akibrhast closed issue as completed: [1243](https://github.com/hackforla/website/issues/1243#event-4472573947) at 2021-03-17 02:03 PM PDT
akibrhast,2021-03-17T21:03:27Z,- akibrhast closed issue as completed: [1244](https://github.com/hackforla/website/issues/1244#event-4472573962) at 2021-03-17 02:03 PM PDT
akibrhast,2021-03-17T21:03:27Z,- akibrhast closed issue as completed: [1245](https://github.com/hackforla/website/issues/1245#event-4472573976) at 2021-03-17 02:03 PM PDT
akibrhast,2021-03-17T21:03:27Z,- akibrhast closed issue as completed: [1246](https://github.com/hackforla/website/issues/1246#event-4472573994) at 2021-03-17 02:03 PM PDT
akibrhast,2021-03-17T21:03:27Z,- akibrhast closed issue as completed: [1247](https://github.com/hackforla/website/issues/1247#event-4472574005) at 2021-03-17 02:03 PM PDT
akibrhast,2021-03-17T21:08:40Z,- akibrhast opened issue: [1248](https://github.com/hackforla/website/issues/1248) at 2021-03-17 02:08 PM PDT
akibrhast,2021-03-18T16:37:04Z,- akibrhast commented on pull request: [1250](https://github.com/hackforla/website/pull/1250#issuecomment-802094613) at 2021-03-18 09:37 AM PDT
akibrhast,2021-03-18T16:38:15Z,- akibrhast submitted pull request review: [1250](https://github.com/hackforla/website/pull/1250#pullrequestreview-615627109) at 2021-03-18 09:38 AM PDT
akibrhast,2021-03-18T16:43:48Z,- akibrhast pull request merged: [1217](https://github.com/hackforla/website/pull/1217#event-4477348166) at 2021-03-18 09:43 AM PDT
akibrhast,2021-03-18T16:44:05Z,- akibrhast commented on pull request: [1137](https://github.com/hackforla/website/pull/1137#issuecomment-802099914) at 2021-03-18 09:44 AM PDT
akibrhast,2021-03-18T17:19:07Z,- akibrhast pull request merged: [1211](https://github.com/hackforla/website/pull/1211#event-4477581364) at 2021-03-18 10:19 AM PDT
akibrhast,2021-03-18T18:10:02Z,- akibrhast submitted pull request review: [1250](https://github.com/hackforla/website/pull/1250#pullrequestreview-615721301) at 2021-03-18 11:10 AM PDT
akibrhast,2021-03-18T18:11:02Z,- akibrhast commented on pull request: [1250](https://github.com/hackforla/website/pull/1250#issuecomment-802175057) at 2021-03-18 11:11 AM PDT
akibrhast,2021-03-18T18:11:13Z,- akibrhast closed issue by PR 1250: [678](https://github.com/hackforla/website/issues/678#event-4477838951) at 2021-03-18 11:11 AM PDT
akibrhast,2021-03-18T19:21:22Z,- akibrhast opened pull request: [1260](https://github.com/hackforla/website/pull/1260) at 2021-03-18 12:21 PM PDT
akibrhast,2021-03-19T00:02:40Z,- akibrhast commented on pull request: [1260](https://github.com/hackforla/website/pull/1260#issuecomment-802400635) at 2021-03-18 05:02 PM PDT
akibrhast,2021-03-19T02:48:23Z,- akibrhast commented on pull request: [1250](https://github.com/hackforla/website/pull/1250#issuecomment-802500026) at 2021-03-18 07:48 PM PDT
akibrhast,2021-03-19T03:08:11Z,- akibrhast commented on pull request: [1250](https://github.com/hackforla/website/pull/1250#issuecomment-802510342) at 2021-03-18 08:08 PM PDT
akibrhast,2021-03-19T03:42:41Z,- akibrhast commented on issue: [1076](https://github.com/hackforla/website/issues/1076#issuecomment-802526733) at 2021-03-18 08:42 PM PDT
akibrhast,2021-03-19T18:44:04Z,- akibrhast commented on pull request: [1260](https://github.com/hackforla/website/pull/1260#issuecomment-803037847) at 2021-03-19 11:44 AM PDT
akibrhast,2021-03-19T19:34:10Z,- akibrhast pull request merged: [1260](https://github.com/hackforla/website/pull/1260#event-4483960309) at 2021-03-19 12:34 PM PDT
akibrhast,2021-03-19T19:34:39Z,- akibrhast commented on issue: [1265](https://github.com/hackforla/website/issues/1265#issuecomment-803066395) at 2021-03-19 12:34 PM PDT
akibrhast,2021-03-19T19:56:35Z,- akibrhast opened issue: [1266](https://github.com/hackforla/website/issues/1266) at 2021-03-19 12:56 PM PDT
akibrhast,2021-03-19T19:56:35Z,- akibrhast assigned to issue: [1266](https://github.com/hackforla/website/issues/1266) at 2021-03-19 12:56 PM PDT
akibrhast,2021-03-19T20:07:12Z,- akibrhast opened pull request: [1267](https://github.com/hackforla/website/pull/1267) at 2021-03-19 01:07 PM PDT
akibrhast,2021-03-19T20:23:59Z,- akibrhast opened issue: [1268](https://github.com/hackforla/website/issues/1268) at 2021-03-19 01:23 PM PDT
akibrhast,2021-03-19T20:53:12Z,- akibrhast opened pull request: [1269](https://github.com/hackforla/website/pull/1269) at 2021-03-19 01:53 PM PDT
akibrhast,2021-03-19T21:41:17Z,- akibrhast opened pull request: [1270](https://github.com/hackforla/website/pull/1270) at 2021-03-19 02:41 PM PDT
akibrhast,2021-03-19T21:48:48Z,- akibrhast commented on pull request: [1267](https://github.com/hackforla/website/pull/1267#issuecomment-803153141) at 2021-03-19 02:48 PM PDT
akibrhast,2021-03-19T23:08:55Z,- akibrhast opened issue: [1273](https://github.com/hackforla/website/issues/1273) at 2021-03-19 04:08 PM PDT
akibrhast,2021-03-19T23:38:18Z,- akibrhast pull request merged: [1270](https://github.com/hackforla/website/pull/1270#event-4484729981) at 2021-03-19 04:38 PM PDT
akibrhast,2021-03-19T23:39:44Z,- akibrhast opened issue: [1274](https://github.com/hackforla/website/issues/1274) at 2021-03-19 04:39 PM PDT
akibrhast,2021-03-19T23:42:51Z,- akibrhast assigned to issue: [1268](https://github.com/hackforla/website/issues/1268#issuecomment-803144062) at 2021-03-19 04:42 PM PDT
akibrhast,2021-03-19T23:45:56Z,- akibrhast commented on pull request: [1269](https://github.com/hackforla/website/pull/1269#issuecomment-803194483) at 2021-03-19 04:45 PM PDT
akibrhast,2021-03-20T03:22:18Z,- akibrhast submitted pull request review: [1275](https://github.com/hackforla/website/pull/1275#pullrequestreview-616878735) at 2021-03-19 08:22 PM PDT
akibrhast,2021-03-20T17:46:09Z,- akibrhast opened issue: [1276](https://github.com/hackforla/website/issues/1276) at 2021-03-20 10:46 AM PDT
akibrhast,2021-03-20T20:34:27Z,- akibrhast commented on pull request: [1269](https://github.com/hackforla/website/pull/1269#issuecomment-803459467) at 2021-03-20 01:34 PM PDT
akibrhast,2021-03-21T04:49:51Z,- akibrhast closed issue as completed: [1248](https://github.com/hackforla/website/issues/1248#event-4486354659) at 2021-03-20 09:49 PM PDT
akibrhast,2021-03-21T04:55:00Z,- akibrhast commented on issue: [1130](https://github.com/hackforla/website/issues/1130#issuecomment-803512243) at 2021-03-20 09:55 PM PDT
akibrhast,2021-03-21T04:57:38Z,- akibrhast commented on issue: [1201](https://github.com/hackforla/website/issues/1201#issuecomment-803512443) at 2021-03-20 09:57 PM PDT
akibrhast,2021-03-21T04:59:20Z,- akibrhast commented on issue: [1266](https://github.com/hackforla/website/issues/1266#issuecomment-803512520) at 2021-03-20 09:59 PM PDT
akibrhast,2021-03-21T05:01:16Z,- akibrhast commented on issue: [1268](https://github.com/hackforla/website/issues/1268#issuecomment-803512671) at 2021-03-20 10:01 PM PDT
akibrhast,2021-03-21T15:40:28Z,- akibrhast commented on issue: [1203](https://github.com/hackforla/website/issues/1203#issuecomment-803606260) at 2021-03-21 08:40 AM PDT
akibrhast,2021-03-21T15:42:34Z,- akibrhast commented on issue: [1274](https://github.com/hackforla/website/issues/1274#issuecomment-803606661) at 2021-03-21 08:42 AM PDT
akibrhast,2021-03-21T16:17:52Z,- akibrhast pull request merged: [1267](https://github.com/hackforla/website/pull/1267#event-4486914918) at 2021-03-21 09:17 AM PDT
akibrhast,2021-03-21T16:21:16Z,- akibrhast opened issue: [1278](https://github.com/hackforla/website/issues/1278) at 2021-03-21 09:21 AM PDT
akibrhast,2021-03-21T16:21:16Z,- akibrhast assigned to issue: [1278](https://github.com/hackforla/website/issues/1278) at 2021-03-21 09:21 AM PDT
akibrhast,2021-03-21T16:22:36Z,- akibrhast commented on issue: [1276](https://github.com/hackforla/website/issues/1276#issuecomment-803614798) at 2021-03-21 09:22 AM PDT
akibrhast,2021-03-21T16:26:15Z,- akibrhast opened pull request: [1279](https://github.com/hackforla/website/pull/1279) at 2021-03-21 09:26 AM PDT
akibrhast,2021-03-21T16:41:06Z,- akibrhast opened pull request: [1280](https://github.com/hackforla/website/pull/1280) at 2021-03-21 09:41 AM PDT
akibrhast,2021-03-21T16:42:27Z,- akibrhast pull request merged: [1280](https://github.com/hackforla/website/pull/1280#event-4486940713) at 2021-03-21 09:42 AM PDT
akibrhast,2021-03-21T16:48:52Z,- akibrhast opened pull request: [1281](https://github.com/hackforla/website/pull/1281) at 2021-03-21 09:48 AM PDT
akibrhast,2021-03-21T16:55:13Z,- akibrhast opened pull request: [1282](https://github.com/hackforla/website/pull/1282) at 2021-03-21 09:55 AM PDT
akibrhast,2021-03-21T16:56:38Z,- akibrhast pull request merged: [1281](https://github.com/hackforla/website/pull/1281#event-4486955696) at 2021-03-21 09:56 AM PDT
akibrhast,2021-03-21T17:05:52Z,- akibrhast pull request merged: [1282](https://github.com/hackforla/website/pull/1282#event-4486965208) at 2021-03-21 10:05 AM PDT
akibrhast,2021-03-21T17:15:24Z,- akibrhast commented on issue: [1041](https://github.com/hackforla/website/issues/1041#issuecomment-803625884) at 2021-03-21 10:15 AM PDT
akibrhast,2021-03-21T17:15:24Z,- akibrhast closed issue as completed: [1041](https://github.com/hackforla/website/issues/1041#event-4486975016) at 2021-03-21 10:15 AM PDT
akibrhast,2021-03-21T17:20:39Z,- akibrhast pull request merged: [1279](https://github.com/hackforla/website/pull/1279#event-4486980295) at 2021-03-21 10:20 AM PDT
akibrhast,2021-03-21T17:27:52Z,- akibrhast commented on issue: [1274](https://github.com/hackforla/website/issues/1274#issuecomment-803628067) at 2021-03-21 10:27 AM PDT
akibrhast,2021-03-21T17:28:09Z,- akibrhast closed issue as completed: [1274](https://github.com/hackforla/website/issues/1274#event-4486987381) at 2021-03-21 10:28 AM PDT
akibrhast,2021-03-21T18:36:21Z,- akibrhast opened issue: [1284](https://github.com/hackforla/website/issues/1284) at 2021-03-21 11:36 AM PDT
akibrhast,2021-03-21T19:14:17Z,- akibrhast assigned to issue: [1286](https://github.com/hackforla/website/issues/1286) at 2021-03-21 12:14 PM PDT
akibrhast,2021-03-21T19:38:50Z,- akibrhast pull request merged: [1269](https://github.com/hackforla/website/pull/1269#event-4487117265) at 2021-03-21 12:38 PM PDT
akibrhast,2021-03-21T20:17:57Z,- akibrhast submitted pull request review: [1263](https://github.com/hackforla/website/pull/1263#pullrequestreview-617057347) at 2021-03-21 01:17 PM PDT
akibrhast,2021-03-21T20:18:32Z,- akibrhast submitted pull request review: [1213](https://github.com/hackforla/website/pull/1213#pullrequestreview-617057394) at 2021-03-21 01:18 PM PDT
akibrhast,2021-03-21T20:19:13Z,- akibrhast submitted pull request review: [1210](https://github.com/hackforla/website/pull/1210#pullrequestreview-617057452) at 2021-03-21 01:19 PM PDT
akibrhast,2021-03-21T20:24:31Z,- akibrhast commented on issue: [1284](https://github.com/hackforla/website/issues/1284#issuecomment-803653980) at 2021-03-21 01:24 PM PDT
akibrhast,2021-03-22T17:13:34Z,- akibrhast opened issue: [1292](https://github.com/hackforla/website/issues/1292) at 2021-03-22 10:13 AM PDT
akibrhast,2021-03-22T17:13:40Z,- akibrhast opened issue: [1293](https://github.com/hackforla/website/issues/1293) at 2021-03-22 10:13 AM PDT
akibrhast,2021-03-22T17:14:03Z,- akibrhast closed issue as completed: [1292](https://github.com/hackforla/website/issues/1292#event-4491495488) at 2021-03-22 10:14 AM PDT
akibrhast,2021-03-22T17:14:03Z,- akibrhast closed issue as completed: [1293](https://github.com/hackforla/website/issues/1293#event-4491495513) at 2021-03-22 10:14 AM PDT
akibrhast,2021-03-22T17:16:39Z,- akibrhast opened issue: [1294](https://github.com/hackforla/website/issues/1294) at 2021-03-22 10:16 AM PDT
akibrhast,2021-03-22T17:16:56Z,- akibrhast closed issue as completed: [1294](https://github.com/hackforla/website/issues/1294#event-4491514757) at 2021-03-22 10:16 AM PDT
akibrhast,2021-03-22T17:18:04Z,- akibrhast opened issue: [1295](https://github.com/hackforla/website/issues/1295) at 2021-03-22 10:18 AM PDT
akibrhast,2021-03-22T17:18:12Z,- akibrhast closed issue as completed: [1295](https://github.com/hackforla/website/issues/1295#event-4491521486) at 2021-03-22 10:18 AM PDT
akibrhast,2021-03-22T17:33:44Z,- akibrhast opened issue: [1296](https://github.com/hackforla/website/issues/1296) at 2021-03-22 10:33 AM PDT
akibrhast,2021-03-22T17:34:41Z,- akibrhast closed issue as completed: [1296](https://github.com/hackforla/website/issues/1296#event-4491608042) at 2021-03-22 10:34 AM PDT
akibrhast,2021-03-22T17:47:02Z,- akibrhast opened issue: [1297](https://github.com/hackforla/website/issues/1297) at 2021-03-22 10:47 AM PDT
akibrhast,2021-03-22T17:47:11Z,- akibrhast opened issue: [1298](https://github.com/hackforla/website/issues/1298) at 2021-03-22 10:47 AM PDT
akibrhast,2021-03-22T17:47:33Z,- akibrhast closed issue as completed: [1297](https://github.com/hackforla/website/issues/1297#event-4491672933) at 2021-03-22 10:47 AM PDT
akibrhast,2021-03-22T17:47:46Z,- akibrhast closed issue as completed: [1298](https://github.com/hackforla/website/issues/1298#event-4491674093) at 2021-03-22 10:47 AM PDT
akibrhast,2021-03-22T18:30:38Z,- akibrhast submitted pull request review: [1291](https://github.com/hackforla/website/pull/1291#pullrequestreview-617857409) at 2021-03-22 11:30 AM PDT
akibrhast,2021-03-22T18:30:44Z,- akibrhast closed issue by PR 1291: [1021](https://github.com/hackforla/website/issues/1021#event-4491875773) at 2021-03-22 11:30 AM PDT
akibrhast,2021-03-22T18:33:21Z,- akibrhast submitted pull request review: [1263](https://github.com/hackforla/website/pull/1263#pullrequestreview-617859831) at 2021-03-22 11:33 AM PDT
akibrhast,2021-03-22T18:54:16Z,- akibrhast opened issue: [1299](https://github.com/hackforla/website/issues/1299) at 2021-03-22 11:54 AM PDT
akibrhast,2021-03-22T18:54:32Z,- akibrhast closed issue as completed: [1299](https://github.com/hackforla/website/issues/1299#event-4491982687) at 2021-03-22 11:54 AM PDT
akibrhast,2021-03-22T18:55:25Z,- akibrhast opened issue: [1300](https://github.com/hackforla/website/issues/1300) at 2021-03-22 11:55 AM PDT
akibrhast,2021-03-22T18:57:20Z,- akibrhast closed issue as completed: [1300](https://github.com/hackforla/website/issues/1300#event-4491994804) at 2021-03-22 11:57 AM PDT
akibrhast,2021-03-22T18:57:26Z,- akibrhast opened issue: [1301](https://github.com/hackforla/website/issues/1301) at 2021-03-22 11:57 AM PDT
akibrhast,2021-03-22T18:58:07Z,- akibrhast closed issue as completed: [1301](https://github.com/hackforla/website/issues/1301#event-4491998720) at 2021-03-22 11:58 AM PDT
akibrhast,2021-03-22T18:59:44Z,- akibrhast opened issue: [1302](https://github.com/hackforla/website/issues/1302) at 2021-03-22 11:59 AM PDT
akibrhast,2021-03-22T19:00:48Z,- akibrhast closed issue as completed: [1302](https://github.com/hackforla/website/issues/1302#event-4492011331) at 2021-03-22 12:00 PM PDT
akibrhast,2021-03-22T19:01:20Z,- akibrhast opened issue: [1303](https://github.com/hackforla/website/issues/1303) at 2021-03-22 12:01 PM PDT
akibrhast,2021-03-22T19:02:24Z,- akibrhast closed issue as completed: [1303](https://github.com/hackforla/website/issues/1303#event-4492019241) at 2021-03-22 12:02 PM PDT
akibrhast,2021-03-22T19:04:34Z,- akibrhast opened issue: [1304](https://github.com/hackforla/website/issues/1304) at 2021-03-22 12:04 PM PDT
akibrhast,2021-03-22T19:21:28Z,- akibrhast closed issue as completed: [1304](https://github.com/hackforla/website/issues/1304#event-4492105993) at 2021-03-22 12:21 PM PDT
akibrhast,2021-03-22T20:54:13Z,- akibrhast submitted pull request review: [1305](https://github.com/hackforla/website/pull/1305#pullrequestreview-617972412) at 2021-03-22 01:54 PM PDT
akibrhast,2021-03-22T20:54:27Z,- akibrhast closed issue by PR 1305: [1261](https://github.com/hackforla/website/issues/1261#event-4492495778) at 2021-03-22 01:54 PM PDT
akibrhast,2021-03-22T20:56:28Z,- akibrhast submitted pull request review: [1213](https://github.com/hackforla/website/pull/1213#pullrequestreview-617974106) at 2021-03-22 01:56 PM PDT
akibrhast,2021-03-22T20:56:35Z,- akibrhast closed issue by PR 1213: [1110](https://github.com/hackforla/website/issues/1110#event-4492504046) at 2021-03-22 01:56 PM PDT
akibrhast,2021-03-23T04:43:37Z,- akibrhast commented on pull request: [1308](https://github.com/hackforla/website/pull/1308#issuecomment-804612674) at 2021-03-22 09:43 PM PDT
akibrhast,2021-03-23T16:43:37Z,- akibrhast opened issue: [1311](https://github.com/hackforla/website/issues/1311) at 2021-03-23 09:43 AM PDT
akibrhast,2021-03-23T16:43:42Z,- akibrhast assigned to issue: [1311](https://github.com/hackforla/website/issues/1311) at 2021-03-23 09:43 AM PDT
akibrhast,2021-03-23T17:06:54Z,- akibrhast opened pull request: [1312](https://github.com/hackforla/website/pull/1312) at 2021-03-23 10:06 AM PDT
akibrhast,2021-03-23T17:11:35Z,- akibrhast submitted pull request review: [1306](https://github.com/hackforla/website/pull/1306#pullrequestreview-618859851) at 2021-03-23 10:11 AM PDT
akibrhast,2021-03-23T17:11:43Z,- akibrhast closed issue by PR 1306: [1045](https://github.com/hackforla/website/issues/1045#event-4497498682) at 2021-03-23 10:11 AM PDT
akibrhast,2021-03-23T17:56:17Z,- akibrhast pull request merged: [1312](https://github.com/hackforla/website/pull/1312#event-4497720983) at 2021-03-23 10:56 AM PDT
akibrhast,2021-03-23T18:41:31Z,- akibrhast unassigned from issue: [1201](https://github.com/hackforla/website/issues/1201#issuecomment-803512443) at 2021-03-23 11:41 AM PDT
akibrhast,2021-03-23T21:40:16Z,- akibrhast commented on issue: [1201](https://github.com/hackforla/website/issues/1201#issuecomment-805283836) at 2021-03-23 02:40 PM PDT
akibrhast,2021-03-24T03:45:43Z,- akibrhast opened issue: [1321](https://github.com/hackforla/website/issues/1321) at 2021-03-23 08:45 PM PDT
akibrhast,2021-03-26T00:50:18Z,- akibrhast opened pull request: [1328](https://github.com/hackforla/website/pull/1328) at 2021-03-25 05:50 PM PDT
akibrhast,2021-03-26T04:20:44Z,- akibrhast commented on issue: [1321](https://github.com/hackforla/website/issues/1321#issuecomment-807924871) at 2021-03-25 09:20 PM PDT
akibrhast,2021-03-26T04:20:44Z,- akibrhast closed issue as completed: [1321](https://github.com/hackforla/website/issues/1321#event-4511716922) at 2021-03-25 09:20 PM PDT
akibrhast,2021-03-27T03:38:09Z,- akibrhast pull request merged: [1328](https://github.com/hackforla/website/pull/1328#event-4516622542) at 2021-03-26 08:38 PM PDT
akibrhast,2021-03-27T06:24:43Z,- akibrhast closed issue as completed: [1276](https://github.com/hackforla/website/issues/1276#event-4516732107) at 2021-03-26 11:24 PM PDT
akibrhast,2021-03-28T17:03:13Z,- akibrhast commented on issue: [981](https://github.com/hackforla/website/issues/981#issuecomment-808925194) at 2021-03-28 10:03 AM PDT
akibrhast,2021-03-28T17:26:12Z,- akibrhast opened issue: [1338](https://github.com/hackforla/website/issues/1338) at 2021-03-28 10:26 AM PDT
akibrhast,2021-03-29T02:43:46Z,- akibrhast closed issue as completed: [981](https://github.com/hackforla/website/issues/981#event-4518985119) at 2021-03-28 07:43 PM PDT
akibrhast,2021-03-29T19:01:03Z,- akibrhast submitted pull request review: [1334](https://github.com/hackforla/website/pull/1334#pullrequestreview-623552936) at 2021-03-29 12:01 PM PDT
akibrhast,2021-03-29T19:01:10Z,- akibrhast closed issue by PR 1334: [1077](https://github.com/hackforla/website/issues/1077#event-4523323235) at 2021-03-29 12:01 PM PDT
akibrhast,2021-03-31T02:31:28Z,- akibrhast closed issue by PR 1340: [1264](https://github.com/hackforla/website/issues/1264#event-4531536114) at 2021-03-30 07:31 PM PDT
akibrhast,2021-03-31T04:27:15Z,- akibrhast closed issue by PR 1339: [1102](https://github.com/hackforla/website/issues/1102#event-4531899265) at 2021-03-30 09:27 PM PDT
akibrhast,2021-03-31T04:34:16Z,- akibrhast submitted pull request review: [1339](https://github.com/hackforla/website/pull/1339#pullrequestreview-624883976) at 2021-03-30 09:34 PM PDT
akibrhast,2021-03-31T04:58:12Z,- akibrhast closed issue as completed: [603](https://github.com/hackforla/website/issues/603#event-4531999763) at 2021-03-30 09:58 PM PDT
akibrhast,2021-03-31T05:33:43Z,- akibrhast assigned to issue: [1026](https://github.com/hackforla/website/issues/1026) at 2021-03-30 10:33 PM PDT
akibrhast,2021-03-31T05:34:05Z,- akibrhast unassigned from issue: [1026](https://github.com/hackforla/website/issues/1026) at 2021-03-30 10:34 PM PDT
akibrhast,2021-03-31T18:35:40Z,- akibrhast commented on issue: [1219](https://github.com/hackforla/website/issues/1219#issuecomment-811322210) at 2021-03-31 11:35 AM PDT
akibrhast,2021-03-31T19:35:38Z,- akibrhast commented on issue: [1085](https://github.com/hackforla/website/issues/1085#issuecomment-811383289) at 2021-03-31 12:35 PM PDT
akibrhast,2021-04-01T02:39:01Z,- akibrhast commented on pull request: [1210](https://github.com/hackforla/website/pull/1210#issuecomment-811595305) at 2021-03-31 07:39 PM PDT
akibrhast,2021-04-01T02:47:55Z,- akibrhast commented on issue: [1192](https://github.com/hackforla/website/issues/1192#issuecomment-811598094) at 2021-03-31 07:47 PM PDT
akibrhast,2021-04-01T02:48:01Z,- akibrhast closed issue as completed: [1337](https://github.com/hackforla/website/issues/1337#event-4538610084) at 2021-03-31 07:48 PM PDT
akibrhast,2021-04-03T05:00:03Z,- akibrhast opened issue: [1348](https://github.com/hackforla/website/issues/1348) at 2021-04-02 10:00 PM PDT
akibrhast,2021-04-03T05:00:03Z,- akibrhast assigned to issue: [1348](https://github.com/hackforla/website/issues/1348) at 2021-04-02 10:00 PM PDT
akibrhast,2021-04-03T05:11:12Z,- akibrhast opened pull request: [1349](https://github.com/hackforla/website/pull/1349) at 2021-04-02 10:11 PM PDT
akibrhast,2021-04-04T17:30:50Z,- akibrhast assigned to issue: [223](https://github.com/hackforla/website/issues/223#issuecomment-636994125) at 2021-04-04 10:30 AM PDT
akibrhast,2021-04-04T20:56:44Z,- akibrhast pull request merged: [1349](https://github.com/hackforla/website/pull/1349#event-4549503812) at 2021-04-04 01:56 PM PDT
akibrhast,2021-04-04T21:41:15Z,- akibrhast commented on pull request: [1350](https://github.com/hackforla/website/pull/1350#issuecomment-813103617) at 2021-04-04 02:41 PM PDT
akibrhast,2021-04-04T23:24:40Z,- akibrhast commented on issue: [826](https://github.com/hackforla/website/issues/826#issuecomment-813115539) at 2021-04-04 04:24 PM PDT
akibrhast,2021-04-05T00:01:21Z,- akibrhast submitted pull request review: [1354](https://github.com/hackforla/website/pull/1354#pullrequestreview-627581797) at 2021-04-04 05:01 PM PDT
akibrhast,2021-04-05T01:15:51Z,- akibrhast opened pull request: [1356](https://github.com/hackforla/website/pull/1356) at 2021-04-04 06:15 PM PDT
akibrhast,2021-04-05T16:48:59Z,- akibrhast commented on issue: [1329](https://github.com/hackforla/website/issues/1329#issuecomment-813498391) at 2021-04-05 09:48 AM PDT
akibrhast,2021-04-05T17:14:47Z,- akibrhast assigned to issue: [1253](https://github.com/hackforla/website/issues/1253) at 2021-04-05 10:14 AM PDT
akibrhast,2021-04-05T17:20:54Z,- akibrhast opened pull request: [1358](https://github.com/hackforla/website/pull/1358) at 2021-04-05 10:20 AM PDT
akibrhast,2021-04-05T17:21:33Z,- akibrhast assigned to issue: [1252](https://github.com/hackforla/website/issues/1252) at 2021-04-05 10:21 AM PDT
akibrhast,2021-04-05T17:33:42Z,- akibrhast opened pull request: [1359](https://github.com/hackforla/website/pull/1359) at 2021-04-05 10:33 AM PDT
akibrhast,2021-04-05T17:36:24Z,- akibrhast assigned to issue: [1251](https://github.com/hackforla/website/issues/1251) at 2021-04-05 10:36 AM PDT
akibrhast,2021-04-05T17:42:28Z,- akibrhast opened pull request: [1360](https://github.com/hackforla/website/pull/1360) at 2021-04-05 10:42 AM PDT
akibrhast,2021-04-05T17:49:28Z,- akibrhast assigned to issue: [1257](https://github.com/hackforla/website/issues/1257) at 2021-04-05 10:49 AM PDT
akibrhast,2021-04-05T17:50:44Z,- akibrhast assigned to issue: [1256](https://github.com/hackforla/website/issues/1256) at 2021-04-05 10:50 AM PDT
akibrhast,2021-04-05T17:51:14Z,- akibrhast commented on issue: [1256](https://github.com/hackforla/website/issues/1256#issuecomment-813534797) at 2021-04-05 10:51 AM PDT
akibrhast,2021-04-05T18:53:15Z,- akibrhast pull request merged: [1360](https://github.com/hackforla/website/pull/1360#event-4552922123) at 2021-04-05 11:53 AM PDT
akibrhast,2021-04-05T19:02:17Z,- akibrhast pull request merged: [1359](https://github.com/hackforla/website/pull/1359#event-4552956238) at 2021-04-05 12:02 PM PDT
akibrhast,2021-04-05T19:06:59Z,- akibrhast pull request merged: [1358](https://github.com/hackforla/website/pull/1358#event-4552973743) at 2021-04-05 12:06 PM PDT
akibrhast,2021-04-05T21:34:15Z,- akibrhast commented on issue: [1253](https://github.com/hackforla/website/issues/1253#issuecomment-813664050) at 2021-04-05 02:34 PM PDT
akibrhast,2021-04-06T15:09:54Z,- akibrhast commented on issue: [1353](https://github.com/hackforla/website/issues/1353#issuecomment-814199013) at 2021-04-06 08:09 AM PDT
akibrhast,2021-04-06T15:21:21Z,- akibrhast commented on issue: [1256](https://github.com/hackforla/website/issues/1256#issuecomment-814207804) at 2021-04-06 08:21 AM PDT
akibrhast,2021-04-06T15:45:22Z,- akibrhast opened pull request: [1362](https://github.com/hackforla/website/pull/1362) at 2021-04-06 08:45 AM PDT
akibrhast,2021-04-06T16:13:53Z,- akibrhast opened pull request: [1363](https://github.com/hackforla/website/pull/1363) at 2021-04-06 09:13 AM PDT
akibrhast,2021-04-06T16:13:58Z,- akibrhast pull request closed w/o merging: [1363](https://github.com/hackforla/website/pull/1363#event-4557771130) at 2021-04-06 09:13 AM PDT
akibrhast,2021-04-06T16:51:29Z,- akibrhast commented on issue: [1353](https://github.com/hackforla/website/issues/1353#issuecomment-814273649) at 2021-04-06 09:51 AM PDT
akibrhast,2021-04-07T04:37:46Z,- akibrhast closed issue as completed: [1201](https://github.com/hackforla/website/issues/1201#event-4560134357) at 2021-04-06 09:37 PM PDT
akibrhast,2021-04-07T04:38:11Z,- akibrhast assigned to issue: [1353](https://github.com/hackforla/website/issues/1353#issuecomment-814273649) at 2021-04-06 09:38 PM PDT
akibrhast,2021-04-07T20:35:05Z,- akibrhast opened pull request: [1370](https://github.com/hackforla/website/pull/1370) at 2021-04-07 01:35 PM PDT
akibrhast,2021-04-07T20:50:41Z,- akibrhast opened pull request: [1371](https://github.com/hackforla/website/pull/1371) at 2021-04-07 01:50 PM PDT
akibrhast,2021-04-07T21:19:37Z,- akibrhast opened pull request: [1372](https://github.com/hackforla/website/pull/1372) at 2021-04-07 02:19 PM PDT
akibrhast,2021-04-07T23:04:47Z,- akibrhast pull request merged: [1372](https://github.com/hackforla/website/pull/1372#event-4565403896) at 2021-04-07 04:04 PM PDT
akibrhast,2021-04-07T23:05:10Z,- akibrhast pull request merged: [1371](https://github.com/hackforla/website/pull/1371#event-4565404899) at 2021-04-07 04:05 PM PDT
akibrhast,2021-04-07T23:07:33Z,- akibrhast pull request merged: [1370](https://github.com/hackforla/website/pull/1370#event-4565411356) at 2021-04-07 04:07 PM PDT
akibrhast,2021-04-08T02:31:05Z,- akibrhast submitted pull request review: [1373](https://github.com/hackforla/website/pull/1373#pullrequestreview-630928967) at 2021-04-07 07:31 PM PDT
akibrhast,2021-04-08T03:55:18Z,- akibrhast submitted pull request review: [1365](https://github.com/hackforla/website/pull/1365#pullrequestreview-630956274) at 2021-04-07 08:55 PM PDT
akibrhast,2021-04-08T03:55:28Z,- akibrhast closed issue by PR 1365: [1049](https://github.com/hackforla/website/issues/1049#event-4566181938) at 2021-04-07 08:55 PM PDT
akibrhast,2021-04-08T03:55:29Z,- akibrhast closed issue by PR 1365: [1048](https://github.com/hackforla/website/issues/1048#event-4566181939) at 2021-04-07 08:55 PM PDT
akibrhast,2021-04-08T04:02:28Z,- akibrhast submitted pull request review: [1377](https://github.com/hackforla/website/pull/1377#pullrequestreview-630958458) at 2021-04-07 09:02 PM PDT
akibrhast,2021-04-08T16:23:45Z,- akibrhast commented on issue: [1374](https://github.com/hackforla/website/issues/1374#issuecomment-815962543) at 2021-04-08 09:23 AM PDT
akibrhast,2021-04-08T16:29:34Z,- akibrhast submitted pull request review: [1364](https://github.com/hackforla/website/pull/1364#pullrequestreview-631605530) at 2021-04-08 09:29 AM PDT
akibrhast,2021-04-08T16:29:55Z,- akibrhast closed issue by PR 1364: [1202](https://github.com/hackforla/website/issues/1202#event-4569745491) at 2021-04-08 09:29 AM PDT
akibrhast,2021-04-08T20:16:45Z,- akibrhast commented on pull request: [1368](https://github.com/hackforla/website/pull/1368#issuecomment-816147487) at 2021-04-08 01:16 PM PDT
akibrhast,2021-04-08T20:28:39Z,- akibrhast opened issue: [1378](https://github.com/hackforla/website/issues/1378) at 2021-04-08 01:28 PM PDT
akibrhast,2021-04-08T21:30:38Z,- akibrhast submitted pull request review: [1377](https://github.com/hackforla/website/pull/1377#pullrequestreview-631856805) at 2021-04-08 02:30 PM PDT
akibrhast,2021-04-09T17:00:39Z,- akibrhast submitted pull request review: [1384](https://github.com/hackforla/website/pull/1384#pullrequestreview-632621546) at 2021-04-09 10:00 AM PDT
akibrhast,2021-04-09T17:00:47Z,- akibrhast closed issue by PR 1384: [1331](https://github.com/hackforla/website/issues/1331#event-4575511890) at 2021-04-09 10:00 AM PDT
akibrhast,2021-04-09T17:09:11Z,- akibrhast assigned to issue: [1071](https://github.com/hackforla/website/issues/1071) at 2021-04-09 10:09 AM PDT
akibrhast,2021-04-09T17:09:17Z,- akibrhast unassigned from issue: [1071](https://github.com/hackforla/website/issues/1071) at 2021-04-09 10:09 AM PDT
akibrhast,2021-04-09T21:09:15Z,- akibrhast submitted pull request review: [1385](https://github.com/hackforla/website/pull/1385#pullrequestreview-632787090) at 2021-04-09 02:09 PM PDT
akibrhast,2021-04-09T21:12:23Z,- akibrhast commented on pull request: [1385](https://github.com/hackforla/website/pull/1385#issuecomment-816974484) at 2021-04-09 02:12 PM PDT
akibrhast,2021-04-09T21:13:35Z,- akibrhast submitted pull request review: [1368](https://github.com/hackforla/website/pull/1368#pullrequestreview-632789174) at 2021-04-09 02:13 PM PDT
akibrhast,2021-04-09T21:28:42Z,- akibrhast submitted pull request review: [1385](https://github.com/hackforla/website/pull/1385#pullrequestreview-632796796) at 2021-04-09 02:28 PM PDT
akibrhast,2021-04-09T21:28:50Z,- akibrhast closed issue by PR 1385: [1333](https://github.com/hackforla/website/issues/1333#event-4576473318) at 2021-04-09 02:28 PM PDT
akibrhast,2021-04-10T04:53:22Z,- akibrhast closed issue by PR 1377: [1125](https://github.com/hackforla/website/issues/1125#event-4577091387) at 2021-04-09 09:53 PM PDT
akibrhast,2021-04-10T14:51:47Z,- akibrhast closed issue by PR 1288: [1044](https://github.com/hackforla/website/issues/1044#event-4577555112) at 2021-04-10 07:51 AM PDT
akibrhast,2021-04-10T15:09:04Z,- akibrhast opened pull request: [1387](https://github.com/hackforla/website/pull/1387) at 2021-04-10 08:09 AM PDT
akibrhast,2021-04-10T15:32:47Z,- akibrhast unassigned from issue: [1353](https://github.com/hackforla/website/issues/1353#issuecomment-814273649) at 2021-04-10 08:32 AM PDT
akibrhast,2021-04-10T15:35:01Z,- akibrhast unassigned from issue: [1256](https://github.com/hackforla/website/issues/1256#issuecomment-815129199) at 2021-04-10 08:35 AM PDT
akibrhast,2021-04-10T15:38:41Z,- akibrhast commented on issue: [1286](https://github.com/hackforla/website/issues/1286#issuecomment-817155249) at 2021-04-10 08:38 AM PDT
akibrhast,2021-04-10T23:00:15Z,- akibrhast opened pull request: [1391](https://github.com/hackforla/website/pull/1391) at 2021-04-10 04:00 PM PDT
akibrhast,2021-04-10T23:04:08Z,- akibrhast pull request merged: [1391](https://github.com/hackforla/website/pull/1391#event-4577958317) at 2021-04-10 04:04 PM PDT
akibrhast,2021-04-11T00:46:54Z,- akibrhast closed issue as completed: [1388](https://github.com/hackforla/website/issues/1388#event-4578018600) at 2021-04-10 05:46 PM PDT
akibrhast,2021-04-11T17:17:23Z,- akibrhast commented on issue: [1257](https://github.com/hackforla/website/issues/1257#issuecomment-817341086) at 2021-04-11 10:17 AM PDT
akibrhast,2021-04-11T17:18:10Z,- akibrhast commented on issue: [223](https://github.com/hackforla/website/issues/223#issuecomment-817341176) at 2021-04-11 10:18 AM PDT
akibrhast,2021-04-11T17:19:22Z,- akibrhast commented on issue: [1130](https://github.com/hackforla/website/issues/1130#issuecomment-817341345) at 2021-04-11 10:19 AM PDT
akibrhast,2021-04-11T19:10:49Z,- akibrhast commented on pull request: [1355](https://github.com/hackforla/website/pull/1355#issuecomment-817357314) at 2021-04-11 12:10 PM PDT
akibrhast,2021-04-11T19:19:42Z,- akibrhast assigned to issue: [1392](https://github.com/hackforla/website/issues/1392) at 2021-04-11 12:19 PM PDT
akibrhast,2021-04-11T19:29:38Z,- akibrhast commented on issue: [1115](https://github.com/hackforla/website/issues/1115#issuecomment-817359862) at 2021-04-11 12:29 PM PDT
akibrhast,2021-04-13T23:09:50Z,- akibrhast closed issue by PR 1387: [223](https://github.com/hackforla/website/issues/223#event-4590650999) at 2021-04-13 04:09 PM PDT
akibrhast,2021-04-13T23:09:50Z,- akibrhast pull request merged: [1387](https://github.com/hackforla/website/pull/1387#event-4590651004) at 2021-04-13 04:09 PM PDT
akibrhast,2021-04-14T00:21:44Z,- akibrhast unassigned from issue: [1392](https://github.com/hackforla/website/issues/1392) at 2021-04-13 05:21 PM PDT
akibrhast,2021-04-14T19:39:48Z,- akibrhast commented on pull request: [1399](https://github.com/hackforla/website/pull/1399#issuecomment-819782699) at 2021-04-14 12:39 PM PDT
akibrhast,2021-04-15T00:50:03Z,- akibrhast submitted pull request review: [1401](https://github.com/hackforla/website/pull/1401#pullrequestreview-636187073) at 2021-04-14 05:50 PM PDT
akibrhast,2021-04-15T01:59:45Z,- akibrhast closed issue by PR 1401: [1284](https://github.com/hackforla/website/issues/1284#event-4596666065) at 2021-04-14 06:59 PM PDT
akibrhast,2021-04-15T01:59:55Z,- akibrhast submitted pull request review: [1401](https://github.com/hackforla/website/pull/1401#pullrequestreview-636211139) at 2021-04-14 06:59 PM PDT
akibrhast,2021-04-15T19:10:35Z,- akibrhast opened pull request: [1409](https://github.com/hackforla/website/pull/1409) at 2021-04-15 12:10 PM PDT
akibrhast,2021-04-16T02:08:28Z,- akibrhast commented on pull request: [1409](https://github.com/hackforla/website/pull/1409#issuecomment-820858045) at 2021-04-15 07:08 PM PDT
akibrhast,2021-04-18T00:48:54Z,- akibrhast commented on issue: [1313](https://github.com/hackforla/website/issues/1313#issuecomment-821909764) at 2021-04-17 05:48 PM PDT
akibrhast,2021-04-18T04:15:44Z,- akibrhast commented on issue: [947](https://github.com/hackforla/website/issues/947#issuecomment-821929351) at 2021-04-17 09:15 PM PDT
akibrhast,2021-04-18T04:19:02Z,- akibrhast commented on pull request: [1409](https://github.com/hackforla/website/pull/1409#issuecomment-821929656) at 2021-04-17 09:19 PM PDT
akibrhast,2021-04-18T04:39:19Z,- akibrhast pull request merged: [1409](https://github.com/hackforla/website/pull/1409#event-4608650172) at 2021-04-17 09:39 PM PDT
akibrhast,2021-04-18T07:19:19Z,- akibrhast opened pull request: [1412](https://github.com/hackforla/website/pull/1412) at 2021-04-18 12:19 AM PDT
akibrhast,2021-04-18T07:25:44Z,- akibrhast pull request merged: [1412](https://github.com/hackforla/website/pull/1412#event-4608754927) at 2021-04-18 12:25 AM PDT
akibrhast,2021-04-18T15:50:09Z,- akibrhast submitted pull request review: [1399](https://github.com/hackforla/website/pull/1399#pullrequestreview-638343563) at 2021-04-18 08:50 AM PDT
akibrhast,2021-04-18T15:53:49Z,- akibrhast commented on pull request: [1406](https://github.com/hackforla/website/pull/1406#issuecomment-822013897) at 2021-04-18 08:53 AM PDT
akibrhast,2021-04-18T15:54:33Z,- akibrhast commented on issue: [1407](https://github.com/hackforla/website/issues/1407#issuecomment-822014025) at 2021-04-18 08:54 AM PDT
akibrhast,2021-04-18T15:56:38Z,- akibrhast commented on issue: [1407](https://github.com/hackforla/website/issues/1407#issuecomment-822014387) at 2021-04-18 08:56 AM PDT
akibrhast,2021-04-18T15:57:27Z,- akibrhast commented on issue: [1407](https://github.com/hackforla/website/issues/1407#issuecomment-822014485) at 2021-04-18 08:57 AM PDT
akibrhast,2021-04-18T15:58:45Z,- akibrhast commented on issue: [1407](https://github.com/hackforla/website/issues/1407#issuecomment-822014680) at 2021-04-18 08:58 AM PDT
akibrhast,2021-04-18T15:59:36Z,- akibrhast closed issue by PR 1406: [1332](https://github.com/hackforla/website/issues/1332#event-4609232938) at 2021-04-18 08:59 AM PDT
akibrhast,2021-04-18T16:25:09Z,- akibrhast submitted pull request review: [1405](https://github.com/hackforla/website/pull/1405#pullrequestreview-638346418) at 2021-04-18 09:25 AM PDT
akibrhast,2021-04-18T16:25:18Z,- akibrhast closed issue by PR 1405: [1392](https://github.com/hackforla/website/issues/1392#event-4609258646) at 2021-04-18 09:25 AM PDT
akibrhast,2021-04-18T16:26:43Z,- akibrhast pull request merged: [1362](https://github.com/hackforla/website/pull/1362#event-4609260012) at 2021-04-18 09:26 AM PDT
akibrhast,2021-04-18T19:34:58Z,- akibrhast closed issue by PR 1399: [1071](https://github.com/hackforla/website/issues/1071#event-4609447040) at 2021-04-18 12:34 PM PDT
akibrhast,2021-04-18T19:34:58Z,- akibrhast closed issue by PR 1399: [1319](https://github.com/hackforla/website/issues/1319#event-4609447036) at 2021-04-18 12:34 PM PDT
akibrhast,2021-04-18T21:35:55Z,- akibrhast opened pull request: [1420](https://github.com/hackforla/website/pull/1420) at 2021-04-18 02:35 PM PDT
akibrhast,2021-04-18T21:48:34Z,- akibrhast commented on issue: [1418](https://github.com/hackforla/website/issues/1418#issuecomment-822067299) at 2021-04-18 02:48 PM PDT
akibrhast,2021-04-18T21:48:54Z,- akibrhast assigned to issue: [1418](https://github.com/hackforla/website/issues/1418#issuecomment-822067299) at 2021-04-18 02:48 PM PDT
akibrhast,2021-04-18T21:53:31Z,- akibrhast assigned to issue: [1417](https://github.com/hackforla/website/issues/1417) at 2021-04-18 02:53 PM PDT
akibrhast,2021-04-19T00:28:22Z,- akibrhast commented on issue: [1415](https://github.com/hackforla/website/issues/1415#issuecomment-822096058) at 2021-04-18 05:28 PM PDT
akibrhast,2021-04-19T05:33:33Z,- akibrhast commented on issue: [1027](https://github.com/hackforla/website/issues/1027#issuecomment-822179817) at 2021-04-18 10:33 PM PDT
akibrhast,2021-04-19T05:36:43Z,- akibrhast commented on issue: [1027](https://github.com/hackforla/website/issues/1027#issuecomment-822181281) at 2021-04-18 10:36 PM PDT
akibrhast,2021-04-19T14:37:27Z,- akibrhast assigned to issue: [833](https://github.com/hackforla/website/issues/833#issuecomment-798809755) at 2021-04-19 07:37 AM PDT
akibrhast,2021-04-19T17:22:02Z,- akibrhast opened pull request: [1421](https://github.com/hackforla/website/pull/1421) at 2021-04-19 10:22 AM PDT
akibrhast,2021-04-19T17:48:55Z,- akibrhast pull request merged: [1420](https://github.com/hackforla/website/pull/1420#event-4614175261) at 2021-04-19 10:48 AM PDT
akibrhast,2021-04-19T17:51:54Z,- akibrhast commented on pull request: [1420](https://github.com/hackforla/website/pull/1420#issuecomment-822658546) at 2021-04-19 10:51 AM PDT
akibrhast,2021-04-19T20:18:27Z,- akibrhast commented on pull request: [1421](https://github.com/hackforla/website/pull/1421#issuecomment-822757251) at 2021-04-19 01:18 PM PDT
akibrhast,2021-04-20T22:41:29Z,- akibrhast submitted pull request review: [1423](https://github.com/hackforla/website/pull/1423#pullrequestreview-640479684) at 2021-04-20 03:41 PM PDT
akibrhast,2021-04-20T23:10:09Z,- akibrhast submitted pull request review: [1419](https://github.com/hackforla/website/pull/1419#pullrequestreview-640499353) at 2021-04-20 04:10 PM PDT
akibrhast,2021-04-20T23:12:12Z,- akibrhast submitted pull request review: [1419](https://github.com/hackforla/website/pull/1419#pullrequestreview-640500275) at 2021-04-20 04:12 PM PDT
akibrhast,2021-04-20T23:23:42Z,- akibrhast commented on pull request: [1423](https://github.com/hackforla/website/pull/1423#issuecomment-823663651) at 2021-04-20 04:23 PM PDT
akibrhast,2021-04-21T01:37:38Z,- akibrhast opened pull request: [1424](https://github.com/hackforla/website/pull/1424) at 2021-04-20 06:37 PM PDT
akibrhast,2021-04-21T03:50:19Z,- akibrhast pull request merged: [1421](https://github.com/hackforla/website/pull/1421#event-4622569841) at 2021-04-20 08:50 PM PDT
akibrhast,2021-04-22T02:57:52Z,- akibrhast commented on pull request: [1424](https://github.com/hackforla/website/pull/1424#issuecomment-824501505) at 2021-04-21 07:57 PM PDT
akibrhast,2021-04-22T20:55:44Z,- akibrhast submitted pull request review: [1435](https://github.com/hackforla/website/pull/1435#pullrequestreview-642659319) at 2021-04-22 01:55 PM PDT
akibrhast,2021-04-22T20:57:27Z,- akibrhast submitted pull request review: [1433](https://github.com/hackforla/website/pull/1433#pullrequestreview-642660639) at 2021-04-22 01:57 PM PDT
akibrhast,2021-04-22T21:02:42Z,- akibrhast submitted pull request review: [1428](https://github.com/hackforla/website/pull/1428#pullrequestreview-642664654) at 2021-04-22 02:02 PM PDT
akibrhast,2021-04-23T14:04:29Z,- akibrhast submitted pull request review: [1423](https://github.com/hackforla/website/pull/1423#pullrequestreview-643334387) at 2021-04-23 07:04 AM PDT
akibrhast,2021-04-23T14:04:42Z,- akibrhast closed issue by PR 1423: [1122](https://github.com/hackforla/website/issues/1122#event-4637108819) at 2021-04-23 07:04 AM PDT
akibrhast,2021-04-23T16:33:35Z,- akibrhast submitted pull request review: [1419](https://github.com/hackforla/website/pull/1419#pullrequestreview-643477263) at 2021-04-23 09:33 AM PDT
akibrhast,2021-04-23T16:38:04Z,- akibrhast submitted pull request review: [1435](https://github.com/hackforla/website/pull/1435#pullrequestreview-643480861) at 2021-04-23 09:38 AM PDT
akibrhast,2021-04-23T16:47:00Z,- akibrhast opened pull request: [1438](https://github.com/hackforla/website/pull/1438) at 2021-04-23 09:47 AM PDT
akibrhast,2021-04-23T16:49:11Z,- akibrhast pull request closed w/o merging: [1438](https://github.com/hackforla/website/pull/1438#event-4637917188) at 2021-04-23 09:49 AM PDT
akibrhast,2021-04-23T16:49:57Z,- akibrhast closed issue by PR 1435: [1434](https://github.com/hackforla/website/issues/1434#event-4637920328) at 2021-04-23 09:49 AM PDT
akibrhast,2021-04-23T18:04:08Z,- akibrhast submitted pull request review: [1440](https://github.com/hackforla/website/pull/1440#pullrequestreview-643546292) at 2021-04-23 11:04 AM PDT
akibrhast,2021-04-23T18:11:00Z,- akibrhast submitted pull request review: [1437](https://github.com/hackforla/website/pull/1437#pullrequestreview-643551287) at 2021-04-23 11:11 AM PDT
akibrhast,2021-04-23T19:13:43Z,- akibrhast opened issue: [1441](https://github.com/hackforla/website/issues/1441) at 2021-04-23 12:13 PM PDT
akibrhast,2021-04-23T19:14:25Z,- akibrhast opened issue: [1442](https://github.com/hackforla/website/issues/1442) at 2021-04-23 12:14 PM PDT
akibrhast,2021-04-23T19:26:41Z,- akibrhast opened issue: [1443](https://github.com/hackforla/website/issues/1443) at 2021-04-23 12:26 PM PDT
akibrhast,2021-04-23T20:00:11Z,- akibrhast opened issue: [1445](https://github.com/hackforla/website/issues/1445) at 2021-04-23 01:00 PM PDT
akibrhast,2021-04-23T22:44:12Z,- akibrhast submitted pull request review: [1446](https://github.com/hackforla/website/pull/1446#pullrequestreview-643705914) at 2021-04-23 03:44 PM PDT
akibrhast,2021-04-23T22:44:21Z,- akibrhast closed issue by PR 1446: [940](https://github.com/hackforla/website/issues/940#event-4639107361) at 2021-04-23 03:44 PM PDT
akibrhast,2021-04-24T02:03:23Z,- akibrhast submitted pull request review: [1447](https://github.com/hackforla/website/pull/1447#pullrequestreview-643741364) at 2021-04-23 07:03 PM PDT
akibrhast,2021-04-24T02:03:31Z,- akibrhast closed issue by PR 1447: [1026](https://github.com/hackforla/website/issues/1026#event-4639397859) at 2021-04-23 07:03 PM PDT
akibrhast,2021-04-24T02:08:44Z,- akibrhast commented on pull request: [1448](https://github.com/hackforla/website/pull/1448#issuecomment-826018253) at 2021-04-23 07:08 PM PDT
akibrhast,2021-04-24T02:10:34Z,- akibrhast submitted pull request review: [1448](https://github.com/hackforla/website/pull/1448#pullrequestreview-643741991) at 2021-04-23 07:10 PM PDT
akibrhast,2021-04-24T22:37:59Z,- akibrhast commented on pull request: [1424](https://github.com/hackforla/website/pull/1424#issuecomment-826162418) at 2021-04-24 03:37 PM PDT
akibrhast,2021-04-25T17:29:03Z,- akibrhast commented on issue: [1390](https://github.com/hackforla/website/issues/1390#issuecomment-826359472) at 2021-04-25 10:29 AM PDT
akibrhast,2021-04-26T23:09:21Z,- akibrhast submitted pull request review: [1468](https://github.com/hackforla/website/pull/1468#pullrequestreview-645183936) at 2021-04-26 04:09 PM PDT
akibrhast,2021-04-26T23:12:43Z,- akibrhast commented on pull request: [1468](https://github.com/hackforla/website/pull/1468#issuecomment-827199092) at 2021-04-26 04:12 PM PDT
akibrhast,2021-04-27T01:35:00Z,- akibrhast commented on pull request: [1424](https://github.com/hackforla/website/pull/1424#issuecomment-827244932) at 2021-04-26 06:35 PM PDT
akibrhast,2021-04-27T09:06:09Z,- akibrhast opened pull request: [1473](https://github.com/hackforla/website/pull/1473) at 2021-04-27 02:06 AM PDT
akibrhast,2021-04-27T09:39:24Z,- akibrhast pull request closed w/o merging: [1473](https://github.com/hackforla/website/pull/1473#event-4649774751) at 2021-04-27 02:39 AM PDT
akibrhast,2021-04-28T00:35:03Z,- akibrhast submitted pull request review: [1476](https://github.com/hackforla/website/pull/1476#pullrequestreview-646502672) at 2021-04-27 05:35 PM PDT
akibrhast,2021-04-28T01:08:58Z,- akibrhast commented on pull request: [1424](https://github.com/hackforla/website/pull/1424#issuecomment-828064949) at 2021-04-27 06:08 PM PDT
akibrhast,2021-04-28T02:54:33Z,- akibrhast pull request merged: [1424](https://github.com/hackforla/website/pull/1424#event-4654132157) at 2021-04-27 07:54 PM PDT
akibrhast,2021-04-28T03:18:33Z,- akibrhast commented on issue: [1415](https://github.com/hackforla/website/issues/1415#issuecomment-828111274) at 2021-04-27 08:18 PM PDT
akibrhast,2021-04-28T04:18:34Z,- akibrhast submitted pull request review: [1485](https://github.com/hackforla/website/pull/1485#pullrequestreview-646581474) at 2021-04-27 09:18 PM PDT
akibrhast,2021-04-28T04:18:42Z,- akibrhast closed issue by PR 1485: [1461](https://github.com/hackforla/website/issues/1461#event-4654327152) at 2021-04-27 09:18 PM PDT
akibrhast,2021-04-30T00:34:50Z,- akibrhast commented on issue: [1482](https://github.com/hackforla/website/issues/1482#issuecomment-829717597) at 2021-04-29 05:34 PM PDT
akibrhast,2021-04-30T00:37:46Z,- akibrhast commented on issue: [1478](https://github.com/hackforla/website/issues/1478#issuecomment-829718468) at 2021-04-29 05:37 PM PDT
akibrhast,2021-05-01T06:29:51Z,- akibrhast commented on issue: [1452](https://github.com/hackforla/website/issues/1452#issuecomment-830563906) at 2021-04-30 11:29 PM PDT
akibrhast,2021-05-01T06:29:52Z,- akibrhast closed issue as completed: [1452](https://github.com/hackforla/website/issues/1452#event-4673145825) at 2021-04-30 11:29 PM PDT
akibrhast,2021-05-03T17:18:26Z,- akibrhast opened pull request: [1501](https://github.com/hackforla/website/pull/1501) at 2021-05-03 10:18 AM PDT
akibrhast,2021-05-03T19:35:48Z,- akibrhast pull request closed w/o merging: [1501](https://github.com/hackforla/website/pull/1501#event-4679842052) at 2021-05-03 12:35 PM PDT
akibrhast,2021-05-03T21:49:38Z,- akibrhast commented on issue: [1130](https://github.com/hackforla/website/issues/1130#issuecomment-831557350) at 2021-05-03 02:49 PM PDT
akibrhast,2021-05-03T22:23:12Z,- akibrhast submitted pull request review: [1502](https://github.com/hackforla/website/pull/1502#pullrequestreview-650768830) at 2021-05-03 03:23 PM PDT
akibrhast,2021-05-05T07:45:42Z,- akibrhast submitted pull request review: [1514](https://github.com/hackforla/website/pull/1514#pullrequestreview-652011619) at 2021-05-05 12:45 AM PDT
akibrhast,2021-05-06T11:15:57Z,- akibrhast submitted pull request review: [1514](https://github.com/hackforla/website/pull/1514#pullrequestreview-653292365) at 2021-05-06 04:15 AM PDT
akibrhast,2021-05-06T11:16:30Z,- akibrhast closed issue by PR 1514: [1481](https://github.com/hackforla/website/issues/1481#event-4694520452) at 2021-05-06 04:16 AM PDT
akibrhast,2021-05-06T21:02:25Z,- akibrhast unassigned from issue: [1130](https://github.com/hackforla/website/issues/1130#issuecomment-831557350) at 2021-05-06 02:02 PM PDT
akibrhast,2021-05-07T19:36:26Z,- akibrhast submitted pull request review: [1528](https://github.com/hackforla/website/pull/1528#pullrequestreview-654809809) at 2021-05-07 12:36 PM PDT
akibrhast,2021-05-07T19:36:31Z,- akibrhast closed issue by PR 1528: [1511](https://github.com/hackforla/website/issues/1511#event-4704241108) at 2021-05-07 12:36 PM PDT
akibrhast,2021-05-10T15:41:19Z,- akibrhast submitted pull request review: [1535](https://github.com/hackforla/website/pull/1535#pullrequestreview-655794988) at 2021-05-10 08:41 AM PDT
akibrhast,2021-05-11T01:08:20Z,- akibrhast closed issue by PR 1535: [1510](https://github.com/hackforla/website/issues/1510#event-4722052513) at 2021-05-10 06:08 PM PDT
akibrhast,2021-05-11T01:19:33Z,- akibrhast commented on pull request: [1522](https://github.com/hackforla/website/pull/1522#issuecomment-837595081) at 2021-05-10 06:19 PM PDT
akibrhast,2021-05-11T01:19:38Z,- akibrhast closed issue by PR 1522: [1507](https://github.com/hackforla/website/issues/1507#event-4722108575) at 2021-05-10 06:19 PM PDT
akibrhast,2021-05-11T01:21:18Z,- akibrhast commented on pull request: [1491](https://github.com/hackforla/website/pull/1491#issuecomment-837596687) at 2021-05-10 06:21 PM PDT
akibrhast,2021-05-11T05:23:53Z,- akibrhast assigned to issue: [1538](https://github.com/hackforla/website/issues/1538) at 2021-05-10 10:23 PM PDT
akibrhast,2021-05-11T22:28:54Z,- akibrhast commented on issue: [1538](https://github.com/hackforla/website/issues/1538#issuecomment-839236925) at 2021-05-11 03:28 PM PDT
akibrhast,2021-05-11T22:28:55Z,- akibrhast closed issue as completed: [1538](https://github.com/hackforla/website/issues/1538#event-4732114180) at 2021-05-11 03:28 PM PDT
akibrhast,2021-05-13T17:00:23Z,- akibrhast commented on issue: [1374](https://github.com/hackforla/website/issues/1374#issuecomment-840695207) at 2021-05-13 10:00 AM PDT
akibrhast,2021-05-16T18:54:51Z,- akibrhast commented on issue: [1070](https://github.com/hackforla/website/issues/1070#issuecomment-841860715) at 2021-05-16 11:54 AM PDT
akibrhast,2021-05-19T02:40:30Z,- akibrhast submitted pull request review: [1557](https://github.com/hackforla/website/pull/1557#pullrequestreview-662723686) at 2021-05-18 07:40 PM PDT
akibrhast,2021-05-22T17:05:22Z,- akibrhast commented on pull request: [1591](https://github.com/hackforla/website/pull/1591#issuecomment-846436581) at 2021-05-22 10:05 AM PDT
akibrhast,2021-05-24T02:31:30Z,- akibrhast commented on issue: [1390](https://github.com/hackforla/website/issues/1390#issuecomment-846689486) at 2021-05-23 07:31 PM PDT
akibrhast,2021-05-24T02:32:36Z,- akibrhast assigned to issue: [1028](https://github.com/hackforla/website/issues/1028#issuecomment-846600374) at 2021-05-23 07:32 PM PDT
akibrhast,2021-05-26T13:26:11Z,- akibrhast submitted pull request review: [1640](https://github.com/hackforla/website/pull/1640#pullrequestreview-669016575) at 2021-05-26 06:26 AM PDT
akibrhast,2021-05-26T13:26:20Z,- akibrhast closed issue by PR 1640: [1559](https://github.com/hackforla/website/issues/1559#event-4799374780) at 2021-05-26 06:26 AM PDT
akibrhast,2021-05-26T14:41:17Z,- akibrhast assigned to issue: [1642](https://github.com/hackforla/website/issues/1642) at 2021-05-26 07:41 AM PDT
akibrhast,2021-05-26T14:44:59Z,- akibrhast assigned to issue: [1643](https://github.com/hackforla/website/issues/1643) at 2021-05-26 07:44 AM PDT
akibrhast,2021-05-26T14:45:12Z,- akibrhast closed issue as completed: [1642](https://github.com/hackforla/website/issues/1642#event-4799914646) at 2021-05-26 07:45 AM PDT
akibrhast,2021-05-26T15:19:00Z,- akibrhast closed issue as completed: [1643](https://github.com/hackforla/website/issues/1643#event-4800149267) at 2021-05-26 08:19 AM PDT
akibrhast,2021-05-26T15:26:36Z,- akibrhast opened issue: [1645](https://github.com/hackforla/website/issues/1645) at 2021-05-26 08:26 AM PDT
akibrhast,2021-05-26T15:26:51Z,- akibrhast closed issue as completed: [1645](https://github.com/hackforla/website/issues/1645#event-4800200399) at 2021-05-26 08:26 AM PDT
akibrhast,2021-05-26T15:35:36Z,- akibrhast closed issue as completed: [1646](https://github.com/hackforla/website/issues/1646#event-4800258428) at 2021-05-26 08:35 AM PDT
akibrhast,2021-05-26T15:35:42Z,- akibrhast closed issue as completed: [1644](https://github.com/hackforla/website/issues/1644#event-4800259303) at 2021-05-26 08:35 AM PDT
akibrhast,2021-05-26T15:40:17Z,- akibrhast closed issue as completed: [1647](https://github.com/hackforla/website/issues/1647#event-4800291500) at 2021-05-26 08:40 AM PDT
akibrhast,2021-05-26T15:40:17Z,- akibrhast closed issue as completed: [1648](https://github.com/hackforla/website/issues/1648#event-4800291531) at 2021-05-26 08:40 AM PDT
akibrhast,2021-05-26T15:40:17Z,- akibrhast closed issue as completed: [1649](https://github.com/hackforla/website/issues/1649#event-4800291572) at 2021-05-26 08:40 AM PDT
akibrhast,2021-05-26T15:59:15Z,- akibrhast closed issue as completed: [1650](https://github.com/hackforla/website/issues/1650#event-4800412582) at 2021-05-26 08:59 AM PDT
akibrhast,2021-05-26T16:09:24Z,- akibrhast closed issue as completed: [1651](https://github.com/hackforla/website/issues/1651#event-4800473364) at 2021-05-26 09:09 AM PDT
akibrhast,2021-05-26T16:17:01Z,- akibrhast closed issue as completed: [1652](https://github.com/hackforla/website/issues/1652#event-4800518613) at 2021-05-26 09:17 AM PDT
akibrhast,2021-05-26T16:17:01Z,- akibrhast closed issue as completed: [1653](https://github.com/hackforla/website/issues/1653#event-4800518636) at 2021-05-26 09:17 AM PDT
akibrhast,2021-05-26T16:17:02Z,- akibrhast closed issue as completed: [1654](https://github.com/hackforla/website/issues/1654#event-4800518654) at 2021-05-26 09:17 AM PDT
akibrhast,2021-05-26T16:17:02Z,- akibrhast closed issue as completed: [1655](https://github.com/hackforla/website/issues/1655#event-4800518677) at 2021-05-26 09:17 AM PDT
akibrhast,2021-05-26T16:17:02Z,- akibrhast closed issue as completed: [1656](https://github.com/hackforla/website/issues/1656#event-4800518701) at 2021-05-26 09:17 AM PDT
akibrhast,2021-05-26T16:25:09Z,- akibrhast closed issue as completed: [1657](https://github.com/hackforla/website/issues/1657#event-4800565363) at 2021-05-26 09:25 AM PDT
akibrhast,2021-05-26T16:25:09Z,- akibrhast closed issue as completed: [1658](https://github.com/hackforla/website/issues/1658#event-4800565381) at 2021-05-26 09:25 AM PDT
akibrhast,2021-05-26T16:25:10Z,- akibrhast closed issue as completed: [1659](https://github.com/hackforla/website/issues/1659#event-4800565419) at 2021-05-26 09:25 AM PDT
akibrhast,2021-05-26T16:25:10Z,- akibrhast closed issue as completed: [1660](https://github.com/hackforla/website/issues/1660#event-4800565454) at 2021-05-26 09:25 AM PDT
akibrhast,2021-05-26T16:25:10Z,- akibrhast closed issue as completed: [1661](https://github.com/hackforla/website/issues/1661#event-4800565479) at 2021-05-26 09:25 AM PDT
akibrhast,2021-05-26T17:18:12Z,- akibrhast closed issue as completed: [1662](https://github.com/hackforla/website/issues/1662#event-4800854375) at 2021-05-26 10:18 AM PDT
akibrhast,2021-05-26T17:18:12Z,- akibrhast closed issue as completed: [1663](https://github.com/hackforla/website/issues/1663#event-4800854403) at 2021-05-26 10:18 AM PDT
akibrhast,2021-05-26T17:18:12Z,- akibrhast closed issue as completed: [1664](https://github.com/hackforla/website/issues/1664#event-4800854417) at 2021-05-26 10:18 AM PDT
akibrhast,2021-05-26T17:50:23Z,- akibrhast commented on issue: [1028](https://github.com/hackforla/website/issues/1028#issuecomment-848991725) at 2021-05-26 10:50 AM PDT
akibrhast,2021-05-26T17:55:09Z,- akibrhast closed issue as completed: [1665](https://github.com/hackforla/website/issues/1665#event-4801084861) at 2021-05-26 10:55 AM PDT
akibrhast,2021-05-26T17:55:09Z,- akibrhast closed issue as completed: [1666](https://github.com/hackforla/website/issues/1666#event-4801084880) at 2021-05-26 10:55 AM PDT
akibrhast,2021-05-26T17:55:09Z,- akibrhast closed issue as completed: [1667](https://github.com/hackforla/website/issues/1667#event-4801084897) at 2021-05-26 10:55 AM PDT
akibrhast,2021-06-02T02:33:32Z,- akibrhast assigned to issue: [1623](https://github.com/hackforla/website/issues/1623#issuecomment-851040453) at 2021-06-01 07:33 PM PDT
akibrhast,2021-06-04T03:12:59Z,- akibrhast commented on issue: [1602](https://github.com/hackforla/website/issues/1602#issuecomment-854326393) at 2021-06-03 08:12 PM PDT
akibrhast,2021-06-04T03:24:46Z,- akibrhast opened issue: [1685](https://github.com/hackforla/website/issues/1685) at 2021-06-03 08:24 PM PDT
akibrhast,2021-06-04T05:01:26Z,- akibrhast assigned to issue: [1686](https://github.com/hackforla/website/issues/1686#issuecomment-854359323) at 2021-06-03 10:01 PM PDT
akibrhast,2021-06-04T05:15:39Z,- akibrhast assigned to issue: [1687](https://github.com/hackforla/website/issues/1687) at 2021-06-03 10:15 PM PDT
akibrhast,2021-06-06T14:16:06Z,- akibrhast commented on issue: [1685](https://github.com/hackforla/website/issues/1685#issuecomment-855406351) at 2021-06-06 07:16 AM PDT
akibrhast,2021-06-06T14:55:49Z,- akibrhast unassigned from issue: [1623](https://github.com/hackforla/website/issues/1623#issuecomment-851040453) at 2021-06-06 07:55 AM PDT
akibrhast,2021-06-06T15:03:01Z,- akibrhast submitted pull request review: [1679](https://github.com/hackforla/website/pull/1679#pullrequestreview-676875251) at 2021-06-06 08:03 AM PDT
akibrhast,2021-06-06T15:18:48Z,- akibrhast commented on pull request: [1677](https://github.com/hackforla/website/pull/1677#issuecomment-855415495) at 2021-06-06 08:18 AM PDT
akibrhast,2021-06-06T15:20:41Z,- akibrhast submitted pull request review: [1677](https://github.com/hackforla/website/pull/1677#pullrequestreview-676876824) at 2021-06-06 08:20 AM PDT
akibrhast,2021-06-06T17:36:01Z,- akibrhast assigned to issue: [1673](https://github.com/hackforla/website/issues/1673) at 2021-06-06 10:36 AM PDT
akibrhast,2021-06-06T19:49:19Z,- akibrhast unassigned from issue: [1686](https://github.com/hackforla/website/issues/1686#issuecomment-855341896) at 2021-06-06 12:49 PM PDT
akibrhast,2021-06-06T19:50:45Z,- akibrhast commented on issue: [1686](https://github.com/hackforla/website/issues/1686#issuecomment-855452951) at 2021-06-06 12:50 PM PDT
akibrhast,2021-06-06T19:52:29Z,- akibrhast commented on issue: [1265](https://github.com/hackforla/website/issues/1265#issuecomment-855453165) at 2021-06-06 12:52 PM PDT
akibrhast,2021-06-06T19:52:29Z,- akibrhast closed issue as completed: [1265](https://github.com/hackforla/website/issues/1265#event-4848555688) at 2021-06-06 12:52 PM PDT
akibrhast,2021-06-10T14:07:09Z,- akibrhast commented on pull request: [1679](https://github.com/hackforla/website/pull/1679#issuecomment-858653669) at 2021-06-10 07:07 AM PDT
akibrhast,2021-06-10T14:17:23Z,- akibrhast commented on issue: [1695](https://github.com/hackforla/website/issues/1695#issuecomment-858661855) at 2021-06-10 07:17 AM PDT
akibrhast,2021-06-10T14:17:31Z,- akibrhast assigned to issue: [1695](https://github.com/hackforla/website/issues/1695#issuecomment-858661855) at 2021-06-10 07:17 AM PDT
akibrhast,2021-06-10T14:36:37Z,- akibrhast submitted pull request review: [1702](https://github.com/hackforla/website/pull/1702#pullrequestreview-680869994) at 2021-06-10 07:36 AM PDT
akibrhast,2021-06-10T14:37:29Z,- akibrhast closed issue by PR 1702: [1532](https://github.com/hackforla/website/issues/1532#event-4871867600) at 2021-06-10 07:37 AM PDT
akibrhast,2021-06-10T14:46:57Z,- akibrhast submitted pull request review: [1701](https://github.com/hackforla/website/pull/1701#pullrequestreview-680883199) at 2021-06-10 07:46 AM PDT
akibrhast,2021-06-10T16:26:20Z,- akibrhast commented on issue: [1673](https://github.com/hackforla/website/issues/1673#issuecomment-858765990) at 2021-06-10 09:26 AM PDT
akibrhast,2021-06-10T17:24:15Z,- akibrhast commented on issue: [1623](https://github.com/hackforla/website/issues/1623#issuecomment-858810670) at 2021-06-10 10:24 AM PDT
akibrhast,2021-06-11T01:59:55Z,- akibrhast submitted pull request review: [1706](https://github.com/hackforla/website/pull/1706#pullrequestreview-681387498) at 2021-06-10 06:59 PM PDT
akibrhast,2021-06-11T02:00:23Z,- akibrhast closed issue by PR 1706: [1599](https://github.com/hackforla/website/issues/1599#event-4875198638) at 2021-06-10 07:00 PM PDT
akibrhast,2021-06-11T04:12:12Z,- akibrhast commented on issue: [1695](https://github.com/hackforla/website/issues/1695#issuecomment-859250196) at 2021-06-10 09:12 PM PDT
akibrhast,2021-06-11T04:12:12Z,- akibrhast closed issue as completed: [1695](https://github.com/hackforla/website/issues/1695#event-4875538851) at 2021-06-10 09:12 PM PDT
akibrhast,2021-06-11T13:33:13Z,- akibrhast closed issue by PR 1701: [1553](https://github.com/hackforla/website/issues/1553#event-4878030214) at 2021-06-11 06:33 AM PDT
akibrhast,2021-06-11T13:39:31Z,- akibrhast commented on pull request: [1704](https://github.com/hackforla/website/pull/1704#issuecomment-859589301) at 2021-06-11 06:39 AM PDT
akibrhast,2021-06-11T13:46:09Z,- akibrhast closed issue by PR 1609: [1595](https://github.com/hackforla/website/issues/1595#event-4878105942) at 2021-06-11 06:46 AM PDT
akibrhast,2021-06-11T16:01:20Z,- akibrhast opened issue: [1709](https://github.com/hackforla/website/issues/1709) at 2021-06-11 09:01 AM PDT
akibrhast,2021-06-11T16:09:15Z,- akibrhast opened issue: [1710](https://github.com/hackforla/website/issues/1710) at 2021-06-11 09:09 AM PDT
akibrhast,2021-06-11T16:24:53Z,- akibrhast commented on issue: [1623](https://github.com/hackforla/website/issues/1623#issuecomment-859697950) at 2021-06-11 09:24 AM PDT
akibrhast,2021-06-11T17:16:09Z,- akibrhast commented on issue: [1707](https://github.com/hackforla/website/issues/1707#issuecomment-859726364) at 2021-06-11 10:16 AM PDT
akibrhast,2021-06-11T17:51:38Z,- akibrhast assigned to issue: [1712](https://github.com/hackforla/website/issues/1712) at 2021-06-11 10:51 AM PDT
akibrhast,2021-06-11T23:39:21Z,- akibrhast assigned to issue: [1714](https://github.com/hackforla/website/issues/1714) at 2021-06-11 04:39 PM PDT
akibrhast,2021-06-11T23:39:29Z,- akibrhast commented on issue: [1714](https://github.com/hackforla/website/issues/1714#issuecomment-859958399) at 2021-06-11 04:39 PM PDT
akibrhast,2021-06-11T23:39:30Z,- akibrhast closed issue as completed: [1714](https://github.com/hackforla/website/issues/1714#event-4880492017) at 2021-06-11 04:39 PM PDT
akibrhast,2021-06-11T23:50:46Z,- akibrhast opened pull request: [1716](https://github.com/hackforla/website/pull/1716) at 2021-06-11 04:50 PM PDT
akibrhast,2021-06-12T00:17:15Z,- akibrhast pull request merged: [1716](https://github.com/hackforla/website/pull/1716#event-4880555966) at 2021-06-11 05:17 PM PDT
akibrhast,2021-06-12T03:04:31Z,- akibrhast submitted pull request review: [1704](https://github.com/hackforla/website/pull/1704#pullrequestreview-682291027) at 2021-06-11 08:04 PM PDT
akibrhast,2021-06-12T03:04:37Z,- akibrhast closed issue by PR 1704: [1519](https://github.com/hackforla/website/issues/1519#event-4880737783) at 2021-06-11 08:04 PM PDT
akibrhast,2021-06-12T05:44:02Z,- akibrhast opened pull request: [1719](https://github.com/hackforla/website/pull/1719) at 2021-06-11 10:44 PM PDT
akibrhast,2021-06-12T16:33:31Z,- akibrhast assigned to issue: [1685](https://github.com/hackforla/website/issues/1685#issuecomment-855480624) at 2021-06-12 09:33 AM PDT
akibrhast,2021-06-12T19:51:12Z,- akibrhast pull request merged: [1719](https://github.com/hackforla/website/pull/1719#event-4881611273) at 2021-06-12 12:51 PM PDT
akibrhast,2021-06-12T20:04:24Z,- akibrhast closed issue as completed: [1727](https://github.com/hackforla/website/issues/1727#event-4881621262) at 2021-06-12 01:04 PM PDT
akibrhast,2021-06-12T22:10:00Z,- akibrhast assigned to issue: [1728](https://github.com/hackforla/website/issues/1728) at 2021-06-12 03:10 PM PDT
akibrhast,2021-06-13T02:36:03Z,- akibrhast submitted pull request review: [1726](https://github.com/hackforla/website/pull/1726#pullrequestreview-682366237) at 2021-06-12 07:36 PM PDT
akibrhast,2021-06-13T15:43:07Z,- akibrhast submitted pull request review: [1732](https://github.com/hackforla/website/pull/1732#pullrequestreview-682423108) at 2021-06-13 08:43 AM PDT
akibrhast,2021-06-13T15:43:29Z,- akibrhast submitted pull request review: [1732](https://github.com/hackforla/website/pull/1732#pullrequestreview-682423135) at 2021-06-13 08:43 AM PDT
akibrhast,2021-06-13T15:59:23Z,- akibrhast submitted pull request review: [1732](https://github.com/hackforla/website/pull/1732#pullrequestreview-682424410) at 2021-06-13 08:59 AM PDT
akibrhast,2021-06-13T16:01:31Z,- akibrhast closed issue by PR 1726: [1606](https://github.com/hackforla/website/issues/1606#event-4882426615) at 2021-06-13 09:01 AM PDT
akibrhast,2021-06-13T16:19:11Z,- akibrhast commented on issue: [1623](https://github.com/hackforla/website/issues/1623#issuecomment-860236394) at 2021-06-13 09:19 AM PDT
akibrhast,2021-06-13T16:37:24Z,- akibrhast commented on issue: [1673](https://github.com/hackforla/website/issues/1673#issuecomment-860238675) at 2021-06-13 09:37 AM PDT
akibrhast,2021-06-13T17:49:21Z,- akibrhast commented on issue: [1673](https://github.com/hackforla/website/issues/1673#issuecomment-860247350) at 2021-06-13 10:49 AM PDT
akibrhast,2021-06-13T18:31:27Z,- akibrhast commented on issue: [1724](https://github.com/hackforla/website/issues/1724#issuecomment-860252265) at 2021-06-13 11:31 AM PDT
akibrhast,2021-06-13T19:27:44Z,- akibrhast unassigned from issue: [1728](https://github.com/hackforla/website/issues/1728) at 2021-06-13 12:27 PM PDT
akibrhast,2021-06-14T14:09:09Z,- akibrhast opened pull request: [1735](https://github.com/hackforla/website/pull/1735) at 2021-06-14 07:09 AM PDT
akibrhast,2021-06-14T14:11:24Z,- akibrhast pull request closed w/o merging: [1735](https://github.com/hackforla/website/pull/1735#event-4885939574) at 2021-06-14 07:11 AM PDT
akibrhast,2021-06-14T15:16:31Z,- akibrhast assigned to issue: [1482](https://github.com/hackforla/website/issues/1482#event-4881619223) at 2021-06-14 08:16 AM PDT
akibrhast,2021-06-14T18:05:00Z,- akibrhast commented on issue: [1482](https://github.com/hackforla/website/issues/1482#issuecomment-860883797) at 2021-06-14 11:05 AM PDT
akibrhast,2021-06-15T02:49:13Z,- akibrhast opened pull request: [1736](https://github.com/hackforla/website/pull/1736) at 2021-06-14 07:49 PM PDT
akibrhast,2021-06-15T02:49:53Z,- akibrhast pull request closed w/o merging: [1736](https://github.com/hackforla/website/pull/1736#event-4888895287) at 2021-06-14 07:49 PM PDT
akibrhast,2021-06-15T02:51:05Z,- akibrhast opened pull request: [1737](https://github.com/hackforla/website/pull/1737) at 2021-06-14 07:51 PM PDT
akibrhast,2021-06-15T02:59:51Z,- akibrhast pull request closed w/o merging: [1737](https://github.com/hackforla/website/pull/1737#event-4888917845) at 2021-06-14 07:59 PM PDT
akibrhast,2021-06-15T04:24:37Z,- akibrhast submitted pull request review: [1679](https://github.com/hackforla/website/pull/1679#pullrequestreview-683544766) at 2021-06-14 09:24 PM PDT
akibrhast,2021-06-15T04:24:42Z,- akibrhast closed issue by PR 1679: [1531](https://github.com/hackforla/website/issues/1531#event-4889109542) at 2021-06-14 09:24 PM PDT
akibrhast,2021-06-15T04:25:50Z,- akibrhast opened pull request: [1738](https://github.com/hackforla/website/pull/1738) at 2021-06-14 09:25 PM PDT
akibrhast,2021-06-15T04:25:58Z,- akibrhast pull request merged: [1738](https://github.com/hackforla/website/pull/1738#event-4889112603) at 2021-06-14 09:25 PM PDT
akibrhast,2021-06-15T15:24:44Z,- akibrhast opened pull request: [1741](https://github.com/hackforla/website/pull/1741) at 2021-06-15 08:24 AM PDT
akibrhast,2021-06-15T15:25:18Z,- akibrhast pull request closed w/o merging: [1741](https://github.com/hackforla/website/pull/1741#event-4892435662) at 2021-06-15 08:25 AM PDT
akibrhast,2021-06-15T16:24:07Z,- akibrhast unassigned from issue: [1685](https://github.com/hackforla/website/issues/1685#issuecomment-855480624) at 2021-06-15 09:24 AM PDT
akibrhast,2021-06-15T16:27:06Z,- akibrhast commented on issue: [1685](https://github.com/hackforla/website/issues/1685#issuecomment-861646067) at 2021-06-15 09:27 AM PDT
akibrhast,2021-06-15T16:27:06Z,- akibrhast closed issue as completed: [1685](https://github.com/hackforla/website/issues/1685#event-4892798258) at 2021-06-15 09:27 AM PDT
akibrhast,2021-06-15T16:50:56Z,- akibrhast submitted pull request review: [1740](https://github.com/hackforla/website/pull/1740#pullrequestreview-684256669) at 2021-06-15 09:50 AM PDT
akibrhast,2021-06-15T16:59:25Z,- akibrhast submitted pull request review: [1740](https://github.com/hackforla/website/pull/1740#pullrequestreview-684265101) at 2021-06-15 09:59 AM PDT
akibrhast,2021-06-15T17:00:21Z,- akibrhast submitted pull request review: [1740](https://github.com/hackforla/website/pull/1740#pullrequestreview-684266027) at 2021-06-15 10:00 AM PDT
akibrhast,2021-06-15T17:01:50Z,- akibrhast submitted pull request review: [1740](https://github.com/hackforla/website/pull/1740#pullrequestreview-684267434) at 2021-06-15 10:01 AM PDT
akibrhast,2021-06-15T20:51:19Z,- akibrhast commented on issue: [1416](https://github.com/hackforla/website/issues/1416#issuecomment-861822602) at 2021-06-15 01:51 PM PDT
akibrhast,2021-06-15T22:34:28Z,- akibrhast submitted pull request review: [1745](https://github.com/hackforla/website/pull/1745#pullrequestreview-684547533) at 2021-06-15 03:34 PM PDT
akibrhast,2021-06-15T23:47:41Z,- akibrhast submitted pull request review: [1746](https://github.com/hackforla/website/pull/1746#pullrequestreview-684607546) at 2021-06-15 04:47 PM PDT
akibrhast,2021-06-16T00:38:41Z,- akibrhast opened pull request: [1747](https://github.com/hackforla/website/pull/1747) at 2021-06-15 05:38 PM PDT
akibrhast,2021-06-16T00:38:57Z,- akibrhast pull request merged: [1747](https://github.com/hackforla/website/pull/1747#event-4894717778) at 2021-06-15 05:38 PM PDT
akibrhast,2021-06-16T14:53:45Z,- akibrhast submitted pull request review: [1740](https://github.com/hackforla/website/pull/1740#pullrequestreview-685284222) at 2021-06-16 07:53 AM PDT
akibrhast,2021-06-16T14:54:46Z,- akibrhast closed issue by PR 1740: [1707](https://github.com/hackforla/website/issues/1707#event-4898522151) at 2021-06-16 07:54 AM PDT
akibrhast,2021-06-16T14:58:08Z,- akibrhast opened issue: [1753](https://github.com/hackforla/website/issues/1753) at 2021-06-16 07:58 AM PDT
akibrhast,2021-06-16T14:58:20Z,- akibrhast opened issue: [1754](https://github.com/hackforla/website/issues/1754) at 2021-06-16 07:58 AM PDT
akibrhast,2021-06-16T14:58:44Z,- akibrhast opened issue: [1755](https://github.com/hackforla/website/issues/1755) at 2021-06-16 07:58 AM PDT
akibrhast,2021-06-16T15:03:19Z,- akibrhast opened pull request: [1756](https://github.com/hackforla/website/pull/1756) at 2021-06-16 08:03 AM PDT
akibrhast,2021-06-16T15:20:34Z,- akibrhast opened pull request: [1757](https://github.com/hackforla/website/pull/1757) at 2021-06-16 08:20 AM PDT
akibrhast,2021-06-16T15:38:08Z,- akibrhast opened pull request: [1758](https://github.com/hackforla/website/pull/1758) at 2021-06-16 08:38 AM PDT
akibrhast,2021-06-16T15:50:27Z,- akibrhast pull request closed w/o merging: [1756](https://github.com/hackforla/website/pull/1756#event-4898876678) at 2021-06-16 08:50 AM PDT
akibrhast,2021-06-16T15:50:28Z,- akibrhast pull request closed w/o merging: [1757](https://github.com/hackforla/website/pull/1757#event-4898876719) at 2021-06-16 08:50 AM PDT
akibrhast,2021-06-16T15:52:08Z,- akibrhast submitted pull request review: [1751](https://github.com/hackforla/website/pull/1751#pullrequestreview-685356891) at 2021-06-16 08:52 AM PDT
akibrhast,2021-06-16T15:53:05Z,- akibrhast closed issue by PR 1751: [1556](https://github.com/hackforla/website/issues/1556#event-4898891708) at 2021-06-16 08:53 AM PDT
akibrhast,2021-06-16T17:23:10Z,- akibrhast closed issue as completed: [1753](https://github.com/hackforla/website/issues/1753#event-4899373558) at 2021-06-16 10:23 AM PDT
akibrhast,2021-06-16T17:23:10Z,- akibrhast closed issue as completed: [1754](https://github.com/hackforla/website/issues/1754#event-4899373575) at 2021-06-16 10:23 AM PDT
akibrhast,2021-06-16T17:23:10Z,- akibrhast closed issue as completed: [1755](https://github.com/hackforla/website/issues/1755#event-4899373593) at 2021-06-16 10:23 AM PDT
akibrhast,2021-06-16T21:01:41Z,- akibrhast opened pull request: [1759](https://github.com/hackforla/website/pull/1759) at 2021-06-16 02:01 PM PDT
akibrhast,2021-06-16T21:02:10Z,- akibrhast pull request closed w/o merging: [1759](https://github.com/hackforla/website/pull/1759#event-4900401812) at 2021-06-16 02:02 PM PDT
akibrhast,2021-06-16T21:20:03Z,- akibrhast opened pull request: [1760](https://github.com/hackforla/website/pull/1760) at 2021-06-16 02:20 PM PDT
akibrhast,2021-06-16T21:20:09Z,- akibrhast pull request closed w/o merging: [1760](https://github.com/hackforla/website/pull/1760#event-4900478092) at 2021-06-16 02:20 PM PDT
akibrhast,2021-06-16T21:22:10Z,- akibrhast opened pull request: [1761](https://github.com/hackforla/website/pull/1761) at 2021-06-16 02:22 PM PDT
akibrhast,2021-06-16T21:22:58Z,- akibrhast pull request closed w/o merging: [1761](https://github.com/hackforla/website/pull/1761#event-4900488566) at 2021-06-16 02:22 PM PDT
akibrhast,2021-06-16T22:20:13Z,- akibrhast opened pull request: [1762](https://github.com/hackforla/website/pull/1762) at 2021-06-16 03:20 PM PDT
akibrhast,2021-06-16T23:27:53Z,- akibrhast unassigned from issue: [1482](https://github.com/hackforla/website/issues/1482#issuecomment-860883797) at 2021-06-16 04:27 PM PDT
akibrhast,2021-06-17T00:33:23Z,- akibrhast submitted pull request review: [1763](https://github.com/hackforla/website/pull/1763#pullrequestreview-685771573) at 2021-06-16 05:33 PM PDT
akibrhast,2021-06-17T04:07:55Z,- akibrhast reopened pull request: [1732](https://github.com/hackforla/website/pull/1732#event-4901073326) at 2021-06-16 09:07 PM PDT
akibrhast,2021-06-17T04:16:03Z,- akibrhast submitted pull request review: [1764](https://github.com/hackforla/website/pull/1764#pullrequestreview-685849793) at 2021-06-16 09:16 PM PDT
akibrhast,2021-06-17T04:16:19Z,- akibrhast closed issue by PR 1764: [1574](https://github.com/hackforla/website/issues/1574#event-4901661239) at 2021-06-16 09:16 PM PDT
akibrhast,2021-06-17T04:23:27Z,- akibrhast commented on pull request: [1763](https://github.com/hackforla/website/pull/1763#issuecomment-862912210) at 2021-06-16 09:23 PM PDT
akibrhast,2021-06-17T04:24:10Z,- akibrhast closed issue by PR 1763: [1578](https://github.com/hackforla/website/issues/1578#event-4901683758) at 2021-06-16 09:24 PM PDT
akibrhast,2021-06-17T04:28:08Z,- akibrhast commented on pull request: [1677](https://github.com/hackforla/website/pull/1677#issuecomment-862913858) at 2021-06-16 09:28 PM PDT
akibrhast,2021-06-18T01:56:37Z,- akibrhast submitted pull request review: [1771](https://github.com/hackforla/website/pull/1771#pullrequestreview-686971473) at 2021-06-17 06:56 PM PDT
akibrhast,2021-06-18T01:58:58Z,- akibrhast submitted pull request review: [1765](https://github.com/hackforla/website/pull/1765#pullrequestreview-686972260) at 2021-06-17 06:58 PM PDT
akibrhast,2021-06-18T16:05:37Z,- akibrhast closed issue as completed: [1766](https://github.com/hackforla/website/issues/1766#event-4910615848) at 2021-06-18 09:05 AM PDT
akibrhast,2021-06-18T16:05:37Z,- akibrhast closed issue as completed: [1767](https://github.com/hackforla/website/issues/1767#event-4910615870) at 2021-06-18 09:05 AM PDT
akibrhast,2021-06-18T16:05:37Z,- akibrhast closed issue as completed: [1768](https://github.com/hackforla/website/issues/1768#event-4910615883) at 2021-06-18 09:05 AM PDT
akibrhast,2021-06-18T16:05:37Z,- akibrhast closed issue as completed: [1769](https://github.com/hackforla/website/issues/1769#event-4910615892) at 2021-06-18 09:05 AM PDT
akibrhast,2021-06-18T16:05:38Z,- akibrhast closed issue as completed: [1770](https://github.com/hackforla/website/issues/1770#event-4910615917) at 2021-06-18 09:05 AM PDT
akibrhast,2021-06-18T16:05:38Z,- akibrhast closed issue as completed: [1772](https://github.com/hackforla/website/issues/1772#event-4910615938) at 2021-06-18 09:05 AM PDT
akibrhast,2021-06-18T16:05:38Z,- akibrhast closed issue as completed: [1776](https://github.com/hackforla/website/issues/1776#event-4910615948) at 2021-06-18 09:05 AM PDT
akibrhast,2021-06-18T16:05:38Z,- akibrhast closed issue as completed: [1777](https://github.com/hackforla/website/issues/1777#event-4910615962) at 2021-06-18 09:05 AM PDT
akibrhast,2021-06-18T16:05:38Z,- akibrhast closed issue as completed: [1778](https://github.com/hackforla/website/issues/1778#event-4910615980) at 2021-06-18 09:05 AM PDT
akibrhast,2021-06-18T16:37:38Z,- akibrhast commented on issue: [1673](https://github.com/hackforla/website/issues/1673#issuecomment-864156605) at 2021-06-18 09:37 AM PDT
akibrhast,2021-06-18T16:50:59Z,- akibrhast closed issue as completed: [1779](https://github.com/hackforla/website/issues/1779#event-4910785406) at 2021-06-18 09:50 AM PDT
akibrhast,2021-06-18T17:03:43Z,- akibrhast commented on issue: [1724](https://github.com/hackforla/website/issues/1724#issuecomment-864169253) at 2021-06-18 10:03 AM PDT
akibrhast,2021-06-18T17:07:53Z,- akibrhast pull request closed w/o merging: [1762](https://github.com/hackforla/website/pull/1762#event-4910844585) at 2021-06-18 10:07 AM PDT
akibrhast,2021-06-18T21:36:26Z,- akibrhast submitted pull request review: [1782](https://github.com/hackforla/website/pull/1782#pullrequestreview-687739340) at 2021-06-18 02:36 PM PDT
akibrhast,2021-06-19T00:01:55Z,- akibrhast closed issue by PR 1771: [1567](https://github.com/hackforla/website/issues/1567#event-4911920996) at 2021-06-18 05:01 PM PDT
akibrhast,2021-06-19T00:04:14Z,- akibrhast submitted pull request review: [1774](https://github.com/hackforla/website/pull/1774#pullrequestreview-687776087) at 2021-06-18 05:04 PM PDT
akibrhast,2021-06-19T00:09:38Z,- akibrhast closed issue by PR 1765: [1582](https://github.com/hackforla/website/issues/1582#event-4911931726) at 2021-06-18 05:09 PM PDT
akibrhast,2021-06-19T00:13:14Z,- akibrhast submitted pull request review: [1785](https://github.com/hackforla/website/pull/1785#pullrequestreview-687777359) at 2021-06-18 05:13 PM PDT
akibrhast,2021-06-19T00:17:36Z,- akibrhast submitted pull request review: [1780](https://github.com/hackforla/website/pull/1780#pullrequestreview-687777871) at 2021-06-18 05:17 PM PDT
akibrhast,2021-06-19T00:19:17Z,- akibrhast submitted pull request review: [1784](https://github.com/hackforla/website/pull/1784#pullrequestreview-687778067) at 2021-06-18 05:19 PM PDT
akibrhast,2021-06-19T00:20:30Z,- akibrhast submitted pull request review: [1783](https://github.com/hackforla/website/pull/1783#pullrequestreview-687778201) at 2021-06-18 05:20 PM PDT
akibrhast,2021-06-19T00:37:28Z,- akibrhast submitted pull request review: [1773](https://github.com/hackforla/website/pull/1773#pullrequestreview-687780034) at 2021-06-18 05:37 PM PDT
akibrhast,2021-06-19T01:21:34Z,- akibrhast commented on pull request: [1774](https://github.com/hackforla/website/pull/1774#issuecomment-864336336) at 2021-06-18 06:21 PM PDT
akibrhast,2021-06-19T01:31:09Z,- akibrhast commented on pull request: [1758](https://github.com/hackforla/website/pull/1758#issuecomment-864337232) at 2021-06-18 06:31 PM PDT
akibrhast,2021-06-19T01:33:27Z,- akibrhast pull request merged: [1758](https://github.com/hackforla/website/pull/1758#event-4911998774) at 2021-06-18 06:33 PM PDT
akibrhast,2021-06-19T02:05:27Z,- akibrhast submitted pull request review: [1471](https://github.com/hackforla/website/pull/1471#pullrequestreview-687786603) at 2021-06-18 07:05 PM PDT
akibrhast,2021-06-19T02:08:00Z,- akibrhast closed issue by PR 1471: [1390](https://github.com/hackforla/website/issues/1390#event-4912022826) at 2021-06-18 07:08 PM PDT
akibrhast,2021-06-19T02:12:58Z,- akibrhast submitted pull request review: [1785](https://github.com/hackforla/website/pull/1785#pullrequestreview-687787094) at 2021-06-18 07:12 PM PDT
akibrhast,2021-06-19T02:55:59Z,- akibrhast commented on issue: [1781](https://github.com/hackforla/website/issues/1781#issuecomment-864345684) at 2021-06-18 07:55 PM PDT
akibrhast,2021-06-19T02:56:06Z,- akibrhast closed issue as completed: [1781](https://github.com/hackforla/website/issues/1781#event-4912053560) at 2021-06-18 07:56 PM PDT
akibrhast,2021-06-19T02:57:36Z,- akibrhast commented on issue: [1673](https://github.com/hackforla/website/issues/1673#issuecomment-864345826) at 2021-06-18 07:57 PM PDT
akibrhast,2021-06-19T16:57:20Z,- akibrhast commented on issue: [1673](https://github.com/hackforla/website/issues/1673#issuecomment-864436023) at 2021-06-19 09:57 AM PDT
akibrhast,2021-06-19T16:57:20Z,- akibrhast closed issue as completed: [1673](https://github.com/hackforla/website/issues/1673#event-4912649118) at 2021-06-19 09:57 AM PDT
akibrhast,2021-06-19T17:17:13Z,- akibrhast commented on pull request: [1670](https://github.com/hackforla/website/pull/1670#issuecomment-864438377) at 2021-06-19 10:17 AM PDT
akibrhast,2021-06-19T19:02:08Z,- akibrhast commented on pull request: [1670](https://github.com/hackforla/website/pull/1670#issuecomment-864450362) at 2021-06-19 12:02 PM PDT
akibrhast,2021-06-20T14:01:25Z,- akibrhast closed issue by PR 1780: [1568](https://github.com/hackforla/website/issues/1568#event-4913441366) at 2021-06-20 07:01 AM PDT
akibrhast,2021-06-20T19:12:08Z,- akibrhast closed issue by PR 1784: [1586](https://github.com/hackforla/website/issues/1586#event-4913700547) at 2021-06-20 12:12 PM PDT
akibrhast,2021-06-21T16:01:15Z,- akibrhast submitted pull request review: [1774](https://github.com/hackforla/website/pull/1774#pullrequestreview-688615780) at 2021-06-21 09:01 AM PDT
akibrhast,2021-06-21T16:02:30Z,- akibrhast closed issue by PR 1774: [1610](https://github.com/hackforla/website/issues/1610#event-4917786185) at 2021-06-21 09:02 AM PDT
akibrhast,2021-06-21T16:03:43Z,- akibrhast submitted pull request review: [1775](https://github.com/hackforla/website/pull/1775#pullrequestreview-688620435) at 2021-06-21 09:03 AM PDT
akibrhast,2021-06-21T16:05:19Z,- akibrhast commented on pull request: [1670](https://github.com/hackforla/website/pull/1670#issuecomment-865158559) at 2021-06-21 09:05 AM PDT
akibrhast,2021-06-21T16:08:15Z,- akibrhast submitted pull request review: [1677](https://github.com/hackforla/website/pull/1677#pullrequestreview-688624919) at 2021-06-21 09:08 AM PDT
akibrhast,2021-06-21T16:26:29Z,- akibrhast submitted pull request review: [1677](https://github.com/hackforla/website/pull/1677#pullrequestreview-688642215) at 2021-06-21 09:26 AM PDT
akibrhast,2021-06-21T16:54:01Z,- akibrhast commented on pull request: [1732](https://github.com/hackforla/website/pull/1732#issuecomment-865192351) at 2021-06-21 09:54 AM PDT
akibrhast,2021-06-21T17:25:53Z,- akibrhast commented on issue: [1724](https://github.com/hackforla/website/issues/1724#issuecomment-865214070) at 2021-06-21 10:25 AM PDT
akibrhast,2021-06-22T05:31:57Z,- akibrhast commented on pull request: [1773](https://github.com/hackforla/website/pull/1773#issuecomment-865609740) at 2021-06-21 10:31 PM PDT
akibrhast,2021-06-22T05:32:09Z,- akibrhast reopened pull request: [1773](https://github.com/hackforla/website/pull/1773#event-4920428135) at 2021-06-21 10:32 PM PDT
akibrhast,2021-06-22T05:34:25Z,- akibrhast opened pull request: [1805](https://github.com/hackforla/website/pull/1805) at 2021-06-21 10:34 PM PDT
akibrhast,2021-06-22T05:40:26Z,- akibrhast pull request closed w/o merging: [1805](https://github.com/hackforla/website/pull/1805#event-4920452695) at 2021-06-21 10:40 PM PDT
akibrhast,2021-06-22T05:42:06Z,- akibrhast opened pull request: [1806](https://github.com/hackforla/website/pull/1806) at 2021-06-21 10:42 PM PDT
akibrhast,2021-06-22T05:54:31Z,- akibrhast pull request closed w/o merging: [1806](https://github.com/hackforla/website/pull/1806#event-4920494425) at 2021-06-21 10:54 PM PDT
akibrhast,2021-06-22T06:03:33Z,- akibrhast opened pull request: [1807](https://github.com/hackforla/website/pull/1807) at 2021-06-21 11:03 PM PDT
akibrhast,2021-06-22T06:05:39Z,- akibrhast pull request closed w/o merging: [1807](https://github.com/hackforla/website/pull/1807#event-4920531691) at 2021-06-21 11:05 PM PDT
akibrhast,2021-06-22T06:15:28Z,- akibrhast opened pull request: [1809](https://github.com/hackforla/website/pull/1809) at 2021-06-21 11:15 PM PDT
akibrhast,2021-06-22T06:16:58Z,- akibrhast pull request closed w/o merging: [1809](https://github.com/hackforla/website/pull/1809#event-4920573132) at 2021-06-21 11:16 PM PDT
akibrhast,2021-06-22T06:22:28Z,- akibrhast pull request closed w/o merging: [1809](https://github.com/hackforla/website/pull/1809#event-4920593366) at 2021-06-21 11:22 PM PDT
akibrhast,2021-06-22T06:24:42Z,- akibrhast opened pull request: [1810](https://github.com/hackforla/website/pull/1810) at 2021-06-21 11:24 PM PDT
akibrhast,2021-06-22T06:26:13Z,- akibrhast pull request closed w/o merging: [1810](https://github.com/hackforla/website/pull/1810#event-4920607145) at 2021-06-21 11:26 PM PDT
akibrhast,2021-06-22T13:45:31Z,- akibrhast closed issue by PR 1782: [1579](https://github.com/hackforla/website/issues/1579#event-4922870281) at 2021-06-22 06:45 AM PDT
akibrhast,2021-06-22T14:17:55Z,- akibrhast submitted pull request review: [1773](https://github.com/hackforla/website/pull/1773#pullrequestreview-689570458) at 2021-06-22 07:17 AM PDT
akibrhast,2021-06-22T14:22:48Z,- akibrhast submitted pull request review: [1773](https://github.com/hackforla/website/pull/1773#pullrequestreview-689576617) at 2021-06-22 07:22 AM PDT
akibrhast,2021-06-22T14:25:28Z,- akibrhast closed issue by PR 1783: [1576](https://github.com/hackforla/website/issues/1576#event-4923134105) at 2021-06-22 07:25 AM PDT
akibrhast,2021-06-22T14:45:58Z,- akibrhast opened pull request: [1815](https://github.com/hackforla/website/pull/1815) at 2021-06-22 07:45 AM PDT
akibrhast,2021-06-22T15:44:37Z,- akibrhast pull request closed w/o merging: [1815](https://github.com/hackforla/website/pull/1815#event-4923671537) at 2021-06-22 08:44 AM PDT
akibrhast,2021-06-23T04:52:06Z,- akibrhast commented on issue: [1787](https://github.com/hackforla/website/issues/1787#issuecomment-866519965) at 2021-06-22 09:52 PM PDT
akibrhast,2021-06-23T05:00:44Z,- akibrhast commented on issue: [1534](https://github.com/hackforla/website/issues/1534#issuecomment-866522854) at 2021-06-22 10:00 PM PDT
akibrhast,2021-06-23T05:02:42Z,- akibrhast commented on issue: [1445](https://github.com/hackforla/website/issues/1445#issuecomment-866523610) at 2021-06-22 10:02 PM PDT
akibrhast,2021-06-23T05:05:26Z,- akibrhast commented on issue: [1290](https://github.com/hackforla/website/issues/1290#issuecomment-866524814) at 2021-06-22 10:05 PM PDT
akibrhast,2021-06-23T05:05:27Z,- akibrhast closed issue as completed: [1290](https://github.com/hackforla/website/issues/1290#event-4926478912) at 2021-06-22 10:05 PM PDT
akibrhast,2021-06-23T05:07:10Z,- akibrhast commented on issue: [947](https://github.com/hackforla/website/issues/947#issuecomment-866525524) at 2021-06-22 10:07 PM PDT
akibrhast,2021-06-23T05:07:10Z,- akibrhast closed issue as completed: [947](https://github.com/hackforla/website/issues/947#event-4926483735) at 2021-06-22 10:07 PM PDT
akibrhast,2021-06-23T16:48:26Z,- akibrhast closed issue by PR 1804: [1575](https://github.com/hackforla/website/issues/1575#event-4930073227) at 2021-06-23 09:48 AM PDT
akibrhast,2021-06-23T16:49:07Z,- akibrhast closed issue by PR 1801: [1569](https://github.com/hackforla/website/issues/1569#event-4930076571) at 2021-06-23 09:49 AM PDT
akibrhast,2021-06-23T16:50:29Z,- akibrhast closed issue by PR 1799: [1693](https://github.com/hackforla/website/issues/1693#event-4930083293) at 2021-06-23 09:50 AM PDT
akibrhast,2021-06-23T16:51:05Z,- akibrhast closed issue by PR 1790: [1611](https://github.com/hackforla/website/issues/1611#event-4930086165) at 2021-06-23 09:51 AM PDT
akibrhast,2021-06-23T16:52:05Z,- akibrhast submitted pull request review: [1773](https://github.com/hackforla/website/pull/1773#pullrequestreview-690915710) at 2021-06-23 09:52 AM PDT
akibrhast,2021-06-23T16:58:38Z,- akibrhast closed issue by PR 1773: [1694](https://github.com/hackforla/website/issues/1694#event-4930122074) at 2021-06-23 09:58 AM PDT
akibrhast,2021-06-23T17:02:45Z,- akibrhast submitted pull request review: [1813](https://github.com/hackforla/website/pull/1813#pullrequestreview-690925925) at 2021-06-23 10:02 AM PDT
akibrhast,2021-06-23T17:02:58Z,- akibrhast closed issue by PR 1813: [1792](https://github.com/hackforla/website/issues/1792#event-4930143338) at 2021-06-23 10:02 AM PDT
akibrhast,2021-06-23T17:04:17Z,- akibrhast commented on pull request: [1677](https://github.com/hackforla/website/pull/1677#issuecomment-867009811) at 2021-06-23 10:04 AM PDT
akibrhast,2021-06-23T17:06:44Z,- akibrhast submitted pull request review: [1731](https://github.com/hackforla/website/pull/1731#pullrequestreview-690929572) at 2021-06-23 10:06 AM PDT
akibrhast,2021-06-23T17:06:50Z,- akibrhast closed issue by PR 1731: [1607](https://github.com/hackforla/website/issues/1607#event-4930163229) at 2021-06-23 10:06 AM PDT
akibrhast,2021-06-23T17:11:00Z,- akibrhast commented on pull request: [1732](https://github.com/hackforla/website/pull/1732#issuecomment-867014295) at 2021-06-23 10:11 AM PDT
akibrhast,2021-06-23T17:15:47Z,- akibrhast submitted pull request review: [1744](https://github.com/hackforla/website/pull/1744#pullrequestreview-690937758) at 2021-06-23 10:15 AM PDT
akibrhast,2021-06-24T15:16:36Z,- akibrhast commented on issue: [1787](https://github.com/hackforla/website/issues/1787#issuecomment-867723211) at 2021-06-24 08:16 AM PDT
akibrhast,2021-06-24T15:49:42Z,- akibrhast commented on issue: [1787](https://github.com/hackforla/website/issues/1787#issuecomment-867749610) at 2021-06-24 08:49 AM PDT
akibrhast,2021-06-24T15:55:02Z,- akibrhast commented on pull request: [1821](https://github.com/hackforla/website/pull/1821#issuecomment-867754859) at 2021-06-24 08:55 AM PDT
akibrhast,2021-06-24T15:55:10Z,- akibrhast closed issue by PR 1821: [1527](https://github.com/hackforla/website/issues/1527#event-4935479645) at 2021-06-24 08:55 AM PDT
akibrhast,2021-06-24T15:56:37Z,- akibrhast commented on pull request: [1814](https://github.com/hackforla/website/pull/1814#issuecomment-867756864) at 2021-06-24 08:56 AM PDT
akibrhast,2021-06-24T16:01:21Z,- akibrhast commented on pull request: [1775](https://github.com/hackforla/website/pull/1775#issuecomment-867760819) at 2021-06-24 09:01 AM PDT
akibrhast,2021-06-24T16:42:55Z,- akibrhast submitted pull request review: [1827](https://github.com/hackforla/website/pull/1827#pullrequestreview-691995686) at 2021-06-24 09:42 AM PDT
akibrhast,2021-06-24T16:42:59Z,- akibrhast closed issue by PR 1827: [1570](https://github.com/hackforla/website/issues/1570#event-4935728205) at 2021-06-24 09:42 AM PDT
akibrhast,2021-06-24T16:48:58Z,- akibrhast opened issue: [1828](https://github.com/hackforla/website/issues/1828) at 2021-06-24 09:48 AM PDT
akibrhast,2021-06-24T16:54:39Z,- akibrhast closed issue as completed: [1828](https://github.com/hackforla/website/issues/1828#event-4935780838) at 2021-06-24 09:54 AM PDT
akibrhast,2021-06-24T20:37:29Z,- akibrhast commented on issue: [1477](https://github.com/hackforla/website/issues/1477#issuecomment-867935448) at 2021-06-24 01:37 PM PDT
akibrhast,2021-06-25T02:52:50Z,- akibrhast commented on pull request: [1677](https://github.com/hackforla/website/pull/1677#issuecomment-868163831) at 2021-06-24 07:52 PM PDT
akibrhast,2021-06-25T04:23:36Z,- akibrhast commented on pull request: [1814](https://github.com/hackforla/website/pull/1814#issuecomment-868193336) at 2021-06-24 09:23 PM PDT
akibrhast,2021-06-27T18:48:23Z,- akibrhast submitted pull request review: [1814](https://github.com/hackforla/website/pull/1814#pullrequestreview-693444027) at 2021-06-27 11:48 AM PDT
akibrhast,2021-06-27T19:28:11Z,- akibrhast commented on pull request: [1732](https://github.com/hackforla/website/pull/1732#issuecomment-869213210) at 2021-06-27 12:28 PM PDT
akibrhast,2021-06-27T19:54:25Z,- akibrhast commented on issue: [1445](https://github.com/hackforla/website/issues/